{
  "type": "FeatureCollection",
  "features": [
    {
      "type": "Feature",
      "properties": {
        "NAME": "Cyprus",
        "ABBREVN": "Cyprus",
        "SUBJECTO": "Cyprus",
        "BORDERPRECISION": 1,
        "PARTOF": "Cyprus",
        "entity_id": "cyprus",
        "name_en": "Cyprus",
        "source": "historical-basemaps",
        "revision_saved_at": "2026-07-05T10:00:53.142Z"
      },
      "geometry": {
        "type": "MultiPolygon",
        "coordinates": [
          [
            [
              [
                33.78049758384968,
                35.20813711758318
              ],
              [
                33.77266601036335,
                35.12928351040544
              ],
              [
                33.92467406700398,
                34.95322760220232
              ],
              [
                33.79195693443562,
                34.95737036343279
              ],
              [
                33.7325773567989,
                34.908622347075365
              ],
              [
                33.68582061241413,
                34.934867464262865
              ],
              [
                33.53851226280476,
                34.94415625210466
              ],
              [
                33.48393538902546,
                34.79579123135271
              ],
              [
                33.131392511828196,
                34.6803356039113
              ],
              [
                32.95861724327351,
                34.6593395101613
              ],
              [
                32.91454604576374,
                34.635726534087084
              ],
              [
                32.91451552818562,
                34.541259371001146
              ],
              [
                32.81665709923054,
                34.53863867397966
              ],
              [
                32.784136805041086,
                34.625228487212084
              ],
              [
                32.60339263389851,
                34.61473425503435
              ],
              [
                32.357180628283274,
                34.6803356039113
              ],
              [
                32.27109054039265,
                34.71969565029802
              ],
              [
                32.270979914171946,
                34.81415518398943
              ],
              [
                32.19850066612507,
                34.861388765532396
              ],
              [
                32.143721613390696,
                35.04254492397966
              ],
              [
                32.18047622154499,
                35.058314882475756
              ],
              [
                32.23445800255085,
                35.01363333340349
              ],
              [
                32.30098632286335,
                35.016261659819506
              ],
              [
                32.48311522911335,
                35.15294226284685
              ],
              [
                32.59698394249226,
                35.15557440396013
              ],
              [
                32.744952234728586,
                35.11427267666521
              ],
              [
                32.779524836046946,
                35.15294226284685
              ],
              [
                32.81907180259968,
                35.28174551602068
              ],
              [
                32.79511168907429,
                35.36061056729021
              ],
              [
                33.07747939537312,
                35.31861075039568
              ],
              [
                33.37370971153523,
                35.30648001309099
              ],
              [
                33.53904250572468,
                35.33169516201677
              ],
              [
                33.90731719444538,
                35.436847292143725
              ],
              [
                34.21733764122273,
                35.573566042143725
              ],
              [
                34.45821288536335,
                35.64456137295427
              ],
              [
                34.24465468834187,
                35.51184424038591
              ],
              [
                34.04842666099812,
                35.40793188687029
              ],
              [
                33.78049758384968,
                35.20813711758318
              ]
            ]
          ]
        ]
      }
    },
    {
      "type": "Feature",
      "properties": {
        "NAME": "Norway",
        "ABBREVN": "Norway",
        "SUBJECTO": "Norway",
        "BORDERPRECISION": 1,
        "PARTOF": "Norway",
        "entity_id": "norway",
        "name_en": "Norway",
        "source": "historical-basemaps",
        "revision_saved_at": "2026-07-05T10:00:53.142Z"
      },
      "geometry": {
        "type": "MultiPolygon",
        "coordinates": [
          [
            [
              [
                -24.218850102917898,
                65.5337406026906
              ],
              [
                -24.161536183850515,
                65.60662420864763
              ],
              [
                -23.972643819348562,
                65.68710669155779
              ],
              [
                -23.57052132178997,
                65.6805683004445
              ],
              [
                -23.266970601575125,
                65.72486456509294
              ],
              [
                -23.426138844983328,
                65.82667120571794
              ],
              [
                -23.608294454114187,
                65.97963293667497
              ],
              [
                -23.46556946326946,
                66.13343390103044
              ],
              [
                -23.341095891492117,
                66.13366278286638
              ],
              [
                -22.910920110242117,
                65.9444080221242
              ],
              [
                -22.609297719495046,
                65.92308386440935
              ],
              [
                -22.474139180676687,
                65.99637945767107
              ],
              [
                -22.560055699841726,
                66.1131854879445
              ],
              [
                -22.841093984143484,
                66.28103979702654
              ],
              [
                -22.676369634167898,
                66.3913074361867
              ],
              [
                -22.20981880714153,
                66.28955420132341
              ],
              [
                -21.77907272865032,
                66.2537341939992
              ],
              [
                -21.44324966956829,
                66.12991675015154
              ],
              [
                -21.242489781872976,
                65.88181646938982
              ],
              [
                -21.29616829444622,
                65.6994129049367
              ],
              [
                -21.49471565772747,
                65.56796606655779
              ],
              [
                -21.079720464246023,
                65.20544775601091
              ],
              [
                -20.830618825452078,
                65.36559637661638
              ],
              [
                -20.672482457654226,
                65.42404516812029
              ],
              [
                -20.388926473157156,
                65.47545202847185
              ],
              [
                -20.168446507947195,
                65.55589636440935
              ],
              [
                -20.14127632667278,
                65.65056952114763
              ],
              [
                -20.217385259167898,
                66.00059851284685
              ],
              [
                -19.973305669324148,
                66.11072882290544
              ],
              [
                -19.747664418713796,
                65.90652807827654
              ],
              [
                -19.55601021339153,
                65.7682605611867
              ],
              [
                -19.335995641247976,
                65.67393072720232
              ],
              [
                -19.23918243934368,
                65.66683539028826
              ],
              [
                -19.155894246594656,
                65.72528418179216
              ],
              [
                -19.27452942420696,
                65.92930182095232
              ],
              [
                -19.165436711804617,
                66.00257452603044
              ],
              [
                -19.044123616711843,
                66.01741369839372
              ],
              [
                -18.676299062268484,
                66.09119757290544
              ],
              [
                -18.36903282691692,
                65.89450415249529
              ],
              [
                -18.127926793591726,
                65.78552588101091
              ],
              [
                -17.88376900245403,
                65.75682409878435
              ],
              [
                -17.861041036145437,
                65.8370853292531
              ],
              [
                -18.022482839123953,
                66.07779272671404
              ],
              [
                -17.569674458997,
                66.0128665792531
              ],
              [
                -16.922141042248953,
                65.97755011196794
              ],
              [
                -16.56798645545696,
                66.0293460714406
              ],
              [
                -16.37568565894817,
                66.13209112759294
              ],
              [
                -16.385222402112234,
                66.4544177877492
              ],
              [
                -15.859886136548269,
                66.41871985073747
              ],
              [
                -15.573985066907156,
                66.20676764126482
              ],
              [
                -15.070752110974539,
                66.06138952847185
              ],
              [
                -14.763337102429617,
                66.05466040249529
              ],
              [
                -14.640680280225027,
                65.94529303188982
              ],
              [
                -14.754071202771414,
                65.6970706808156
              ],
              [
                -14.400113072888601,
                65.56669195767107
              ],
              [
                -13.646900144116628,
                65.49534186001482
              ],
              [
                -13.589788404004324,
                65.43004187222185
              ],
              [
                -13.525573697583425,
                65.18334540005388
              ],
              [
                -13.557373967663992,
                65.00938757534685
              ],
              [
                -13.625843968884695,
                64.89389380093279
              ],
              [
                -13.694187131421316,
                64.77862890835466
              ],
              [
                -13.893424954907644,
                64.72070654507341
              ],
              [
                -14.26032158424114,
                64.71282538052263
              ],
              [
                -14.348122563855398,
                64.66953619595232
              ],
              [
                -14.365896192090261,
                64.47555883999529
              ],
              [
                -14.597537961499441,
                64.26713141079607
              ],
              [
                -14.82120033790325,
                64.19502600308122
              ],
              [
                -15.076808896558035,
                64.20890387173357
              ],
              [
                -15.266535726086843,
                64.28020819302263
              ],
              [
                -15.634139981763113,
                64.05748327847185
              ],
              [
                -15.876496282117117,
                63.99265631313982
              ],
              [
                -16.53383919288372,
                63.78413351650896
              ],
              [
                -16.917538609997976,
                63.73341330166521
              ],
              [
                -17.244381871716726,
                63.7328258382863
              ],
              [
                -17.591462102429617,
                63.68934210415544
              ],
              [
                -17.94410416175579,
                63.4248424398488
              ],
              [
                -18.15692230750774,
                63.36746176357927
              ],
              [
                -18.641863790051687,
                63.323817812163256
              ],
              [
                -18.960791554944265,
                63.337462984282396
              ],
              [
                -19.553091969983328,
                63.41468008633318
              ],
              [
                -19.82674690772747,
                63.47830160732927
              ],
              [
                -20.403946843640554,
                63.69834478970232
              ],
              [
                -20.87988182594036,
                63.74029120083513
              ],
              [
                -21.079123464123953,
                63.7113414632863
              ],
              [
                -21.54750534583782,
                63.71762045498552
              ],
              [
                -22.37291046668743,
                63.773185335356615
              ],
              [
                -22.506588902966726,
                63.86582144375505
              ],
              [
                -22.311337438122976,
                63.951984010893725
              ],
              [
                -21.80411049415325,
                64.11036261196794
              ],
              [
                -21.488474813000906,
                64.37614019985857
              ],
              [
                -21.856713262097585,
                64.3826175558156
              ],
              [
                -22.086178746716726,
                64.43959387417497
              ],
              [
                -22.27860542823528,
                64.6188007223195
              ],
              [
                -22.3924226432011,
                64.66170080776872
              ],
              [
                -22.55358978797649,
                64.62545355435076
              ],
              [
                -23.257531133191335,
                64.57384070034685
              ],
              [
                -23.50830742408489,
                64.55902441616716
              ],
              [
                -23.674576726453054,
                64.65931280728044
              ],
              [
                -23.611166921155203,
                64.74570044155779
              ],
              [
                -23.43667122413372,
                64.80359228726091
              ],
              [
                -23.13564774085735,
                64.8473392355031
              ],
              [
                -22.77842232276653,
                64.85519751187029
              ],
              [
                -22.450291600720632,
                64.90623053188982
              ],
              [
                -21.97829147865032,
                64.95033606167497
              ],
              [
                -21.809164968030203,
                65.03735693569841
              ],
              [
                -21.72894951392864,
                65.18245276089372
              ],
              [
                -21.793759313122976,
                65.29845007534685
              ],
              [
                -21.954796758191335,
                65.37804754849138
              ],
              [
                -22.146489110486257,
                65.38492163296404
              ],
              [
                -22.36159225990032,
                65.44994696255388
              ],
              [
                -22.81372162391399,
                65.47090490933122
              ],
              [
                -23.18323990394329,
                65.4265857564992
              ],
              [
                -23.374228444592703,
                65.3535877096242
              ],
              [
                -23.67845245887493,
                65.3166995870656
              ],
              [
                -24.146887746350515,
                65.43931921597185
              ],
              [
                -24.218850102917898,
                65.5337406026906
              ]
            ]
          ],
          [
            [
              [
                11.178854975207102,
                59.07028921719255
              ],
              [
                11.112050089342844,
                59.16510733242693
              ],
              [
                10.82919028709675,
                59.10584219570818
              ],
              [
                10.768937143786204,
                59.11769064541521
              ],
              [
                10.65680602501179,
                59.22439535732927
              ],
              [
                10.549271616442454,
                59.37863119717302
              ],
              [
                10.633557352526438,
                59.44985159512224
              ],
              [
                10.569742235644114,
                59.580504976469896
              ],
              [
                10.40705779503132,
                59.49734839077654
              ],
              [
                10.378625902636301,
                59.3667484151906
              ],
              [
                10.429588350756418,
                59.25997122402849
              ],
              [
                10.363341364367258,
                59.21253546353044
              ],
              [
                10.211065325243723,
                59.07028921719255
              ],
              [
                10.172335657580149,
                58.987365328032396
              ],
              [
                9.937624010546457,
                58.940002046782396
              ],
              [
                9.697579416735422,
                58.99921759243669
              ],
              [
                9.346200022204172,
                58.84530981655779
              ],
              [
                9.371620211107981,
                58.78614767666521
              ],
              [
                9.14589408348347,
                58.656066499907396
              ],
              [
                8.921734842760813,
                58.5378909933156
              ],
              [
                8.175240549547922,
                58.1720462667531
              ],
              [
                8.153747591479075,
                58.08954580898943
              ],
              [
                8.030196222765696,
                58.065978609282396
              ],
              [
                7.908431086046946,
                58.065978609282396
              ],
              [
                6.958641085131418,
                57.97173651333513
              ],
              [
                6.87418130348469,
                58.07775457974138
              ],
              [
                6.725660833819163,
                58.13668783779802
              ],
              [
                6.643655333025706,
                58.042411409575365
              ],
              [
                6.479116472704661,
                58.08954580898943
              ],
              [
                6.651709589464915,
                58.1720462667531
              ],
              [
                6.231332334978831,
                58.27817877407732
              ],
              [
                5.873840364916575,
                58.431598268706225
              ],
              [
                5.615484270556223,
                58.45521505947771
              ],
              [
                5.399735006792795,
                58.715175234038256
              ],
              [
                5.53099921654011,
                58.88080938931169
              ],
              [
                5.474647554857981,
                58.97552832241716
              ],
              [
                5.627488169176829,
                58.96367987271013
              ],
              [
                5.665794405443918,
                58.821647249419115
              ],
              [
                5.793662104113352,
                58.91632422085466
              ],
              [
                6.093553575976145,
                58.79797705288591
              ],
              [
                5.983710798723948,
                58.88672217007341
              ],
              [
                6.041155848009836,
                58.951842867094896
              ],
              [
                6.266145262224924,
                58.993285738188646
              ],
              [
                6.050548109514963,
                58.981444917876146
              ],
              [
                5.940400633318674,
                58.93407782192888
              ],
              [
                5.822302374346506,
                59.01698263760271
              ],
              [
                5.77185729454304,
                59.076217256743334
              ],
              [
                6.032578501208079,
                59.200667940337084
              ],
              [
                6.237526449663889,
                59.28369482632341
              ],
              [
                6.020303759081614,
                59.25403555508318
              ],
              [
                5.87749579857136,
                59.31335028286638
              ],
              [
                6.076250586016428,
                59.420165621001146
              ],
              [
                6.113430532915842,
                59.52704580898943
              ],
              [
                5.815908941729319,
                59.31335028286638
              ],
              [
                5.799501928789866,
                59.43203695889177
              ],
              [
                5.680468592150461,
                59.50923117275896
              ],
              [
                5.682913813097727,
                59.414229952055834
              ],
              [
                5.717149290545237,
                59.3370738851613
              ],
              [
                5.528521570666086,
                59.26589926357927
              ],
              [
                5.343843969805491,
                59.26589926357927
              ],
              [
                5.350331816180002,
                59.39049109097185
              ],
              [
                5.282588991625559,
                59.27183111782732
              ],
              [
                5.176648649676096,
                59.30741461392107
              ],
              [
                5.086604151232493,
                59.50923117275896
              ],
              [
                5.382628950579416,
                59.71127279873552
              ],
              [
                5.418557676775706,
                59.51516684170427
              ],
              [
                5.44930747459675,
                59.6577640401906
              ],
              [
                5.646168264849436,
                59.586452089507006
              ],
              [
                5.741123232348215,
                59.628043733794115
              ],
              [
                5.666552576525461,
                59.675597749907396
              ],
              [
                5.969901594622385,
                59.71127279873552
              ],
              [
                6.185389551623118,
                59.82426031704607
              ],
              [
                5.910496267779124,
                59.752894960600756
              ],
              [
                5.694047483904612,
                59.752894960600756
              ],
              [
                5.543337854845774,
                59.82426031704607
              ],
              [
                5.631734404070627,
                59.88376577969255
              ],
              [
                5.805763277514231,
                59.94925268765154
              ],
              [
                5.894064459307444,
                60.16126211758318
              ],
              [
                5.52461961220051,
                60.167525850493334
              ],
              [
                5.279052290423166,
                60.12533529873552
              ],
              [
                5.096230539782297,
                60.26413305874529
              ],
              [
                5.261776003344309,
                60.327132784087084
              ],
              [
                5.551142248614084,
                60.50888785000505
              ],
              [
                5.455831560595286,
                60.592406831938646
              ],
              [
                5.255226644976389,
                60.56414373989763
              ],
              [
                5.075472387774241,
                60.591693483549975
              ],
              [
                4.980375322802317,
                60.68924292202654
              ],
              [
                5.108526739580881,
                60.90610846157732
              ],
              [
                5.387047800524485,
                61.02558477993669
              ],
              [
                5.119612726671946,
                61.13709982510271
              ],
              [
                5.018313440783274,
                61.30513723965349
              ],
              [
                5.14095262001301,
                61.38955649014177
              ],
              [
                5.101146254046213,
                61.69858893032732
              ],
              [
                5.148983511431467,
                61.7408824789113
              ],
              [
                5.416030916674387,
                61.76953848477068
              ],
              [
                5.592420134051096,
                61.78969534512224
              ],
              [
                5.797088179095041,
                61.76991232510271
              ],
              [
                5.833900007708323,
                61.81940802212419
              ],
              [
                5.71946767280842,
                61.87954672451677
              ],
              [
                5.528184446795237,
                61.93255194302263
              ],
              [
                5.425686392290842,
                62.009261690337084
              ],
              [
                5.469670805437815,
                62.09369619961443
              ],
              [
                5.564593824846995,
                62.15030249233904
              ],
              [
                5.823631319506418,
                62.17901953335466
              ],
              [
                6.05348924110676,
                62.33480032559099
              ],
              [
                6.30839065025593,
                62.285827242094896
              ],
              [
                6.532513651354563,
                62.33569677944841
              ],
              [
                6.612958940966379,
                62.58333548184099
              ],
              [
                6.988682779772532,
                62.54157217617693
              ],
              [
                7.289257082445872,
                62.48556479092302
              ],
              [
                7.546737703783762,
                62.59925421353044
              ],
              [
                7.101563486559641,
                62.704642854887865
              ],
              [
                6.981860193712961,
                62.84614142056169
              ],
              [
                7.088180098040354,
                62.91019781704607
              ],
              [
                7.606488260729563,
                62.90405615444841
              ],
              [
                7.989161524279368,
                62.94026907559099
              ],
              [
                8.231293711169016,
                62.84140738125505
              ],
              [
                8.257966074450266,
                63.05431707974138
              ],
              [
                8.472289118273508,
                63.17551764126482
              ],
              [
                8.605903658373606,
                63.32509573574724
              ],
              [
                8.95719722221638,
                63.40404089565935
              ],
              [
                9.154221567614329,
                63.3190189230031
              ],
              [
                9.216067347033274,
                63.283561311919115
              ],
              [
                9.44089797447468,
                63.497523866850756
              ],
              [
                9.832105669482004,
                63.683620058257006
              ],
              [
                9.870058092577707,
                63.87643393154802
              ],
              [
                10.066159281237375,
                64.05550726528826
              ],
              [
                10.739846262438547,
                64.38617285366716
              ],
              [
                10.890596422655832,
                64.47251471157732
              ],
              [
                10.996618303759348,
                64.49424322720232
              ],
              [
                11.213500055773508,
                64.41573675747576
              ],
              [
                11.364055666430247,
                64.41601904507341
              ],
              [
                11.507721933825266,
                64.51671942349138
              ],
              [
                11.406536135180247,
                64.61703833218279
              ],
              [
                11.469941172106516,
                64.67464026089372
              ],
              [
                11.68972781608845,
                64.77565344448747
              ],
              [
                11.895566973192942,
                64.91273077603044
              ],
              [
                12.11214164207722,
                65.12991675015154
              ],
              [
                12.22221187065388,
                65.1011463033742
              ],
              [
                12.526453051073801,
                65.10895117397966
              ],
              [
                12.496170076830637,
                65.3844714986867
              ],
              [
                12.284087213976633,
                65.4348865377492
              ],
              [
                12.479218515856516,
                65.61703070278826
              ],
              [
                12.709057840807688,
                65.90887793179216
              ],
              [
                13.087389025194895,
                65.88041266079607
              ],
              [
                13.108799013598215,
                66.0337406026906
              ],
              [
                13.15190700004841,
                66.13612707729997
              ],
              [
                13.581009897692454,
                66.18811377163591
              ],
              [
                13.4028015465572,
                66.34881933804216
              ],
              [
                13.255395922167551,
                66.39254339810076
              ],
              [
                13.168647798998606,
                66.45833929653826
              ],
              [
                13.242076906664622,
                66.5685306417531
              ],
              [
                13.38319304893757,
                66.67895086880388
              ],
              [
                13.592026743395579,
                66.65732153530779
              ],
              [
                13.991646799547922,
                66.68745764370622
              ],
              [
                13.747189554674875,
                66.92240484829607
              ],
              [
                13.859066996081125,
                66.95944555874529
              ],
              [
                14.05473903129841,
                66.9745593893117
              ],
              [
                14.373078379137766,
                67.09309729214372
              ],
              [
                14.639268908007395,
                67.12311133022966
              ],
              [
                14.777660402758372,
                67.21653326626482
              ],
              [
                14.616473230822336,
                67.2452655660695
              ],
              [
                14.569208178026926,
                67.32934149380388
              ],
              [
                14.699147257311594,
                67.37438543911638
              ],
              [
                14.976157221300852,
                67.52293738003435
              ],
              [
                15.226662668688547,
                67.50855597134294
              ],
              [
                15.384503397448313,
                67.46444281216326
              ],
              [
                15.579943689806711,
                67.58331640835466
              ],
              [
                15.745667490465891,
                67.59729345913591
              ],
              [
                15.761817965014231,
                67.67628821011247
              ],
              [
                15.5722351403072,
                67.82069738979997
              ],
              [
                15.85421470115925,
                67.92523535366716
              ],
              [
                15.919741663439524,
                68.04896887417497
              ],
              [
                16.071057352526438,
                68.04467352505388
              ],
              [
                16.23272803734089,
                67.91109045620622
              ],
              [
                16.41161445091511,
                67.87424811001482
              ],
              [
                16.64854720543171,
                68.04574926968279
              ],
              [
                16.521903070910227,
                68.34090002651872
              ],
              [
                16.719140085680735,
                68.31135901089372
              ],
              [
                17.033274683459055,
                68.33763464565935
              ],
              [
                17.126420053942454,
                68.41608008022966
              ],
              [
                16.85475638817097,
                68.55778082485857
              ],
              [
                17.03973487327839,
                68.65852697964372
              ],
              [
                17.40691474388386,
                68.77154120083513
              ],
              [
                17.44891456077839,
                68.88699682827654
              ],
              [
                17.56586364219929,
                68.97436865444841
              ],
              [
                17.89471343467976,
                69.03507574673357
              ],
              [
                17.92814734886433,
                69.0050769674367
              ],
              [
                18.051545176012766,
                69.027858339507
              ],
              [
                18.097353968127024,
                69.05800207729997
              ],
              [
                18.319052729113352,
                69.35937842007341
              ],
              [
                18.553240808947336,
                69.2468753683156
              ],
              [
                18.984845194323313,
                69.31544073696794
              ],
              [
                19.170155558092844,
                69.25552710171404
              ],
              [
                19.28917220543171,
                69.21058996792497
              ],
              [
                19.579979929430735,
                69.1810565816945
              ],
              [
                19.82121375511433,
                69.36973150845232
              ],
              [
                18.95870688865925,
                68.29369696255388
              ],
              [
                18.40022206484757,
                67.23493152447254
              ],
              [
                18.53403073863764,
                66.43207948173215
              ],
              [
                17.32975267452702,
                64.82637539625131
              ],
              [
                17.731178695897224,
                64.55875804867117
              ],
              [
                17.260903495737743,
                64.20605164855155
              ],
              [
                16.66070930557667,
                63.75590600593075
              ],
              [
                15.049652873144248,
                63.52575508701183
              ],
              [
                13.154899574856213,
                62.024227120754574
              ],
              [
                12.791736635668528,
                61.329948030669115
              ],
              [
                12.5973816246822,
                61.02862127896013
              ],
              [
                12.17403891990925,
                60.956405245024584
              ],
              [
                12.431030306322825,
                60.625846468169115
              ],
              [
                12.547958406908762,
                60.43387182827654
              ],
              [
                12.435860666735422,
                60.27809866543474
              ],
              [
                12.422772440417063,
                60.03877981777849
              ],
              [
                12.487895457193446,
                58.56291949268917
              ],
              [
                11.736376187990079,
                57.69820870971917
              ],
              [
                11.609838518603098,
                57.806945406157396
              ],
              [
                11.709144625170481,
                58.024737917143725
              ],
              [
                11.80188659141804,
                58.17793997402849
              ],
              [
                11.613860163195383,
                58.24734839077654
              ],
              [
                11.431094202502024,
                58.20152624722185
              ],
              [
                11.406709703905832,
                58.33127173062029
              ],
              [
                11.221358332140696,
                58.30832251187029
              ],
              [
                11.140391382677805,
                58.85121878262224
              ],
              [
                11.039242777331125,
                58.91039618130388
              ],
              [
                11.178854975207102,
                59.07028921719255
              ]
            ]
          ],
          [
            [
              [
                13.252219233019602,
                79.8007312643117
              ],
              [
                13.282957109911692,
                79.487086855132
              ],
              [
                13.396730455858957,
                79.43371161099138
              ],
              [
                14.15889171074177,
                79.36382635708513
              ],
              [
                14.258088144762766,
                79.53364904995622
              ],
              [
                14.316590342028391,
                79.72191961880388
              ],
              [
                14.574694666369211,
                79.78525885220232
              ],
              [
                14.810112032397043,
                79.80369146938982
              ],
              [
                15.23718932579304,
                79.5891834127492
              ],
              [
                15.774143251879465,
                79.24228247280779
              ],
              [
                16.133173975451243,
                79.13635595913591
              ],
              [
                16.388812098009836,
                79.23457678433122
              ],
              [
                16.289153131945383,
                79.36790808315935
              ],
              [
                16.08195784996296,
                79.52817877407732
              ],
              [
                15.935030970080149,
                79.74293860073747
              ],
              [
                15.916598352892649,
                79.84177740688982
              ],
              [
                16.326283487780344,
                80.02513464565935
              ],
              [
                16.77664664696003,
                79.97855719204607
              ],
              [
                16.99532798240925,
                79.89783819790544
              ],
              [
                17.570580515368235,
                79.8899417745656
              ],
              [
                17.834054026110422,
                79.80945166226091
              ],
              [
                17.798193964464915,
                79.62093695278826
              ],
              [
                17.722178492052805,
                79.4866443502492
              ],
              [
                17.769005808336985,
                79.41530188198747
              ],
              [
                18.015986475451243,
                79.36228521938982
              ],
              [
                18.350546869738352,
                79.51463659878435
              ],
              [
                18.5487394661739,
                79.5597186910695
              ],
              [
                18.8464632363155,
                79.38169439907732
              ],
              [
                19.151581797106516,
                79.23094519253435
              ],
              [
                19.504874262316477,
                79.16055639858904
              ],
              [
                19.93185141990925,
                79.10815008755388
              ],
              [
                20.684187921984446,
                78.91487463589372
              ],
              [
                20.90809539268757,
                78.80939062710466
              ],
              [
                20.321175608141672,
                78.6849857198781
              ],
              [
                19.429148706896555,
                78.58662756558122
              ],
              [
                19.115822824938547,
                78.45454748745622
              ],
              [
                18.7867765755489,
                77.93978460903826
              ],
              [
                18.388615641100657,
                77.54162176724138
              ],
              [
                17.829443964464915,
                77.48894842739763
              ],
              [
                17.484860453112375,
                77.24806555386247
              ],
              [
                17.27989295433308,
                76.9829593526906
              ],
              [
                17.266999277575266,
                76.81286200161638
              ],
              [
                16.912959131701243,
                76.71886786099138
              ],
              [
                16.662911447985422,
                76.72687109585466
              ],
              [
                15.946103128893625,
                76.88682135220232
              ],
              [
                15.098876032336008,
                77.11526831265154
              ],
              [
                14.484577211840403,
                77.37091406460466
              ],
              [
                14.777924570544016,
                77.53477057095232
              ],
              [
                15.482050928576243,
                77.55328711147966
              ],
              [
                16.286809000475657,
                77.61515387173357
              ],
              [
                16.71155456016804,
                77.78861578579607
              ],
              [
                16.418047937853586,
                77.90059240933122
              ],
              [
                15.598077806933176,
                77.83839758511247
              ],
              [
                14.893422159655344,
                77.78515204067888
              ],
              [
                14.131029161913645,
                77.7664066183156
              ],
              [
                13.905090364916575,
                77.9999042379445
              ],
              [
                14.336516413195383,
                78.02679022427263
              ],
              [
                14.953421625597727,
                78.12359198208513
              ],
              [
                15.920889887316477,
                78.26488073940935
              ],
              [
                16.617047342760813,
                78.46726568813982
              ],
              [
                15.480342897875559,
                78.64941748257341
              ],
              [
                15.083908113940012,
                78.78065069790544
              ],
              [
                14.819029840929758,
                78.71849402065935
              ],
              [
                14.35282710502888,
                78.42791327114763
              ],
              [
                13.871756586535227,
                78.29587896938982
              ],
              [
                13.618432077868235,
                78.26922949429216
              ],
              [
                13.062086138232004,
                78.34677466030779
              ],
              [
                12.910100969774973,
                78.42518194790544
              ],
              [
                12.437473330004465,
                78.59088476772966
              ],
              [
                12.074569735033762,
                78.69565161343279
              ],
              [
                11.760330233080637,
                78.88018377896013
              ],
              [
                12.524833712084543,
                79.05856665249529
              ],
              [
                12.156988176806223,
                79.31544836636247
              ],
              [
                11.545166048510325,
                79.1720233785695
              ],
              [
                11.33522513817097,
                79.20714148159685
              ],
              [
                10.919441256029856,
                79.54516943569841
              ],
              [
                11.284340891344797,
                79.70714148159685
              ],
              [
                11.516539606554758,
                79.71653326626482
              ],
              [
                12.00031188438679,
                79.77136572476091
              ],
              [
                12.45769313286091,
                79.75425299282732
              ],
              [
                12.717382463915598,
                79.78171118374529
              ],
              [
                13.252219233019602,
                79.8007312643117
              ]
            ]
          ],
          [
            [
              [
                21.970780405504954,
                79.78285559292497
              ],
              [
                21.252636942370188,
                79.78903540249529
              ],
              [
                20.34421065758015,
                79.79628332729997
              ],
              [
                19.561673197253,
                79.76781805630388
              ],
              [
                19.21806434105183,
                79.74022253628435
              ],
              [
                18.3305940956905,
                79.88236578579607
              ],
              [
                18.695826563341868,
                80.08740576382341
              ],
              [
                19.067618402941477,
                80.16498144741716
              ],
              [
                19.398766550524485,
                80.36864813442888
              ],
              [
                19.915396723253977,
                80.63342627163591
              ],
              [
                20.524457010729563,
                80.32244452114763
              ],
              [
                20.973664316637766,
                80.27496679897966
              ],
              [
                21.47587111900593,
                80.314723573882
              ],
              [
                21.881182703478586,
                80.2768054830617
              ],
              [
                22.19769957969929,
                80.12329443569841
              ],
              [
                22.587399515612375,
                80.2686038839406
              ],
              [
                22.826014551623118,
                80.47298773403826
              ],
              [
                23.216382059557688,
                80.61079748745622
              ],
              [
                23.076764139635813,
                80.24058874722185
              ],
              [
                23.115408930285227,
                80.0963397848195
              ],
              [
                23.498261484606516,
                80.0971179830617
              ],
              [
                23.944243463976633,
                80.31975897427263
              ],
              [
                24.42143538902546,
                80.43727453823747
              ],
              [
                24.782862696154368,
                80.379664980132
              ],
              [
                25.03397658775593,
                80.16746863003435
              ],
              [
                25.351296457751047,
                80.14890631313982
              ],
              [
                26.254410776598704,
                80.19886358853044
              ],
              [
                26.94861510704304,
                80.11370428677263
              ],
              [
                27.196795496447336,
                79.94435461636247
              ],
              [
                26.968630823595774,
                79.85386236782732
              ],
              [
                26.066958460314524,
                79.57410009976091
              ],
              [
                25.336686167223704,
                79.40301092739763
              ],
              [
                24.855160746081125,
                79.37533911343279
              ],
              [
                24.416337046129954,
                79.31215246792497
              ],
              [
                23.820517572863352,
                79.14745672817888
              ],
              [
                20.998293909533274,
                79.19108160610857
              ],
              [
                20.98332503746296,
                79.36089666958513
              ],
              [
                21.65486625145222,
                79.4780994283742
              ],
              [
                21.970780405504954,
                79.78285559292497
              ]
            ]
          ]
        ]
      }
    },
    {
      "type": "Feature",
      "properties": {
        "NAME": "Portugal",
        "ABBREVN": "Portugal",
        "SUBJECTO": "Portugal",
        "BORDERPRECISION": 1,
        "PARTOF": "Portugal",
        "entity_id": "portugal",
        "name_en": "Portugal",
        "source": "historical-basemaps",
        "revision_saved_at": "2026-07-05T10:00:53.142Z"
      },
      "geometry": {
        "type": "MultiPolygon",
        "coordinates": [
          [
            [
              [
                -7.491503682629812,
                37.208156191069506
              ],
              [
                -7.603436437146414,
                37.16297873135271
              ],
              [
                -7.83604237128948,
                37.032252870757006
              ],
              [
                -8.033637967602957,
                37.008788667876146
              ],
              [
                -8.280239072339285,
                37.088580690581225
              ],
              [
                -8.541073766247976,
                37.088580690581225
              ],
              [
                -8.66705986549114,
                37.12144049282732
              ],
              [
                -8.990849462048757,
                36.990008913237475
              ],
              [
                -9.016643491284597,
                37.06980093594255
              ],
              [
                -8.84151169349407,
                37.525146089751146
              ],
              [
                -8.851028409497488,
                37.910182558257006
              ],
              [
                -8.93278595496868,
                37.9618411886281
              ],
              [
                -8.822993245618093,
                38.206073366362475
              ],
              [
                -8.847303357617605,
                38.384566866118334
              ],
              [
                -8.78892036964153,
                38.43598135586443
              ],
              [
                -8.853651967541921,
                38.49964102383318
              ],
              [
                -9.022322621838796,
                38.46102102871599
              ],
              [
                -9.236570325391043,
                38.41744955654802
              ],
              [
                -9.285158124463308,
                38.61946829434099
              ],
              [
                -9.069152799145925,
                38.64295920010271
              ],
              [
                -8.941892591016043,
                38.74191626187029
              ],
              [
                -8.960826840893972,
                38.81846197720232
              ],
              [
                -9.04084965278362,
                38.92018087979021
              ],
              [
                -9.175754514233816,
                38.732230745512865
              ],
              [
                -9.361637082593191,
                38.67114599819841
              ],
              [
                -9.522397008435476,
                38.68993719692888
              ],
              [
                -9.54900738288616,
                38.77451666470232
              ],
              [
                -9.459762540356863,
                38.95307882900896
              ],
              [
                -9.397706952588308,
                39.23036154385271
              ],
              [
                -9.415269818799246,
                39.36667593594255
              ],
              [
                -9.299269643323171,
                39.41773565884294
              ],
              [
                -9.117922750012625,
                39.644034944731615
              ],
              [
                -8.915585484997976,
                40.138148866850756
              ],
              [
                -8.969669309155691,
                40.19001730557146
              ],
              [
                -8.694069829480398,
                40.992171846587084
              ],
              [
                -8.851777997510183,
                41.407828890044115
              ],
              [
                -8.854754415051687,
                41.5968509542531
              ],
              [
                -8.92073532630657,
                41.767020784575365
              ],
              [
                -8.806055036084402,
                41.889178835112475
              ],
              [
                -8.405047383801687,
                42.002135835844896
              ],
              [
                -8.157261338727224,
                42.08703955288591
              ],
              [
                -7.918560948865164,
                41.88916739102068
              ],
              [
                -7.098435845868337,
                41.86795385952654
              ],
              [
                -6.859518495099294,
                41.9849124776906
              ],
              [
                -6.70870443870281,
                41.96004446621599
              ],
              [
                -6.58607956458782,
                41.85792120571794
              ],
              [
                -6.518426862256277,
                41.74909933682146
              ],
              [
                -6.139497724072683,
                41.52643927212419
              ],
              [
                -6.111537900464285,
                41.41746100063982
              ],
              [
                -6.241148915784109,
                41.320479952055834
              ],
              [
                -6.796627965466726,
                41.092826448637865
              ],
              [
                -6.834448781506765,
                41.06053503628435
              ],
              [
                -6.857170548932302,
                40.86157950039568
              ],
              [
                -6.824864831464041,
                40.65656622524919
              ],
              [
                -6.884172883527029,
                40.214034639555834
              ],
              [
                -6.85867592384075,
                39.791923128325365
              ],
              [
                -6.878323045270193,
                39.70239599819841
              ],
              [
                -7.084203687207449,
                39.59907492275896
              ],
              [
                -7.301257100598562,
                39.57871206875505
              ],
              [
                -7.430998769299734,
                39.52051504727068
              ],
              [
                -7.211435761944998,
                39.29820593472185
              ],
              [
                -7.00687452842449,
                39.05031546230974
              ],
              [
                -6.933383431927908,
                38.961349092680834
              ],
              [
                -7.089424577252615,
                38.79450186367693
              ],
              [
                -7.317340817944753,
                38.499625765044115
              ],
              [
                -7.393876519696462,
                38.29498633022966
              ],
              [
                -7.028099027173269,
                38.239581667143725
              ],
              [
                -6.844775167004812,
                38.100211702544115
              ],
              [
                -7.242514577405203,
                37.810897432524584
              ],
              [
                -7.351443734662283,
                37.644435487944506
              ],
              [
                -7.487998452679861,
                37.216353975493334
              ],
              [
                -7.491503682629812,
                37.208156191069506
              ]
            ]
          ]
        ]
      }
    },
    {
      "type": "Feature",
      "properties": {
        "NAME": "Hainan",
        "ABBREVN": "Hainan",
        "SUBJECTO": "Hainan",
        "BORDERPRECISION": 1,
        "PARTOF": "Hainan",
        "entity_id": "hainan",
        "name_en": "Hainan",
        "source": "historical-basemaps",
        "revision_saved_at": "2026-07-05T10:00:53.142Z"
      },
      "geometry": {
        "type": "MultiPolygon",
        "coordinates": [
          [
            [
              [
                109.42965224693562,
                18.096622072417162
              ],
              [
                108.93858626793171,
                18.33060225125017
              ],
              [
                108.65192702720906,
                18.482448183257006
              ],
              [
                108.56047347496296,
                19.060296617705248
              ],
              [
                108.57689956138874,
                19.187371813017748
              ],
              [
                108.68497756431843,
                19.295583330351732
              ],
              [
                108.87368300865437,
                19.40395887966814
              ],
              [
                109.19816115806843,
                19.684140764433764
              ],
              [
                109.42011550377156,
                19.659205995757006
              ],
              [
                109.44225600670124,
                19.73547514553728
              ],
              [
                109.5503263802364,
                19.91355665798845
              ],
              [
                109.65765670250202,
                19.901086412627123
              ],
              [
                109.91588118980671,
                19.800006471831225
              ],
              [
                110.06061843345906,
                19.940053545195482
              ],
              [
                110.25832656334187,
                19.940475069243334
              ],
              [
                110.61735061119343,
                20.017461382109545
              ],
              [
                110.88536361168171,
                19.70678290005388
              ],
              [
                110.81180861900593,
                19.630410753447435
              ],
              [
                110.61250594566609,
                19.47118719692888
              ],
              [
                110.4270353646114,
                19.2294193136281
              ],
              [
                110.2987165779903,
                18.898843370634935
              ],
              [
                110.36146834800984,
                18.765576921660326
              ],
              [
                110.26251510093952,
                18.62562712307634
              ],
              [
                110.13131240318562,
                18.58723600979509
              ],
              [
                109.66907027672077,
                18.41473539944353
              ],
              [
                109.42965224693562,
                18.096622072417162
              ]
            ]
          ]
        ]
      }
    },
    {
      "type": "Feature",
      "properties": {
        "NAME": "Sinhalese kingdom",
        "ABBREVN": "Ceylon",
        "SUBJECTO": "Sinhalese kingdom",
        "BORDERPRECISION": 1,
        "PARTOF": "Sinhalese kingdom",
        "entity_id": "sinhalese-kingdom",
        "name_en": "Sinhalese kingdom",
        "source": "historical-basemaps",
        "revision_saved_at": "2026-07-05T10:00:53.142Z"
      },
      "geometry": {
        "type": "MultiPolygon",
        "coordinates": [
          [
            [
              [
                80.5628996224239,
                5.931666456419848
              ],
              [
                80.3410749764278,
                5.969314657408617
              ],
              [
                80.22215560386921,
                6.058007322508715
              ],
              [
                80.12766555259968,
                6.2166601049489
              ],
              [
                80.01677230308796,
                6.495999895293139
              ],
              [
                79.85409072349812,
                7.061153494078539
              ],
              [
                79.83872512291218,
                7.353393636900805
              ],
              [
                79.8407316536739,
                7.696509443480394
              ],
              [
                79.83217147300984,
                8.10314806576433
              ],
              [
                79.72417739341999,
                8.41657694454851
              ],
              [
                79.80870345543171,
                8.647491060454271
              ],
              [
                79.67463210533406,
                8.80493029232683
              ],
              [
                79.70579055259968,
                8.930883966643236
              ],
              [
                79.89601424644734,
                8.920387827116869
              ],
              [
                80.05261519859577,
                9.113884531218432
              ],
              [
                80.07652572105671,
                9.279133402068041
              ],
              [
                80.17807296226765,
                9.445190035063646
              ],
              [
                80.10958388756062,
                9.686597429472826
              ],
              [
                80.34759810875202,
                9.470330797392748
              ],
              [
                80.66241744468952,
                9.299456201750658
              ],
              [
                80.76762679527546,
                9.121781908232592
              ],
              [
                81.01491836021687,
                8.772848688322924
              ],
              [
                81.09344008873249,
                8.626881204802416
              ],
              [
                81.04907515953327,
                8.474295221526049
              ],
              [
                81.06007674644734,
                8.410785280424975
              ],
              [
                81.32613662193562,
                8.258867822844408
              ],
              [
                81.44597152183796,
                7.92872007961931
              ],
              [
                81.80485824058796,
                7.313169561583422
              ],
              [
                81.86616805504109,
                7.08456143017473
              ],
              [
                81.77901748131062,
                6.753964983183764
              ],
              [
                81.59991744468952,
                6.448580347258471
              ],
              [
                81.43387893150593,
                6.270314298827074
              ],
              [
                81.20268538902546,
                6.079191290099047
              ],
              [
                80.85180190513874,
                5.951348863798998
              ],
              [
                80.5628996224239,
                5.931666456419848
              ]
            ]
          ]
        ]
      }
    },
    {
      "type": "Feature",
      "properties": {
        "NAME": "Teutonic Knights",
        "ABBREVN": "TeutonicLand",
        "SUBJECTO": "Teutonic Knights",
        "BORDERPRECISION": 1,
        "PARTOF": "Teutonic Knights",
        "entity_id": "teutonic-knights",
        "name_en": "Teutonic Knights",
        "source": "historical-basemaps",
        "revision_saved_at": "2026-07-05T10:00:53.142Z"
      },
      "geometry": {
        "type": "MultiPolygon",
        "coordinates": [
          [
            [
              [
                27.65084223773919,
                56.27996199191689
              ],
              [
                27.37053292420636,
                55.71934336485123
              ],
              [
                26.245430387074208,
                55.89609317211597
              ],
              [
                25.30739744607341,
                56.48853502959016
              ],
              [
                24.714955588599217,
                56.34042456522161
              ],
              [
                22.74542925091462,
                56.350039320300105
              ],
              [
                21.90450131031612,
                56.350039320300105
              ],
              [
                21.141797875946047,
                56.12729915620206
              ],
              [
                21.31027576029526,
                55.51305839899451
              ],
              [
                21.66960083983667,
                55.51305839899451
              ],
              [
                22.028925919378082,
                55.2563976278935
              ],
              [
                21.92626161093768,
                54.94840470257229
              ],
              [
                22.131590227818485,
                54.79440823991168
              ],
              [
                22.080258073598287,
                54.58907962303088
              ],
              [
                22.18292238203869,
                54.53774746881068
              ],
              [
                22.234254536258888,
                54.12709023504906
              ],
              [
                21.464272222955863,
                53.81909730972785
              ],
              [
                21.10494714341445,
                53.81909730972785
              ],
              [
                20.80980619721845,
                53.63757257198401
              ],
              [
                20.709395381809642,
                53.75806555047458
              ],
              [
                20.428245098664974,
                53.77814771355634
              ],
              [
                20.386296984331626,
                53.511104384406636
              ],
              [
                20.078304059010414,
                53.511104384406636
              ],
              [
                20.078304059010414,
                53.665100847067244
              ],
              [
                19.564982516808396,
                53.45977223018644
              ],
              [
                19.205657437266982,
                53.25444361330563
              ],
              [
                18.948996666165975,
                53.25444361330563
              ],
              [
                18.58967158662456,
                53.100447150645024
              ],
              [
                18.281678661303353,
                53.357107921746035
              ],
              [
                18.684934699163794,
                54.25402242200741
              ],
              [
                18.964976343615305,
                54.227584444243334
              ],
              [
                19.25500396202351,
                54.27719458218279
              ],
              [
                19.733597788317454,
                54.461173616606615
              ],
              [
                19.757716211779368,
                54.45917471523943
              ],
              [
                19.317608866198313,
                54.27167852993669
              ],
              [
                19.23206237266804,
                54.222072206694506
              ],
              [
                19.230307611925852,
                54.16696890469255
              ],
              [
                19.32809928367878,
                54.16145285244646
              ],
              [
                19.45682242821003,
                54.21656378384294
              ],
              [
                19.570403223141703,
                54.25508398136884
              ],
              [
                19.733119043810618,
                54.310268007475756
              ],
              [
                19.91458180722741,
                54.394662508857884
              ],
              [
                19.97753814171101,
                54.423942171294115
              ],
              [
                20.18864539573933,
                54.52197607632341
              ],
              [
                20.326712641222727,
                54.56400641079607
              ],
              [
                20.194232019884836,
                54.57504614468279
              ],
              [
                20.00570395897175,
                54.54745825405779
              ],
              [
                19.938118967516672,
                54.608172975737475
              ],
              [
                19.88181022117878,
                54.52537878628435
              ],
              [
                19.833247217638743,
                54.53089865322771
              ],
              [
                19.863169702990305,
                54.75173147793474
              ],
              [
                19.942570719225657,
                54.84985693569841
              ],
              [
                20.127097162707102,
                54.845641695219896
              ],
              [
                20.797150644762766,
                54.817977510649584
              ],
              [
                20.98520377586628,
                54.81164129849138
              ],
              [
                21.13734343956257,
                54.845458589751146
              ],
              [
                21.19194320152546,
                54.959579073149584
              ],
              [
                21.113345179064524,
                55.08924444790544
              ],
              [
                21.223853144152415,
                55.111449800688646
              ],
              [
                21.19312194298054,
                55.16635092373552
              ],
              [
                21.162322077257883,
                55.22138174648943
              ],
              [
                21.143034967882883,
                55.25583990688982
              ],
              [
                21.200932535631907,
                55.26139410610857
              ],
              [
                21.21629622886921,
                55.3436656820363
              ],
              [
                21.018450769884836,
                55.63400992031755
              ],
              [
                21.014815363390696,
                55.69705542202654
              ],
              [
                20.99595740745808,
                56.024127565581225
              ],
              [
                20.94544890831257,
                56.06995733853044
              ],
              [
                20.916007074816477,
                56.096671663481615
              ],
              [
                20.949046167834055,
                56.473189912993334
              ],
              [
                20.964827570421946,
                56.60902365322771
              ],
              [
                21.022051844103586,
                56.6838756429738
              ],
              [
                21.324379953844797,
                56.854415498930834
              ],
              [
                21.339747461779368,
                57.17707022305193
              ],
              [
                21.45958808372761,
                57.24960669155779
              ],
              [
                21.57951453636433,
                57.37260016079607
              ],
              [
                21.677331003649485,
                57.46365698452654
              ],
              [
                21.810254129870188,
                57.4753795492238
              ],
              [
                22.285403284533274,
                57.56504019375505
              ],
              [
                22.359927210314524,
                57.58566626187029
              ],
              [
                22.432965311510813,
                57.615558229643725
              ],
              [
                22.563637766344797,
                57.615558229643725
              ],
              [
                22.58542159508015,
                57.508651338774584
              ],
              [
                22.881373438341868,
                57.3341441976613
              ],
              [
                23.07088950584675,
                57.261317812163256
              ],
              [
                23.174664530260813,
                57.04849203701677
              ],
              [
                23.215449366076243,
                56.98066671963396
              ],
              [
                23.41446975181843,
                56.892413698393725
              ],
              [
                23.767813715441477,
                56.8658824789113
              ],
              [
                24.158383402331125,
                56.97548636074724
              ],
              [
                24.266305002672922,
                57.03014715786638
              ],
              [
                24.346499475939524,
                57.159720979887865
              ],
              [
                24.322939905627024,
                57.33689077969255
              ],
              [
                24.23618606041218,
                57.72816046353044
              ],
              [
                24.325442347033274,
                57.83747061367693
              ],
              [
                24.34564879844929,
                57.86221655483904
              ],
              [
                24.415644678576243,
                57.94793280239763
              ],
              [
                24.41440108726765,
                58.105887972075365
              ],
              [
                24.49678519676472,
                58.213153444487475
              ],
              [
                24.331091913683665,
                58.30793341274919
              ],
              [
                24.05835059593464,
                58.111529909331225
              ],
              [
                23.90806868980671,
                58.22444876309099
              ],
              [
                23.670859369738352,
                58.24138983364763
              ],
              [
                23.69046500633503,
                58.665484987456225
              ],
              [
                23.511870417101633,
                58.58087500210466
              ],
              [
                23.36081984947468,
                58.767421327788256
              ],
              [
                23.43197921226765,
                58.8580814230031
              ],
              [
                23.337885889513743,
                58.97239264126482
              ],
              [
                23.456978830797922,
                59.005492769438646
              ],
              [
                23.41575721214558,
                59.11896475430193
              ],
              [
                23.57018378685261,
                59.13807257290544
              ],
              [
                24.032107386095774,
                59.17574270840349
              ],
              [
                23.948000017243686,
                59.16888370404382
              ],
              [
                24.52041938324108,
                58.708498299585365
              ],
              [
                25.313149652001265,
                59.151698987422826
              ],
              [
                26.458204484654857,
                59.11780840527421
              ],
              [
                26.546285625628208,
                58.66271956910061
              ],
              [
                27.663288210999713,
                58.95605697043894
              ],
              [
                27.661188779828123,
                58.93755803507683
              ],
              [
                27.51068758097277,
                57.611431231197855
              ],
              [
                27.60590255435066,
                56.706888984107934
              ],
              [
                27.65084223773919,
                56.27996199191689
              ]
            ]
          ]
        ]
      }
    },
    {
      "type": "Feature",
      "properties": {
        "NAME": "Navarre",
        "ABBREVN": "Navarre",
        "SUBJECTO": "Navarre",
        "BORDERPRECISION": 1,
        "PARTOF": "Navarre",
        "entity_id": "navarre",
        "name_en": "Navarre",
        "source": "historical-basemaps",
        "revision_saved_at": "2026-07-05T10:00:53.142Z"
      },
      "geometry": {
        "type": "MultiPolygon",
        "coordinates": [
          [
            [
              [
                -2.142923348755842,
                43.331471028881836
              ],
              [
                -2.065644708173025,
                43.333270631987475
              ],
              [
                -1.914577808873403,
                43.30541571255388
              ],
              [
                -1.702391829983938,
                43.19593771572771
              ],
              [
                -1.491382804410208,
                43.209621034819506
              ],
              [
                -1.465651360051382,
                43.15488775845232
              ],
              [
                -1.557671156422842,
                43.04543264980974
              ],
              [
                -1.515127864377249,
                42.99756201382341
              ],
              [
                -1.447552409665334,
                42.983878694731615
              ],
              [
                -1.397272315518606,
                43.031756960112475
              ],
              [
                -0.907353666321981,
                42.88129767056169
              ],
              [
                -1.664297551499534,
                42.12541942266957
              ],
              [
                -1.604866036927435,
                41.76883033523699
              ],
              [
                -2.130006796834982,
                41.81657040431949
              ],
              [
                -2.258612697220503,
                41.82826184980909
              ],
              [
                -2.3180442117926,
                42.065987908097476
              ],
              [
                -2.080318153504212,
                42.065987908097476
              ],
              [
                -2.199181182648406,
                42.24428245181377
              ],
              [
                -2.674633299225183,
                42.42257699553006
              ],
              [
                -2.555770270080988,
                43.076323655823124
              ],
              [
                -2.139749668076309,
                43.13575517039523
              ],
              [
                -2.142923348755842,
                43.331471028881836
              ]
            ]
          ]
        ]
      }
    },
    {
      "type": "Feature",
      "properties": {
        "NAME": "Benin",
        "ABBREVN": "Benin",
        "SUBJECTO": "Benin",
        "BORDERPRECISION": 1,
        "PARTOF": "Benin",
        "entity_id": "benin",
        "name_en": "Benin",
        "source": "historical-basemaps",
        "revision_saved_at": "2026-07-05T10:00:53.142Z"
      },
      "geometry": {
        "type": "MultiPolygon",
        "coordinates": [
          [
            [
              [
                5.095240149004709,
                5.755762659270189
              ],
              [
                4.886312040789377,
                6.003147207457445
              ],
              [
                4.634121450884592,
                6.212299905974291
              ],
              [
                4.360316309435618,
                6.326093279082201
              ],
              [
                4.072063478930247,
                6.439846121031664
              ],
              [
                3.949497255785715,
                6.579388700682543
              ],
              [
                4.823392396112526,
                7.929541061423894
              ],
              [
                5.337624153714358,
                8.724019929031105
              ],
              [
                6.878752839859935,
                8.642907892918181
              ],
              [
                7.365425056537486,
                7.912899567901853
              ],
              [
                7.365425056537486,
                6.939555134546751
              ],
              [
                6.899720429053349,
                6.127803964515512
              ],
              [
                6.088779959185374,
                4.328133188444994
              ],
              [
                5.851289782030832,
                4.42929085369768
              ],
              [
                5.60658982704426,
                4.632113062102221
              ],
              [
                5.419493708117258,
                4.955793939787767
              ],
              [
                5.333021196825754,
                5.247909151274584
              ],
              [
                5.354585680468332,
                5.362343393523119
              ],
              [
                5.448192152483713,
                5.476928793150805
              ],
              [
                5.383361372454416,
                5.610234342772387
              ],
              [
                5.152887854082834,
                5.641512953001879
              ],
              [
                5.095240149004709,
                5.755762659270189
              ]
            ]
          ]
        ]
      }
    },
    {
      "type": "Feature",
      "properties": {
        "NAME": "Bornu-Kanem",
        "ABBREVN": "Bornu",
        "SUBJECTO": "Bornu-Kanem",
        "BORDERPRECISION": 1,
        "PARTOF": "Bornu-Kanem",
        "entity_id": "bornu-kanem",
        "name_en": "Bornu-Kanem",
        "source": "historical-basemaps",
        "revision_saved_at": "2026-07-05T10:00:53.142Z"
      },
      "geometry": {
        "type": "MultiPolygon",
        "coordinates": [
          [
            [
              [
                8.358129534228098,
                3.088348947722338
              ],
              [
                8.336313280565989,
                3.18652208920183
              ],
              [
                8.358129534228098,
                3.31741865750017
              ],
              [
                8.467210802538645,
                3.361051641661547
              ],
              [
                8.4781189293697,
                3.426500164229296
              ],
              [
                8.4781189293697,
                3.557397686201952
              ],
              [
                8.554475817187082,
                3.601029955107592
              ],
              [
                8.630832705004465,
                3.655570589262865
              ],
              [
                8.729005846483957,
                3.633754335600756
              ],
              [
                8.82717898796345,
                3.611938320357226
              ],
              [
                8.870811495287668,
                3.524673067290209
              ],
              [
                8.783546480639231,
                3.448316179472826
              ],
              [
                8.718097719652903,
                3.339234911162279
              ],
              [
                8.64174083183552,
                3.18652208920183
              ],
              [
                8.576292070849192,
                3.066532455641649
              ],
              [
                8.358129534228098,
                3.088348947722338
              ]
            ]
          ],
          [
            [
              [
                10.726510310701428,
                11.291084884233328
              ],
              [
                10.46185646941483,
                12.47375118639364
              ],
              [
                10.070016651836823,
                14.22477715239241
              ],
              [
                10.807099158507285,
                14.593318405727643
              ],
              [
                11.765306417178873,
                16.214899920402644
              ],
              [
                11.986431169180012,
                20.342561957757212
              ],
              [
                12.428680673182285,
                21.00593621376062
              ],
              [
                13.313265659723275,
                20.972940619143642
              ],
              [
                15.008469446528892,
                15.035567909729917
              ],
              [
                15.819260203866392,
                14.298485403059459
              ],
              [
                15.819260203866392,
                13.119153392386728
              ],
              [
                14.712640872177422,
                12.506980996133255
              ],
              [
                12.354972422515246,
                11.202738875043536
              ],
              [
                11.925651989797696,
                11.226030019872189
              ],
              [
                10.726510310701428,
                11.291084884233328
              ]
            ]
          ]
        ]
      }
    },
    {
      "type": "Feature",
      "properties": {
        "NAME": "Yemen",
        "ABBREVN": "Yemen",
        "SUBJECTO": "Yemen",
        "BORDERPRECISION": 1,
        "PARTOF": "Yemen",
        "entity_id": "yemen",
        "name_en": "Yemen",
        "source": "historical-basemaps",
        "revision_saved_at": "2026-07-05T10:00:53.142Z"
      },
      "geometry": {
        "type": "MultiPolygon",
        "coordinates": [
          [
            [
              [
                46.877734106218426,
                13.473871601683081
              ],
              [
                46.601199182970774,
                13.40054567928972
              ],
              [
                46.079287561877024,
                13.399416528899096
              ],
              [
                45.825903925402415,
                13.405233942229174
              ],
              [
                45.69247725914265,
                13.347759805876635
              ],
              [
                45.51863769005085,
                13.207596384245775
              ],
              [
                45.395979914171946,
                13.07389887448015
              ],
              [
                45.19341567466999,
                12.933683000761889
              ],
              [
                44.963572535021555,
                12.825172029692553
              ],
              [
                44.788802179796946,
                12.80573710079851
              ],
              [
                44.681067499621165,
                12.82455977078142
              ],
              [
                44.440535578234446,
                12.639777742583178
              ],
              [
                44.062747034533274,
                12.613552652556322
              ],
              [
                43.84059050987507,
                12.663913332182787
              ],
              [
                43.60489847704723,
                12.828886858628167
              ],
              [
                43.56005004356648,
                12.8602786886281
              ],
              [
                43.483645472033274,
                12.93000467892351
              ],
              [
                43.34084990928913,
                13.126665674406908
              ],
              [
                43.30284789512898,
                13.240954004485033
              ],
              [
                43.38397887657429,
                13.565180383879564
              ],
              [
                43.34756377647663,
                13.851036630827807
              ],
              [
                43.2069425911739,
                14.079471193510912
              ],
              [
                43.05326369713093,
                14.60650786038103
              ],
              [
                42.79587844322468,
                15.47008093472185
              ],
              [
                42.763525995714915,
                15.666981302458666
              ],
              [
                42.88387969444538,
                15.984922014433764
              ],
              [
                42.828047785265696,
                16.321475588042162
              ],
              [
                42.81439879844929,
                16.40412863369646
              ],
              [
                42.76366332481648,
                16.64545591946306
              ],
              [
                45.24036913418436,
                17.693671699410253
              ],
              [
                46.2768914091897,
                17.11782599107396
              ],
              [
                46.659412505366426,
                15.424765841972887
              ],
              [
                46.33527120463091,
                14.096846193905204
              ],
              [
                46.711331972808495,
                13.935677293257665
              ],
              [
                46.877734106218426,
                13.473871601683081
              ]
            ]
          ]
        ]
      }
    },
    {
      "type": "Feature",
      "properties": {
        "NAME": "Maya city-states",
        "ABBREVN": "Maya",
        "SUBJECTO": "Maya city-states",
        "BORDERPRECISION": 1,
        "PARTOF": "Maya city-states",
        "entity_id": "maya-city-states",
        "name_en": "Maya city-states",
        "source": "historical-basemaps",
        "revision_saved_at": "2026-07-05T10:00:53.142Z"
      },
      "geometry": {
        "type": "MultiPolygon",
        "coordinates": [
          [
            [
              [
                -90,
                19.38150557156267
              ],
              [
                -90,
                19.75351484890642
              ],
              [
                -90,
                19.946675859648607
              ],
              [
                -90,
                20.1612983572072
              ],
              [
                -90,
                20.67639311428728
              ],
              [
                -90,
                20.991174303252123
              ],
              [
                -90,
                21.141408525664232
              ],
              [
                -90,
                21.160729967314623
              ],
              [
                -89.86282822181438,
                21.249875627715014
              ],
              [
                -89.54745956947063,
                21.295051180083178
              ],
              [
                -89.05808731605266,
                21.397792421538256
              ],
              [
                -88.6010636954472,
                21.564044557768725
              ],
              [
                -88.33372208167766,
                21.59004171963396
              ],
              [
                -88.10938736488079,
                21.565087877470873
              ],
              [
                -87.59693619300579,
                21.48353727932634
              ],
              [
                -87.37093063880657,
                21.570655428130053
              ],
              [
                -87.20057388831829,
                21.528873048979662
              ],
              [
                -86.92158981849407,
                21.30062636013689
              ],
              [
                -86.9002351432011,
                21.167178713042162
              ],
              [
                -86.93589493324016,
                20.976399980742357
              ],
              [
                -87.06995865394329,
                20.80448492642107
              ],
              [
                -87.31330582191204,
                20.581485353667162
              ],
              [
                -87.5081452994511,
                20.39022787686052
              ],
              [
                -87.65071579505657,
                20.18991049404802
              ],
              [
                -87.65972610999798,
                19.87513693447771
              ],
              [
                -87.77397629310344,
                19.741412721831225
              ],
              [
                -87.85821243812298,
                19.58231123562517
              ],
              [
                -87.78857895423626,
                19.512536607939623
              ],
              [
                -87.63708969642376,
                19.57466276760759
              ],
              [
                -87.68220993568157,
                19.281348787505053
              ],
              [
                -87.80035873939251,
                18.74336203213396
              ],
              [
                -87.84949204017376,
                18.488984667021654
              ],
              [
                -87.87709518958782,
                18.380864702422045
              ],
              [
                -88.03013321449016,
                18.621284090239428
              ],
              [
                -88.10500809241985,
                18.824548326689623
              ],
              [
                -88.13767715980266,
                18.894399248320482
              ],
              [
                -88.31140610267376,
                18.74146994229021
              ],
              [
                -88.32046219398235,
                18.49439962979021
              ],
              [
                -88.39922043372844,
                18.309028230864428
              ],
              [
                -88.12371536781048,
                18.387090288359545
              ],
              [
                -88.11193558265423,
                18.193929277617357
              ],
              [
                -88.30037399818157,
                17.635434709746264
              ],
              [
                -88.22047897865032,
                17.51429136868181
              ],
              [
                -88.32700821449016,
                17.15658339138689
              ],
              [
                -88.24188705970501,
                17.01350363369646
              ],
              [
                -88.28342911292766,
                16.83465155239763
              ],
              [
                -88.44453903724407,
                16.44117697354021
              ],
              [
                -88.57977005531048,
                16.283786379057787
              ],
              [
                -88.74182602454876,
                16.26947935696306
              ],
              [
                -89.63454033706536,
                16.783486335590844
              ],
              [
                -89.92106812164835,
                16.974504858646174
              ],
              [
                -89.5390310755377,
                17.73857895086749
              ],
              [
                -89.19579888664535,
                18.228910649285126
              ],
              [
                -88.87046624484404,
                18.693671566144136
              ],
              [
                -89.06148476789936,
                19.266727135310123
              ],
              [
                -89.73004959859301,
                19.362236396837783
              ],
              [
                -90,
                19.38150557156267
              ]
            ]
          ]
        ]
      }
    },
    {
      "type": "Feature",
      "properties": {
        "NAME": "Mixtec Empire",
        "ABBREVN": "Mixtec Empir",
        "SUBJECTO": "Mixtec Empire",
        "BORDERPRECISION": 1,
        "PARTOF": "Mixtec Empire",
        "entity_id": "mixtec-empire",
        "name_en": "Mixtec Empire",
        "source": "historical-basemaps",
        "revision_saved_at": "2026-07-05T10:00:53.142Z"
      },
      "geometry": {
        "type": "MultiPolygon",
        "coordinates": [
          [
            [
              [
                -98.6961842205076,
                19.00229192673535
              ],
              [
                -99.10769899109214,
                17.493404434592033
              ],
              [
                -102.18977315828258,
                19.516685389966014
              ],
              [
                -102.61843437764146,
                20.588338438363238
              ],
              [
                -101.97544254860313,
                21.01699965772214
              ],
              [
                -98.6961842205076,
                19.00229192673535
              ]
            ]
          ]
        ]
      }
    },
    {
      "type": "Feature",
      "properties": {
        "NAME": "Zapotec Empire",
        "ABBREVN": "Zapotec Emp.",
        "SUBJECTO": "Zapotec Empire",
        "BORDERPRECISION": 1,
        "PARTOF": "Zapotec Empire",
        "entity_id": "zapotec-empire",
        "name_en": "Zapotec Empire",
        "source": "historical-basemaps",
        "revision_saved_at": "2026-07-05T10:00:53.142Z"
      },
      "geometry": {
        "type": "MultiPolygon",
        "coordinates": [
          [
            [
              [
                -95.13016983558391,
                16.29946859951677
              ],
              [
                -95.49766251136516,
                16.12070807095232
              ],
              [
                -95.99271103431438,
                15.865374170500658
              ],
              [
                -96.33293625404094,
                15.750238977629564
              ],
              [
                -96.75166031409954,
                15.781122766692064
              ],
              [
                -97.07761856605266,
                15.875764452177904
              ],
              [
                -97.2937898307011,
                15.964297853667162
              ],
              [
                -97.88092514564251,
                16.052028261382006
              ],
              [
                -98.14564987708782,
                16.172238908965014
              ],
              [
                -98.43546005775188,
                16.362310014922045
              ],
              [
                -98.85616013099407,
                16.596610628325365
              ],
              [
                -99.20922562171673,
                16.71663054104509
              ],
              [
                -99.10769899109214,
                17.493404434592033
              ],
              [
                -98.6961842205076,
                19.00229192673535
              ],
              [
                -96.8315079162964,
                18.230701731889333
              ],
              [
                -95.75985486789916,
                17.159048683492088
              ],
              [
                -95.13016983558391,
                16.29946859951677
              ]
            ]
          ]
        ]
      }
    },
    {
      "type": "Feature",
      "properties": {
        "NAME": "Chimú Empire",
        "ABBREVN": "Chimú Empire",
        "SUBJECTO": "Chimú Empire",
        "BORDERPRECISION": 1,
        "PARTOF": "Chimú Empire",
        "entity_id": "chimu-empire",
        "name_en": "Chimú Empire",
        "source": "historical-basemaps",
        "revision_saved_at": "2026-07-05T10:00:53.142Z"
      },
      "geometry": {
        "type": "MultiPolygon",
        "coordinates": [
          [
            [
              [
                -76.71058365394329,
                -12.75967923526106
              ],
              [
                -77.33550735999798,
                -11.509389318268873
              ],
              [
                -77.46394058753704,
                -11.388950742524244
              ],
              [
                -77.67389389564251,
                -11.294097341340162
              ],
              [
                -77.70724960853313,
                -11.256047643464186
              ],
              [
                -77.68253799964641,
                -11.014555372040846
              ],
              [
                -77.69160934974407,
                -10.836669362824537
              ],
              [
                -77.75874802161907,
                -10.658920682709791
              ],
              [
                -78.30214401771282,
                -9.668905652802565
              ],
              [
                -78.7509431510136,
                -8.786702550690748
              ],
              [
                -79.06024643470501,
                -8.215522207062818
              ],
              [
                -79.67460342933391,
                -7.352711595337965
              ],
              [
                -79.79706284095501,
                -7.194126523774244
              ],
              [
                -80.0659074454472,
                -6.756278909485914
              ],
              [
                -78.63004850839208,
                -7.20663525326637
              ],
              [
                -77.9253603581163,
                -7.911323403542163
              ],
              [
                -76.39853603251873,
                -10.495179954553407
              ],
              [
                -76.39853603251873,
                -11.317316129875167
              ],
              [
                -76.71058365394329,
                -12.75967923526106
              ]
            ]
          ]
        ]
      }
    },
    {
      "type": "Feature",
      "properties": {
        "NAME": "Andean states and chiefdoms",
        "ABBREVN": "Andean states and chiefdoms",
        "SUBJECTO": "Andean states and chiefdoms",
        "BORDERPRECISION": 1,
        "PARTOF": "Andean states and chiefdoms",
        "entity_id": "andean-states",
        "name_en": "Andean states and chiefdoms",
        "source": "historical-basemaps",
        "revision_saved_at": "2026-07-05T10:00:53.142Z"
      },
      "geometry": {
        "type": "MultiPolygon",
        "coordinates": [
          [
            [
              [
                -71.61186691810344,
                -17.22145501498518
              ],
              [
                -71.86322495033001,
                -17.120342649262525
              ],
              [
                -72.08997818519329,
                -16.99376527194319
              ],
              [
                -72.30994888831829,
                -16.879755414765455
              ],
              [
                -72.58723923255657,
                -16.74070779208479
              ],
              [
                -72.98006149818157,
                -16.53188554171858
              ],
              [
                -73.28297897865032,
                -16.367351926606275
              ],
              [
                -73.6725968985722,
                -16.196661390107252
              ],
              [
                -74.04964157630657,
                -16.044990934174635
              ],
              [
                -74.6214265494511,
                -15.665019429963209
              ],
              [
                -75.23090836097454,
                -15.221601880829908
              ],
              [
                -75.78529068519329,
                -14.727239049714186
              ],
              [
                -76.05259415199016,
                -14.41014710788069
              ],
              [
                -76.24178024818157,
                -14.105595983307936
              ],
              [
                -76.23820969154094,
                -13.908625997346022
              ],
              [
                -76.23803421546673,
                -13.502021230500318
              ],
              [
                -76.35918137122844,
                -13.22907964114485
              ],
              [
                -76.71058365394329,
                -12.75967923526106
              ],
              [
                -76.39853603251873,
                -11.317316129875167
              ],
              [
                -76.39853603251873,
                -10.495179954553407
              ],
              [
                -77.9253603581163,
                -7.911323403542163
              ],
              [
                -78.63004850839208,
                -7.20663525326637
              ],
              [
                -80.0659074454472,
                -6.756278909485914
              ],
              [
                -80.27396866370891,
                -6.566111959260084
              ],
              [
                -80.61159225990032,
                -6.369872010987379
              ],
              [
                -81.02270218421673,
                -6.205557740967848
              ],
              [
                -81.29700943519329,
                -6.040935910981275
              ],
              [
                -81.24355789710735,
                -5.964570916932203
              ],
              [
                -81.1623201041386,
                -5.913574136536695
              ],
              [
                -80.88809677650188,
                -5.900269426148512
              ],
              [
                -80.82338425208782,
                -5.715860761445143
              ],
              [
                -80.87624832679485,
                -5.58888713244734
              ],
              [
                -81.14286514808391,
                -5.195517457764723
              ],
              [
                -81.30149551917766,
                -4.998885549347975
              ],
              [
                -81.41761490394329,
                -4.675080694001295
              ],
              [
                -81.41332718421673,
                -4.567058004181959
              ],
              [
                -81.30361649085735,
                -4.331714547913649
              ],
              [
                -81.04177567054485,
                -4.051563180726149
              ],
              [
                -80.03942480894368,
                -4.270434627117226
              ],
              [
                -78.74749653343805,
                -6.032155002806711
              ],
              [
                -77.69046430802435,
                -6.267051052898637
              ],
              [
                -77.33812023288645,
                -7.676427353450222
              ],
              [
                -75.57639985719698,
                -10.61262797959937
              ],
              [
                -71.23082293049625,
                -12.726692430426755
              ],
              [
                -69.53613386666227,
                -13.823255942319332
              ],
              [
                -71.61186691810344,
                -17.22145501498518
              ]
            ]
          ]
        ]
      }
    },
    {
      "type": "Feature",
      "properties": {
        "NAME": "Morocco",
        "ABBREVN": "Morocco",
        "SUBJECTO": "Morocco",
        "BORDERPRECISION": 1,
        "PARTOF": "Morocco",
        "entity_id": "morocco",
        "name_en": "Morocco",
        "source": "historical-basemaps",
        "revision_saved_at": "2026-07-05T10:00:53.142Z"
      },
      "geometry": {
        "type": "MultiPolygon",
        "coordinates": [
          [
            [
              [
                -2.192973938481558,
                35.0542484151906
              ],
              [
                -2.076577034489858,
                34.825675569731615
              ],
              [
                -1.823284712331045,
                34.69997366543474
              ],
              [
                -1.738150325314749,
                34.605094515044115
              ],
              [
                -1.66398951102947,
                34.20505484219255
              ],
              [
                -1.673919525639761,
                33.82995184536638
              ],
              [
                -1.681131210820425,
                33.25781592007341
              ],
              [
                -1.610150661961782,
                33.04845007534685
              ],
              [
                -1.802211619772074,
                32.42724029347477
              ],
              [
                -9.62504383613323,
                30.406100832182787
              ],
              [
                -9.817042317883718,
                30.755221925932787
              ],
              [
                -9.857763257519949,
                31.06018980618181
              ],
              [
                -9.813266721265066,
                31.289060198027514
              ],
              [
                -9.635323491589773,
                31.575402818877123
              ],
              [
                -9.317557302014578,
                31.963718019682787
              ],
              [
                -9.222252812878835,
                32.25624807949724
              ],
              [
                -9.250766721265066,
                32.4214244710988
              ],
              [
                -9.218686070935476,
                32.5803600179738
              ],
              [
                -8.640263524548757,
                33.12173422451677
              ],
              [
                -8.314414945142019,
                33.33848150845232
              ],
              [
                -7.9024061827824,
                33.48548849697771
              ],
              [
                -7.332620587842214,
                33.69637259121599
              ],
              [
                -7.004007783429373,
                33.874984346587084
              ],
              [
                -6.752974477307546,
                34.123351656157396
              ],
              [
                -6.511472192303884,
                34.45429953213396
              ],
              [
                -6.472049931221473,
                34.530940245135376
              ],
              [
                -6.302049127118337,
                34.86143835659685
              ],
              [
                -5.928758588330496,
                35.72785910244646
              ],
              [
                -5.807887044446218,
                35.78541525479021
              ],
              [
                -5.565000024335134,
                35.8623424398488
              ],
              [
                -5.479359117047537,
                35.80520590420427
              ],
              [
                -5.171789613263357,
                35.42376288052263
              ],
              [
                -5.109631505505789,
                35.37931402798357
              ],
              [
                -4.592977490918386,
                35.15118750210466
              ],
              [
                -4.295350995557058,
                35.151786409575365
              ],
              [
                -4.027887788312185,
                35.13323553677263
              ],
              [
                -3.440804210202444,
                35.166278444487475
              ],
              [
                -3.205772367017019,
                35.268607698637865
              ],
              [
                -3.009028163449514,
                35.389979921538256
              ],
              [
                -2.829877105252493,
                35.14205893154802
              ],
              [
                -2.714807000653494,
                35.097743593413256
              ],
              [
                -2.355662789838064,
                35.05391653652849
              ],
              [
                -2.325944383435429,
                35.053977160872904
              ],
              [
                -2.192973938481558,
                35.0542484151906
              ]
            ]
          ]
        ]
      }
    },
    {
      "type": "Feature",
      "properties": {
        "NAME": "Mali",
        "ABBREVN": "Mali",
        "SUBJECTO": "Mali",
        "BORDERPRECISION": 1,
        "PARTOF": "Mali",
        "entity_id": "mali",
        "name_en": "Mali",
        "source": "historical-basemaps",
        "revision_saved_at": "2026-07-05T10:00:53.142Z"
      },
      "geometry": {
        "type": "MultiPolygon",
        "coordinates": [
          [
            [
              [
                -15.325388875500906,
                11.926575266081713
              ],
              [
                -15.32538887550091,
                11.926575266081713
              ],
              [
                -15.549581494824636,
                11.919748865324877
              ],
              [
                -15.736251798169363,
                11.843088709074877
              ],
              [
                -15.808596578137625,
                11.84292086239519
              ],
              [
                -16.08601566840862,
                11.969427667815111
              ],
              [
                -16.247872319714773,
                12.102531992155932
              ],
              [
                -16.278988805310476,
                12.210499368864916
              ],
              [
                -16.424529042737234,
                12.248307787138842
              ],
              [
                -16.566605535046804,
                12.309811197478197
              ],
              [
                -16.570601430432546,
                12.311540209013842
              ],
              [
                -16.69579407264446,
                12.412958704192064
              ],
              [
                -16.772099462048757,
                12.597077928740404
              ],
              [
                -16.725502934949148,
                12.787829004485033
              ],
              [
                -16.76820847083782,
                13.03539904232683
              ],
              [
                -16.776349034802664,
                13.124526582915209
              ],
              [
                -16.77557274390911,
                13.145343385893725
              ],
              [
                -16.76711746741985,
                13.35967596646013
              ],
              [
                -16.68941208411907,
                13.448810182768725
              ],
              [
                -16.494280782239187,
                13.474656664091967
              ],
              [
                -16.452353444592703,
                13.54464968319597
              ],
              [
                -16.45510384132122,
                13.571074091154955
              ],
              [
                -16.458260503308523,
                13.601410471159838
              ],
              [
                -16.470890965955007,
                13.722545229155443
              ],
              [
                -16.640429463879812,
                13.842927538115404
              ],
              [
                -16.671059575574148,
                13.912758432585619
              ],
              [
                -16.696700063245046,
                14.077932916838549
              ],
              [
                -16.870419469372976,
                14.363524996001146
              ],
              [
                -17.03325803864763,
                14.564789325170201
              ],
              [
                -17.050065007703054,
                14.585562311369799
              ],
              [
                -17.220538106457937,
                14.725009523589037
              ],
              [
                -17.43318077613567,
                14.807168565947435
              ],
              [
                -17.190234151379812,
                14.96020372982683
              ],
              [
                -16.864769902722585,
                15.2977147924489
              ],
              [
                -16.600319829480398,
                15.749488435942553
              ],
              [
                -16.450055089490164,
                16.11839064236345
              ],
              [
                -16.40569969703411,
                16.489955507475756
              ],
              [
                -16.37880417396282,
                16.71591147061052
              ],
              [
                -16.125475850598562,
                17.30111464138689
              ],
              [
                -16.04107281257366,
                17.66987761135759
              ],
              [
                -7.711186042968258,
                17.875545035939695
              ],
              [
                -0.47785827660806,
                18.757658178178744
              ],
              [
                0.757100122526605,
                18.757658178178744
              ],
              [
                4.285552691482803,
                18.05196766438751
              ],
              [
                5.344088462169662,
                17.169854522148455
              ],
              [
                5.167665833721848,
                15.052782980774737
              ],
              [
                4.285552691482803,
                13.994247210087877
              ],
              [
                -1.35997141884711,
                10.818639898027314
              ],
              [
                -3.477042960220825,
                10.289372012683884
              ],
              [
                -6.829072900729209,
                10.112949384236067
              ],
              [
                -15.158031430737722,
                11.876103006560228
              ],
              [
                -15.325388875500906,
                11.926575266081713
              ]
            ]
          ]
        ]
      }
    },
    {
      "type": "Feature",
      "properties": {
        "NAME": "Ethiopia",
        "ABBREVN": "Ethiopia",
        "SUBJECTO": "Ethiopia",
        "BORDERPRECISION": 1,
        "PARTOF": "Ethiopia",
        "entity_id": "ethiopia",
        "name_en": "Ethiopia",
        "source": "historical-basemaps",
        "revision_saved_at": "2026-07-05T10:00:53.142Z"
      },
      "geometry": {
        "type": "MultiPolygon",
        "coordinates": [
          [
            [
              [
                39.141623426242916,
                13.879188974143647
              ],
              [
                40.50259798855459,
                11.624047549636868
              ],
              [
                40.72049988346774,
                10.115313777249092
              ],
              [
                40.80503678017941,
                9.529987655451997
              ],
              [
                40.200159196929775,
                8.080253882554778
              ],
              [
                39.141623426242916,
                7.113764700623299
              ],
              [
                38.71774683719798,
                7.113764700623299
              ],
              [
                37.32699067649401,
                7.113764700623299
              ],
              [
                35.96601611418234,
                8.080253882554778
              ],
              [
                35.51235792674511,
                10.013232246417736
              ],
              [
                36.722113093244374,
                13.879188974143647
              ],
              [
                37.629429468118836,
                14.523515095431307
              ],
              [
                39.141623426242916,
                13.879188974143647
              ]
            ]
          ]
        ]
      }
    },
    {
      "type": "Feature",
      "properties": {
        "NAME": "Great Zimbabwe",
        "ABBREVN": "G. Zimbabwe",
        "SUBJECTO": "Great Zimbabwe",
        "BORDERPRECISION": 1,
        "PARTOF": "Great Zimbabwe",
        "entity_id": "great-zimbabwe",
        "name_en": "Great Zimbabwe",
        "source": "historical-basemaps",
        "revision_saved_at": "2026-07-05T10:00:53.142Z"
      },
      "geometry": {
        "type": "MultiPolygon",
        "coordinates": [
          [
            [
              [
                33.395286385371406,
                -19.173206938100336
              ],
              [
                33.395286385371406,
                -20.02211158283374
              ],
              [
                33.395286385371406,
                -20.761010594130624
              ],
              [
                32.86601850002798,
                -21.995968993265286
              ],
              [
                31.101792215549874,
                -23.054504763952146
              ],
              [
                29.33756593107178,
                -23.054504763952146
              ],
              [
                28.45545278883273,
                -22.525236878608716
              ],
              [
                28.27903016038492,
                -21.46670110792186
              ],
              [
                28.63187541728054,
                -19.87889745189157
              ],
              [
                29.6904111879674,
                -18.820361681204712
              ],
              [
                31.278214843997684,
                -18.643939052756906
              ],
              [
                32.68959587158015,
                -18.643939052756906
              ],
              [
                32.68959587158017,
                -18.643939052756906
              ],
              [
                33.395286385371406,
                -19.173206938100336
              ]
            ]
          ]
        ]
      }
    },
    {
      "type": "Feature",
      "properties": {
        "NAME": "Hadramaut",
        "ABBREVN": "Hadramaut",
        "SUBJECTO": "Hadramaut",
        "BORDERPRECISION": 1,
        "PARTOF": "Hadramaut",
        "entity_id": "hadramaut",
        "name_en": "Hadramaut",
        "source": "historical-basemaps",
        "revision_saved_at": "2026-07-05T10:00:53.142Z"
      },
      "geometry": {
        "type": "MultiPolygon",
        "coordinates": [
          [
            [
              [
                46.33527120463091,
                14.096846193905204
              ],
              [
                46.659412505366426,
                15.424765841972887
              ],
              [
                47.83758652372263,
                16.42168231904352
              ],
              [
                50.511135257684785,
                17.146712484185798
              ],
              [
                53.955028542110604,
                19.729632447505164
              ],
              [
                56.94577797332251,
                20.635920153933014
              ],
              [
                57.93127349327351,
                20.400937639433764
              ],
              [
                57.80608275841023,
                20.171960436064623
              ],
              [
                57.77755263756062,
                19.669990144926928
              ],
              [
                57.778426203234446,
                19.31421049709978
              ],
              [
                57.83862975548054,
                19.03480681057634
              ],
              [
                57.65703490684773,
                18.970885835844896
              ],
              [
                57.18620971153523,
                18.938108049590014
              ],
              [
                56.90431121300007,
                18.81680067654314
              ],
              [
                56.73888686607624,
                18.689376436430834
              ],
              [
                56.608599695666086,
                18.466741167265795
              ],
              [
                56.549361261828196,
                18.218829714018725
              ],
              [
                56.4575529427364,
                18.09156187649431
              ],
              [
                56.2575903267696,
                17.97677382107439
              ],
              [
                56.01284316490437,
                17.93178518887224
              ],
              [
                55.88154509971882,
                17.931510530669115
              ],
              [
                55.70811751793171,
                17.95018347378435
              ],
              [
                55.561072382433665,
                17.937171541411303
              ],
              [
                55.38948729942585,
                17.8097415792531
              ],
              [
                55.290408167345774,
                17.676099382597826
              ],
              [
                55.23443511436726,
                17.44726141567888
              ],
              [
                55.23563674400593,
                17.28843458767595
              ],
              [
                55.19483855675007,
                17.148564897734545
              ],
              [
                54.91061309288288,
                16.97005995388689
              ],
              [
                54.756079706652415,
                16.95067175503435
              ],
              [
                54.40687468956257,
                17.045220934111498
              ],
              [
                54.08425811241413,
                17.01911886807146
              ],
              [
                53.681250605089915,
                16.897540651518725
              ],
              [
                53.33573440025593,
                16.763379656035326
              ],
              [
                53.208453211291086,
                16.718633257109545
              ],
              [
                53.02094939659382,
                16.653768144804857
              ],
              [
                52.894324335558665,
                16.60995253201189
              ],
              [
                52.65216735313679,
                16.488719545561693
              ],
              [
                52.35659697960163,
                16.233945451933764
              ],
              [
                52.23764327476765,
                16.10025557156267
              ],
              [
                52.16285613487507,
                15.871372781950853
              ],
              [
                52.135169062121165,
                15.687059961516283
              ],
              [
                51.95041182945515,
                15.540526949126146
              ],
              [
                51.59900174748453,
                15.378753642468041
              ],
              [
                51.312563929064524,
                15.246890627104662
              ],
              [
                50.29111770103718,
                14.958784662444017
              ],
              [
                49.71286300133015,
                14.773288332182787
              ],
              [
                49.33384993980671,
                14.632695757109545
              ],
              [
                49.17317870567585,
                14.498915277678392
              ],
              [
                48.96038726280476,
                14.21889742489519
              ],
              [
                48.76460174034382,
                14.097749315459154
              ],
              [
                48.536746057970774,
                14.046437822539232
              ],
              [
                48.270144495470774,
                14.077626787382982
              ],
              [
                48.0361662239864,
                14.045357309538744
              ],
              [
                47.662295374377024,
                13.847587190825365
              ],
              [
                47.36957457969929,
                13.6690526830739
              ],
              [
                46.939394983752024,
                13.490221582610033
              ],
              [
                46.877734106218426,
                13.473871601683081
              ],
              [
                46.711331972808495,
                13.935677293257665
              ],
              [
                46.33527120463091,
                14.096846193905204
              ]
            ]
          ]
        ]
      }
    },
    {
      "type": "Feature",
      "properties": {
        "NAME": "Muscat",
        "ABBREVN": "Muscat",
        "SUBJECTO": "Muscat",
        "BORDERPRECISION": 1,
        "PARTOF": "Muscat",
        "entity_id": "muscat",
        "name_en": "Muscat",
        "source": "historical-basemaps",
        "revision_saved_at": "2026-07-05T10:00:53.142Z"
      },
      "geometry": {
        "type": "MultiPolygon",
        "coordinates": [
          [
            [
              [
                54.77081969688679,
                24.73348196621599
              ],
              [
                55.09080031822468,
                25.02003630276384
              ],
              [
                55.457198175890696,
                25.420184694487475
              ],
              [
                55.53048613975788,
                25.37295492764177
              ],
              [
                55.633460077746165,
                25.4531741964406
              ],
              [
                56.01545623253132,
                25.771625124174975
              ],
              [
                56.15673354576374,
                25.9664798605031
              ],
              [
                56.29730895469929,
                26.15973051663103
              ],
              [
                56.36705306480671,
                26.23611982937517
              ],
              [
                56.40502837608601,
                25.861381136137865
              ],
              [
                56.214846643908274,
                25.543342195708178
              ],
              [
                56.16130736778523,
                25.47334440823259
              ],
              [
                56.28163579109504,
                25.46239995693982
              ],
              [
                56.36601928184773,
                25.454724870879076
              ],
              [
                56.406260523302805,
                25.308688722807787
              ],
              [
                56.40648177574421,
                25.07998427029314
              ],
              [
                56.405257257921946,
                24.918748460966967
              ],
              [
                56.40537551353718,
                24.8195072042531
              ],
              [
                56.610796961291086,
                24.47688253994646
              ],
              [
                56.79418853233601,
                24.26761397000017
              ],
              [
                57.146197351916086,
                23.9824710714406
              ],
              [
                57.396296877561824,
                23.83704082328193
              ],
              [
                57.45101455162312,
                23.805223070341967
              ],
              [
                57.90421584556843,
                23.571113191801928
              ],
              [
                58.08071807335163,
                23.501605592924975
              ],
              [
                58.20529464195515,
                23.495515428740404
              ],
              [
                58.46465590904499,
                23.50877150173845
              ],
              [
                58.62849334190632,
                23.4582954275197
              ],
              [
                59.02163604210163,
                23.020764909941576
              ],
              [
                59.25432113121296,
                22.72900541897478
              ],
              [
                59.46142104576374,
                22.538865648466967
              ],
              [
                59.82569030235554,
                22.37445219631853
              ],
              [
                59.837283167345774,
                22.279178224760912
              ],
              [
                59.53569320152546,
                21.8020511495656
              ],
              [
                59.25884917686726,
                21.47744711514177
              ],
              [
                58.86135390709187,
                21.11447676296892
              ],
              [
                58.774060503784106,
                20.941229844505894
              ],
              [
                58.51204970787312,
                20.421229921538256
              ],
              [
                58.403086695177805,
                20.357472978789232
              ],
              [
                58.15044692466999,
                20.39505537625017
              ],
              [
                58.04437163780476,
                20.43295057888689
              ],
              [
                57.93127349327351,
                20.400937639433764
              ],
              [
                56.78285797913236,
                22.290627166423207
              ],
              [
                55.55439193272457,
                23.519093212831
              ],
              [
                54.77081969688679,
                24.73348196621599
              ]
            ]
          ]
        ]
      }
    },
    {
      "type": "Feature",
      "properties": {
        "NAME": "minor Hindu kingdoms",
        "ABBREVN": "minor Hindu kingdoms",
        "SUBJECTO": "minor Hindu kingdoms",
        "BORDERPRECISION": 1,
        "PARTOF": "minor Hindu kingdoms",
        "entity_id": "hindu-kingdoms",
        "name_en": "minor Hindu kingdoms",
        "source": "historical-basemaps",
        "revision_saved_at": "2026-07-05T10:00:53.142Z"
      },
      "geometry": {
        "type": "MultiPolygon",
        "coordinates": [
          [
            [
              [
                84.30392613648812,
                20.751919204121563
              ],
              [
                81.86185280153937,
                18.730193974415585
              ],
              [
                79.32813168485968,
                17.23299513274122
              ],
              [
                79.43194022856,
                16.017480187767116
              ],
              [
                80.45975783775593,
                15.773146234709642
              ],
              [
                80.30021956871296,
                15.645742975432299
              ],
              [
                80.16343215416218,
                15.39131888027849
              ],
              [
                80.08940413902546,
                15.175155245024584
              ],
              [
                80.0870695442989,
                14.94643362637224
              ],
              [
                77.44999264222808,
                14.197203801854247
              ],
              [
                77.30546722500364,
                13.76362755018091
              ],
              [
                78.02809431112587,
                11.74027170903867
              ],
              [
                78.1596335770094,
                11.06481724294239
              ],
              [
                76.07506087730671,
                10.553955637175463
              ],
              [
                75.65175155113484,
                11.423489175993822
              ],
              [
                75.5906967808219,
                11.517517622322632
              ],
              [
                75.21094039390827,
                12.10236796017351
              ],
              [
                74.96174148033406,
                12.876961313444994
              ],
              [
                74.77759773629309,
                13.527907139134715
              ],
              [
                74.73362258384968,
                13.68335875149431
              ],
              [
                74.70298936199268,
                13.751270509405119
              ],
              [
                74.42143634905956,
                14.375454284217641
              ],
              [
                74.40150741050984,
                14.419635378081225
              ],
              [
                74.37707415176834,
                14.461922599128645
              ],
              [
                74.15313195012304,
                14.849504684801884
              ],
              [
                74.03218368004109,
                15.058832727629564
              ],
              [
                73.84143355797077,
                15.390475832182787
              ],
              [
                73.57273391197468,
                16.037927232939623
              ],
              [
                73.50805146578091,
                16.243956660290955
              ],
              [
                73.49423716325276,
                16.287958596003243
              ],
              [
                73.40928939293171,
                16.558538042265795
              ],
              [
                73.39573464238468,
                16.616407518475278
              ],
              [
                73.18471275450153,
                17.51732606198986
              ],
              [
                73.06422713707234,
                18.031716905791185
              ],
              [
                72.97611020320149,
                18.538566210781177
              ],
              [
                72.85335067222859,
                19.244680010039232
              ],
              [
                72.78251174400593,
                19.94968756313982
              ],
              [
                72.75949386070515,
                20.057649217802904
              ],
              [
                72.86443618248249,
                20.311982713896654
              ],
              [
                73.10968306968952,
                20.687320314604662
              ],
              [
                73.11286452720906,
                20.827090822417162
              ],
              [
                72.93113234947468,
                20.95375784512224
              ],
              [
                72.76573470543171,
                21.150355898100756
              ],
              [
                72.71466353843952,
                21.436120592314623
              ],
              [
                72.66594222496296,
                21.848943315703295
              ],
              [
                72.69562056968952,
                22.12853582974138
              ],
              [
                72.31904891441609,
                22.11503180142107
              ],
              [
                72.23298171470906,
                22.019551836211107
              ],
              [
                72.12713912437702,
                21.828742586333178
              ],
              [
                72.13103774498249,
                21.746179186064623
              ],
              [
                72.25569442222859,
                21.632083498198412
              ],
              [
                72.28899672935749,
                21.54956968899431
              ],
              [
                72.25619796226765,
                21.352563463408373
              ],
              [
                72.1208601326778,
                21.155339800078295
              ],
              [
                71.89442733238484,
                20.989677034575365
              ],
              [
                71.52892592857624,
                20.823730074126146
              ],
              [
                71.30259231041218,
                20.772426210600756
              ],
              [
                71.0244474739864,
                20.657476030547045
              ],
              [
                70.85505202720906,
                20.650762163359545
              ],
              [
                70.46747878502156,
                20.77700003262224
              ],
              [
                70.20994857261921,
                20.94797857876482
              ],
              [
                69.75222304771687,
                21.398070894438646
              ],
              [
                69.12606337974812,
                21.96850737209978
              ],
              [
                68.8941755623653,
                22.285655580717943
              ],
              [
                69.01423171470906,
                22.30496748562517
              ],
              [
                69.49224379966999,
                22.24880941982927
              ],
              [
                69.76916793297077,
                22.287507616240404
              ],
              [
                69.96852401207234,
                22.35145720120134
              ],
              [
                70.17620376060749,
                22.478955827910326
              ],
              [
                70.41056350181843,
                22.752622209746264
              ],
              [
                70.3806486458614,
                22.860560976225756
              ],
              [
                70.31022170494343,
                22.82864340420427
              ],
              [
                70.04594710777546,
                22.777261339384935
              ],
              [
                69.66488936851765,
                22.789163194853685
              ],
              [
                69.39181807945515,
                22.8394046651906
              ],
              [
                69.10719588707234,
                22.898904405791185
              ],
              [
                68.88241103599812,
                22.99714811917009
              ],
              [
                73.18649283410694,
                24.675296550626562
              ],
              [
                73.98138262884139,
                24.45850842478989
              ],
              [
                74.19817075467806,
                23.952669464504332
              ],
              [
                73.54780637716806,
                21.784788206137648
              ],
              [
                73.76459450300472,
                21.495737371688755
              ],
              [
                75.13758596663696,
                21.206686537239868
              ],
              [
                79.11203494030921,
                21.85705091474987
              ],
              [
                79.4010857747581,
                22.218364457810985
              ],
              [
                79.4010857747581,
                23.374567795606545
              ],
              [
                79.90692473504366,
                23.446830504218774
              ],
              [
                80.48502640394145,
                23.30230508699433
              ],
              [
                80.70181452977812,
                22.796466126708765
              ],
              [
                82.00254328479814,
                22.868728835320994
              ],
              [
                82.36385682785924,
                22.65194070948432
              ],
              [
                83.1587466225937,
                21.568000080300976
              ],
              [
                84.30392613648812,
                20.751919204121563
              ]
            ]
          ]
        ]
      }
    },
    {
      "type": "Feature",
      "properties": {
        "NAME": "Đại Việt",
        "ABBREVN": "Đại Việt",
        "SUBJECTO": "Đại Việt",
        "BORDERPRECISION": 1,
        "PARTOF": "Đại Việt",
        "entity_id": "dai-viet",
        "name_en": "Đại Việt",
        "source": "historical-basemaps",
        "revision_saved_at": "2026-07-05T10:00:53.142Z"
      },
      "geometry": {
        "type": "MultiPolygon",
        "coordinates": [
          [
            [
              [
                107.01773418125487,
                15.022454240537204
              ],
              [
                106.06602525266834,
                14.486254636303137
              ],
              [
                105.87574433746508,
                14.46367893449936
              ],
              [
                105.77697441821945,
                15.425669848262032
              ],
              [
                104.93303328904541,
                17.45088269805765
              ],
              [
                104.111285899852,
                17.998714290853265
              ],
              [
                101.64604373227175,
                17.998714290853265
              ],
              [
                101.657367324407,
                19.661170456991734
              ],
              [
                101.85148057957011,
                20.532435407532958
              ],
              [
                102.97995917115581,
                20.966465635065923
              ],
              [
                105.41238593274157,
                21.902014389521984
              ],
              [
                106.23413332193499,
                21.69657754222363
              ],
              [
                107.46579268883015,
                20.976270281035326
              ],
              [
                107.37433913658406,
                20.880792223173998
              ],
              [
                106.8070402474239,
                20.905006014067553
              ],
              [
                106.7462492317989,
                20.815949999052904
              ],
              [
                106.77157119224812,
                20.63813933010759
              ],
              [
                106.64429000328327,
                20.46636541958513
              ],
              [
                106.38092330406452,
                20.11008795376482
              ],
              [
                106.28142836998249,
                20.046357713896654
              ],
              [
                106.04167464683796,
                19.937850557524584
              ],
              [
                105.96486953209187,
                19.88052328701677
              ],
              [
                105.84338668297077,
                19.70240934963884
              ],
              [
                105.70696547935749,
                19.2828803884572
              ],
              [
                105.53258040855671,
                18.844211183745287
              ],
              [
                105.65331557701374,
                18.742835603911303
              ],
              [
                105.86413100670124,
                18.489196382719896
              ],
              [
                106.36444381187702,
                18.007497392851732
              ],
              [
                106.37519362877156,
                17.899535738188646
              ],
              [
                106.39383986900593,
                17.66453894253435
              ],
              [
                106.43306258629109,
                17.550279222685717
              ],
              [
                106.62225631187702,
                17.328355394560717
              ],
              [
                107.00507535871475,
                17.037970481707667
              ],
              [
                106.78865233879057,
                16.36508506022093
              ],
              [
                106.8609150474028,
                15.497932556874257
              ],
              [
                107.01773418125487,
                15.022454240537204
              ]
            ]
          ]
        ]
      }
    },
    {
      "type": "Feature",
      "properties": {
        "NAME": "Khmer Empire",
        "ABBREVN": "Khmer Empire",
        "SUBJECTO": "Khmer Empire",
        "BORDERPRECISION": 1,
        "PARTOF": "Khmer Empire",
        "entity_id": "khmer-empire",
        "name_en": "Khmer Empire",
        "source": "historical-basemaps",
        "revision_saved_at": "2026-07-05T10:00:53.142Z"
      },
      "geometry": {
        "type": "MultiPolygon",
        "coordinates": [
          [
            [
              [
                108.94330729750659,
                11.41220059964261
              ],
              [
                108.89730361412312,
                11.342598520476244
              ],
              [
                108.69589522789265,
                11.145221315581225
              ],
              [
                108.58152297447468,
                11.08779390927019
              ],
              [
                108.3528166146114,
                11.042831026274584
              ],
              [
                108.16427901695515,
                10.966188989836596
              ],
              [
                107.93872359703327,
                10.806869112212084
              ],
              [
                107.67287734459187,
                10.52675589199724
              ],
              [
                107.41204360435749,
                10.3673587667531
              ],
              [
                107.26571944664265,
                10.347982011992357
              ],
              [
                107.03562453697468,
                10.436424814421557
              ],
              [
                106.85380080650593,
                10.575815759856127
              ],
              [
                106.77315810631062,
                10.63917215939226
              ],
              [
                106.70439437340046,
                10.44842108364763
              ],
              [
                106.72699264000202,
                10.226109110075853
              ],
              [
                106.74860671470906,
                10.067325197417162
              ],
              [
                106.65627578209187,
                9.743097864348314
              ],
              [
                106.48202804039265,
                9.552120767790697
              ],
              [
                106.33506301353718,
                9.520029627043627
              ],
              [
                106.22927382896687,
                9.55157621975603
              ],
              [
                106.11839583824421,
                9.335317217070482
              ],
              [
                105.92659285972859,
                9.188765131194017
              ],
              [
                105.69075301597859,
                9.124719225127123
              ],
              [
                105.50307753990437,
                9.02901705380144
              ],
              [
                105.29658797691609,
                8.774433695036791
              ],
              [
                105.20842269371296,
                8.65352591152849
              ],
              [
                105.02568343590046,
                8.519705377776049
              ],
              [
                104.90707686851765,
                8.474970422942064
              ],
              [
                104.74248031090046,
                8.493669115263842
              ],
              [
                104.7776213021114,
                8.881320558745287
              ],
              [
                104.82237533043171,
                9.472297273833178
              ],
              [
                104.89044478843952,
                9.6948095190114
              ],
              [
                104.98728469322468,
                9.822088800627611
              ],
              [
                104.9785261483028,
                9.980911813933275
              ],
              [
                104.76486495445515,
                10.177400194365404
              ],
              [
                104.42780593345906,
                10.284679018217943
              ],
              [
                104.38717940758015,
                10.314412676054857
              ],
              [
                104.27201369713093,
                10.398712717253588
              ],
              [
                104.16030410240437,
                10.519180856902025
              ],
              [
                104.0030622811153,
                10.537899576384447
              ],
              [
                103.83095076988484,
                10.47399767513933
              ],
              [
                103.73876479576374,
                10.492859445769213
              ],
              [
                103.60692122886921,
                10.47350939388933
              ],
              [
                103.52486709068562,
                10.52416857357683
              ],
              [
                103.58845809410359,
                10.664080225188158
              ],
              [
                103.67030623863484,
                10.765905939299486
              ],
              [
                103.65232375572468,
                10.88022383328142
              ],
              [
                103.52488997886921,
                11.057841860014818
              ],
              [
                103.40011886070515,
                11.038512788969896
              ],
              [
                103.19204238365437,
                10.904642664153002
              ],
              [
                103.03959182213093,
                10.897970758635424
              ],
              [
                102.96258834312702,
                11.367944322783373
              ],
              [
                102.67077926109577,
                12.037724100310228
              ],
              [
                102.65849593590046,
                12.066133104521654
              ],
              [
                102.52975753258015,
                12.14844950314226
              ],
              [
                102.32390883873249,
                12.186125360686205
              ],
              [
                101.91858199547077,
                12.585492693144701
              ],
              [
                101.72353652427937,
                12.654962145048998
              ],
              [
                101.58664229820515,
                12.661016069609545
              ],
              [
                101.3291120858028,
                12.558820329863451
              ],
              [
                101.15365889976765,
                12.609263025481127
              ],
              [
                101.02302840660359,
                12.672516428191088
              ],
              [
                100.87163070152546,
                12.678542696196459
              ],
              [
                100.87124160240437,
                12.805599771696947
              ],
              [
                100.95698073814656,
                13.364850603300951
              ],
              [
                100.90870955894734,
                13.447337709624193
              ],
              [
                101.80252544454719,
                13.980415676017579
              ],
              [
                105.87574433746508,
                14.46367893449936
              ],
              [
                106.06602525266834,
                14.486254636303137
              ],
              [
                107.01773418125487,
                15.022454240537204
              ],
              [
                107.29674819420124,
                14.176478944975756
              ],
              [
                107.3097029061153,
                13.878046594817064
              ],
              [
                107.51459029625202,
                13.421952806670092
              ],
              [
                107.48029616783406,
                13.256602846342943
              ],
              [
                107.45781997154499,
                13.065914713103197
              ],
              [
                107.48226455162312,
                12.583323084074877
              ],
              [
                107.38450149009968,
                12.354075990874193
              ],
              [
                107.5112794249128,
                11.668009000426444
              ],
              [
                108.94330729750659,
                11.41220059964261
              ]
            ]
          ]
        ]
      }
    },
    {
      "type": "Feature",
      "properties": {
        "NAME": "Champa",
        "ABBREVN": "Champa",
        "SUBJECTO": "Champa",
        "BORDERPRECISION": 1,
        "PARTOF": "Champa",
        "entity_id": "champa",
        "name_en": "Champa",
        "source": "historical-basemaps",
        "revision_saved_at": "2026-07-05T10:00:53.142Z"
      },
      "geometry": {
        "type": "MultiPolygon",
        "coordinates": [
          [
            [
              [
                107.69201949547077,
                16.37142714138689
              ],
              [
                107.80916884849812,
                16.28274305935564
              ],
              [
                108.0953474373653,
                16.25158842678728
              ],
              [
                108.23614791343952,
                16.080380998808764
              ],
              [
                108.36306289146687,
                15.623269640166185
              ],
              [
                108.49894240806843,
                15.36310728665056
              ],
              [
                108.78612044761921,
                15.090558611113451
              ],
              [
                108.91776565025593,
                14.792262636382006
              ],
              [
                109.07114699791218,
                14.170025430876635
              ],
              [
                109.30712417076374,
                12.906332575041674
              ],
              [
                109.17454055259968,
                12.709093652922533
              ],
              [
                109.06843093345906,
                12.48651274319353
              ],
              [
                109.09094527672077,
                12.118089281279467
              ],
              [
                109.04842666099812,
                11.933768831450365
              ],
              [
                109.07335189293171,
                11.635222040373705
              ],
              [
                109.06130507896687,
                11.590727411467455
              ],
              [
                108.94330729750659,
                11.41220059964261
              ],
              [
                107.5112794249128,
                11.668009000426444
              ],
              [
                107.38450149009968,
                12.354075990874193
              ],
              [
                107.48226455162312,
                12.583323084074877
              ],
              [
                107.45781997154499,
                13.065914713103197
              ],
              [
                107.48029616783406,
                13.256602846342943
              ],
              [
                107.51459029625202,
                13.421952806670092
              ],
              [
                107.3097029061153,
                13.878046594817064
              ],
              [
                107.29674819420124,
                14.176478944975756
              ],
              [
                107.01773418125487,
                15.022454240537204
              ],
              [
                106.8609150474028,
                15.497932556874257
              ],
              [
                106.78865233879057,
                16.36508506022093
              ],
              [
                107.00507535871475,
                17.037970481707667
              ],
              [
                107.11497024009968,
                16.954610429961107
              ],
              [
                107.69201949547077,
                16.37142714138689
              ]
            ]
          ]
        ]
      }
    },
    {
      "type": "Feature",
      "properties": {
        "NAME": "Tibet",
        "ABBREVN": "Tibet",
        "SUBJECTO": "Tibet",
        "BORDERPRECISION": 1,
        "PARTOF": "Tibet",
        "entity_id": "tibet",
        "name_en": "Tibet",
        "source": "historical-basemaps",
        "revision_saved_at": "2026-07-05T10:00:53.142Z"
      },
      "geometry": {
        "type": "MultiPolygon",
        "coordinates": [
          [
            [
              [
                83.73995815744011,
                28.204841485100737
              ],
              [
                80.05398091946621,
                29.981535549447877
              ],
              [
                79.80756351070187,
                30.709232719747167
              ],
              [
                79.80756351070187,
                31.160874648573557
              ],
              [
                80.07854866799771,
                31.883501734695784
              ],
              [
                79.80756351070187,
                33.057770749644405
              ],
              [
                79.89789189646716,
                34.05138299306247
              ],
              [
                81.25281768294633,
                34.05138299306247
              ],
              [
                81.794787997538,
                34.503024921888866
              ],
              [
                81.79462389462604,
                34.76804767338405
              ],
              [
                82.69337400437699,
                34.743311431831266
              ],
              [
                86.82103604173155,
                35.1118526851665
              ],
              [
                89.91678256974747,
                35.185560935833536
              ],
              [
                90,
                35.62781043983581
              ],
              [
                89.91678256974747,
                35.99635169317104
              ],
              [
                90,
                36.51230944784036
              ],
              [
                91.68578058575658,
                36.36489294650627
              ],
              [
                95.51860962044294,
                37.10197545317673
              ],
              [
                101.68757091375052,
                36.3073807256478
              ],
              [
                102.40610101767813,
                33.720672351508384
              ],
              [
                100.68162876825185,
                28.690961624015074
              ],
              [
                98.63722518394734,
                27.47874220486345
              ],
              [
                98.55070355699716,
                28.2884319812377
              ],
              [
                97.61128834503826,
                28.938796358747705
              ],
              [
                95.08209354361047,
                28.722008232911037
              ],
              [
                91.83027165606045,
                27.276754060666583
              ],
              [
                88.66374230840769,
                26.414279106455098
              ],
              [
                86.23137003639518,
                27.003945111791463
              ],
              [
                83.73995815744011,
                28.204841485100737
              ]
            ]
          ]
        ]
      }
    },
    {
      "type": "Feature",
      "properties": {
        "NAME": "Sultanate of Delhi",
        "ABBREVN": "Sultanate of Delhi",
        "SUBJECTO": "Sultanate of Delhi",
        "BORDERPRECISION": 1,
        "PARTOF": "Sultanate of Delhi",
        "entity_id": "delhi-sultanate",
        "name_en": "Sultanate of Delhi",
        "source": "historical-basemaps",
        "revision_saved_at": "2026-07-05T10:00:53.142Z"
      },
      "geometry": {
        "type": "MultiPolygon",
        "coordinates": [
          [
            [
              [
                68.23649729416968,
                29.37237261042104
              ],
              [
                69.82627688363858,
                31.757041994624394
              ],
              [
                71.00797290748199,
                33.054590569824995
              ],
              [
                71.66897595325027,
                33.78039783576664
              ],
              [
                72.79127117046276,
                34.22479658505415
              ],
              [
                72.82517929104583,
                34.06944867021553
              ],
              [
                73.11423012549471,
                33.274558875481084
              ],
              [
                73.47554366855583,
                32.98550804103219
              ],
              [
                80.05398091946621,
                29.981535549447877
              ],
              [
                83.73995815744011,
                28.204841485100737
              ],
              [
                86.23137003639518,
                27.003945111791463
              ],
              [
                88.66374230840769,
                26.414279106455098
              ],
              [
                90,
                25.686974471197676
              ],
              [
                90,
                25.325660928136564
              ],
              [
                90,
                24.96434738507545
              ],
              [
                90,
                22.979495607573412
              ],
              [
                90,
                22.922177873808764
              ],
              [
                90,
                22.68076094265642
              ],
              [
                90,
                22.325391374785326
              ],
              [
                90,
                22.1348090993947
              ],
              [
                90,
                22.05844648953142
              ],
              [
                90,
                22.019904695708178
              ],
              [
                90,
                21.93025358792009
              ],
              [
                89.90268996666218,
                22.107825838286303
              ],
              [
                89.86968520591999,
                22.1332279073781
              ],
              [
                89.79633620689656,
                21.832069002348803
              ],
              [
                89.6701765389278,
                21.719838701445482
              ],
              [
                89.57895186851765,
                21.700582109648607
              ],
              [
                89.45661452720906,
                21.94171293850603
              ],
              [
                89.23388198326374,
                21.655381761748217
              ],
              [
                89.07225326011921,
                21.774339281279467
              ],
              [
                88.99476912925984,
                21.629476152617357
              ],
              [
                89.02553847740437,
                21.546960436064623
              ],
              [
                88.88093856285359,
                21.514886461455248
              ],
              [
                88.72346023033406,
                21.53995283718767
              ],
              [
                88.65697768638874,
                21.857440553862475
              ],
              [
                88.56759932945515,
                21.89536627407732
              ],
              [
                88.45388320396687,
                21.736314378935717
              ],
              [
                88.37705520103718,
                21.577336870390795
              ],
              [
                88.2995710701778,
                21.551770769316576
              ],
              [
                88.24792769859577,
                21.596122347075365
              ],
              [
                88.12160781334187,
                21.86265143032732
              ],
              [
                88.05304244468952,
                21.938741289336107
              ],
              [
                87.86748794029499,
                21.696960054594896
              ],
              [
                87.64071944664265,
                21.563081346709154
              ],
              [
                87.19423964927937,
                21.384255968291185
              ],
              [
                86.93719771812702,
                21.288428865630053
              ],
              [
                86.81869796226765,
                21.186534486967943
              ],
              [
                86.79619124840046,
                21.1356693136281
              ],
              [
                86.84421065758015,
                20.875316225249193
              ],
              [
                86.92611220787312,
                20.69125898953142
              ],
              [
                86.77521041343952,
                20.468600832182787
              ],
              [
                86.6378507942989,
                20.31910666104021
              ],
              [
                86.63238051841999,
                20.203647218901537
              ],
              [
                86.38562301109577,
                20.016744219023607
              ],
              [
                86.11916640709187,
                19.806542955595873
              ],
              [
                85.9089460701778,
                19.723508440215014
              ],
              [
                85.71477797935749,
                19.697682939726732
              ],
              [
                85.37910750816609,
                19.60537489529314
              ],
              [
                84.6843318434497,
                20.21248106062526
              ],
              [
                84.30392613648812,
                20.751919204121563
              ],
              [
                83.1587466225937,
                21.568000080300976
              ],
              [
                82.36385682785924,
                22.65194070948432
              ],
              [
                82.00254328479814,
                22.868728835320994
              ],
              [
                80.70181452977812,
                22.796466126708765
              ],
              [
                80.48502640394145,
                23.30230508699433
              ],
              [
                79.90692473504366,
                23.446830504218774
              ],
              [
                79.4010857747581,
                23.374567795606545
              ],
              [
                79.4010857747581,
                22.218364457810985
              ],
              [
                79.11203494030921,
                21.85705091474987
              ],
              [
                75.13758596663696,
                21.206686537239868
              ],
              [
                73.76459450300472,
                21.495737371688755
              ],
              [
                73.54780637716806,
                21.784788206137648
              ],
              [
                74.19817075467806,
                23.952669464504332
              ],
              [
                73.98138262884139,
                24.45850842478989
              ],
              [
                73.18649283410694,
                24.675296550626562
              ],
              [
                68.88241103599812,
                22.99714811917009
              ],
              [
                68.79081252525593,
                23.028724275786303
              ],
              [
                68.37294295738484,
                23.326415621001146
              ],
              [
                68.0721769661739,
                23.67518766995134
              ],
              [
                68.04699996422077,
                23.764070116240404
              ],
              [
                67.69232467125202,
                23.814155183989428
              ],
              [
                67.48602584312702,
                23.928060136992357
              ],
              [
                67.31589034508015,
                24.092885576445482
              ],
              [
                67.2042341561153,
                24.588166795927904
              ],
              [
                67.1535978646114,
                24.65159186001482
              ],
              [
                66.99953750084187,
                24.714782320219896
              ],
              [
                66.70171645591999,
                24.752278886992357
              ],
              [
                66.65421584556843,
                24.783935152251146
              ],
              [
                66.64811232994343,
                24.90462454434099
              ],
              [
                66.70050338218952,
                25.114379488188646
              ],
              [
                66.62050918052937,
                25.31748541470232
              ],
              [
                66.43233016441609,
                25.488610826689623
              ],
              [
                66.30008986900593,
                25.494687639433764
              ],
              [
                67.74817373612484,
                28.39449734646444
              ],
              [
                68.23649729416968,
                29.37237261042104
              ]
            ]
          ]
        ]
      }
    },
    {
      "type": "Feature",
      "properties": {
        "NAME": "Kashmir and Ladakh",
        "ABBREVN": "Kash./Lad.",
        "SUBJECTO": "Kashmir and Ladakh",
        "BORDERPRECISION": 1,
        "PARTOF": "Kashmir and Ladakh",
        "entity_id": "kashmir-ladakh",
        "name_en": "Kashmir and Ladakh",
        "source": "historical-basemaps",
        "revision_saved_at": "2026-07-05T10:00:53.142Z"
      },
      "geometry": {
        "type": "MultiPolygon",
        "coordinates": [
          [
            [
              [
                72.79127117046276,
                34.22479658505415
              ],
              [
                74.659174681669,
                34.9644361838324
              ],
              [
                76.01377130856017,
                35.49663716530693
              ],
              [
                78.4526377242227,
                35.135323622245814
              ],
              [
                81.25281768294633,
                35.31598039377637
              ],
              [
                81.79462389462604,
                34.76804767338405
              ],
              [
                81.794787997538,
                34.503024921888866
              ],
              [
                81.25281768294633,
                34.05138299306247
              ],
              [
                79.89789189646716,
                34.05138299306247
              ],
              [
                79.80756351070187,
                33.057770749644405
              ],
              [
                80.07854866799771,
                31.883501734695784
              ],
              [
                79.80756351070187,
                31.160874648573557
              ],
              [
                79.80756351070187,
                30.709232719747167
              ],
              [
                80.05398091946621,
                29.981535549447877
              ],
              [
                73.47554366855583,
                32.98550804103219
              ],
              [
                73.11423012549471,
                33.274558875481084
              ],
              [
                72.82517929104583,
                34.06944867021553
              ],
              [
                72.79127117046276,
                34.22479658505415
              ]
            ]
          ]
        ]
      }
    },
    {
      "type": "Feature",
      "properties": {
        "NAME": "Chagatai Khanate",
        "ABBREVN": "Chagatai",
        "SUBJECTO": "Mongol Empire",
        "BORDERPRECISION": 1,
        "PARTOF": "Mongol Empire",
        "entity_id": "chagatai-khanate",
        "name_en": "Chagatai Khanate",
        "source": "historical-basemaps",
        "revision_saved_at": "2026-07-05T10:00:53.142Z"
      },
      "geometry": {
        "type": "MultiPolygon",
        "coordinates": [
          [
            [
              [
                60.025647028105865,
                42.361594483468096
              ],
              [
                63.54845407295173,
                45.25210282795702
              ],
              [
                70.50373977687818,
                50.129835659282065
              ],
              [
                79.17526481034493,
                49.40720857315983
              ],
              [
                82.42708669789495,
                49.587865344690385
              ],
              [
                85.67890858544497,
                50.310492430812616
              ],
              [
                88.38876015840334,
                50.4008208165779
              ],
              [
                90,
                50.07330645934762
              ],
              [
                93.80846330432006,
                49.67819373045566
              ],
              [
                93.26649298972838,
                49.136223415863995
              ],
              [
                93.80846330432006,
                48.59425310127232
              ],
              [
                93.80846330432006,
                48.05228278668065
              ],
              [
                90,
                46.42637184290564
              ],
              [
                90,
                43.89717704147783
              ],
              [
                92.00189558901448,
                41.909952554641706
              ],
              [
                81.25281768294633,
                35.31598039377637
              ],
              [
                78.4526377242227,
                35.135323622245814
              ],
              [
                76.01377130856017,
                35.49663716530693
              ],
              [
                74.659174681669,
                34.9644361838324
              ],
              [
                72.79127117046276,
                34.22479658505415
              ],
              [
                71.66897595325027,
                33.78039783576664
              ],
              [
                71.00797290748199,
                33.054590569824995
              ],
              [
                69.82627688363858,
                31.757041994624394
              ],
              [
                67.8842165896851,
                36.85156295178611
              ],
              [
                67.34224627509343,
                37.21287649484722
              ],
              [
                66.70994757473647,
                37.21287649484722
              ],
              [
                66.52929080320592,
                38.1161603525
              ],
              [
                64.63239470213507,
                38.838787438622234
              ],
              [
                63.729110844482285,
                39.47108613897919
              ],
              [
                62.103199900707274,
                40.37436999663197
              ],
              [
                62.01287151494199,
                41.187325468519475
              ],
              [
                61.10958765728921,
                41.187325468519475
              ],
              [
                60.025647028105865,
                42.361594483468096
              ]
            ]
          ]
        ]
      }
    },
    {
      "type": "Feature",
      "properties": {
        "NAME": "Poland",
        "ABBREVN": "Poland",
        "SUBJECTO": "Poland",
        "BORDERPRECISION": 1,
        "PARTOF": "Poland",
        "entity_id": "poland",
        "name_en": "Poland",
        "source": "historical-basemaps",
        "revision_saved_at": "2026-07-05T10:00:53.142Z"
      },
      "geometry": {
        "type": "MultiPolygon",
        "coordinates": [
          [
            [
              [
                21.768063558826285,
                49.74367772256412
              ],
              [
                21.316853343510925,
                49.86400044664822
              ],
              [
                21.28659832479811,
                49.77323539050977
              ],
              [
                21.13532323123402,
                49.833745427935405
              ],
              [
                20.98404813766993,
                49.742980371796946
              ],
              [
                20.89328308153148,
                49.833745427935405
              ],
              [
                20.802518025393027,
                49.833745427935405
              ],
              [
                20.89328308153148,
                49.742980371796946
              ],
              [
                20.681497950541754,
                49.652215315658495
              ],
              [
                20.530222856977666,
                49.80349040922258
              ],
              [
                20.34869274470076,
                49.742980371796946
              ],
              [
                20.015887538859765,
                49.80349040922258
              ],
              [
                19.89486746400849,
                49.47068520338159
              ],
              [
                19.713337351731585,
                49.53119524080722
              ],
              [
                19.562062258167497,
                49.53119524080722
              ],
              [
                19.562062258167497,
                49.71272535308413
              ],
              [
                19.38053214589059,
                49.80349040922258
              ],
              [
                19.13849199618805,
                49.71272535308413
              ],
              [
                19.10823697747523,
                49.59170527823286
              ],
              [
                18.926706865198327,
                49.62196029694568
              ],
              [
                18.896451846485505,
                49.71272535308413
              ],
              [
                18.796315226061594,
                49.71344717617693
              ],
              [
                18.7690687689537,
                50.176988041068746
              ],
              [
                18.745633522312637,
                50.266041978304784
              ],
              [
                18.64603658024246,
                50.64451035817146
              ],
              [
                18.14006119968632,
                50.987658935098196
              ],
              [
                17.63976762351714,
                51.43687995776668
              ],
              [
                17.552547491302498,
                51.65493028830329
              ],
              [
                17.290887094658565,
                51.78576048662526
              ],
              [
                17.20366696244392,
                51.61132022219597
              ],
              [
                16.854786433585346,
                51.65493028830329
              ],
              [
                16.854786433585346,
                51.916590684947224
              ],
              [
                16.505905904726767,
                52.178251081591156
              ],
              [
                16.505905904726767,
                52.00381081716186
              ],
              [
                16.095099081995798,
                52.12417459961807
              ],
              [
                15.764534780902293,
                52.265471213805796
              ],
              [
                15.760173774291564,
                52.57074167655705
              ],
              [
                15.815994658908938,
                52.57074167655705
              ],
              [
                15.843905101217622,
                52.71029388810048
              ],
              [
                16.053120673865045,
                52.71644728729599
              ],
              [
                16.203755181044727,
                53.34332759862226
              ],
              [
                16.41554031203445,
                53.52485771089917
              ],
              [
                16.203755181044727,
                53.70638782317607
              ],
              [
                16.657580461736995,
                53.85766291674016
              ],
              [
                16.808855555301083,
                53.464347673473526
              ],
              [
                16.808855555301083,
                53.85766291674016
              ],
              [
                16.687835480449813,
                54.03919302901707
              ],
              [
                16.99038566757799,
                54.19046812258115
              ],
              [
                17.111405742429262,
                54.12995808515552
              ],
              [
                17.746761135398433,
                54.4325082722837
              ],
              [
                17.65761283348347,
                54.6854625570363
              ],
              [
                18.279448542101633,
                54.724120699126146
              ],
              [
                18.759530100329172,
                54.5364147054738
              ],
              [
                18.36291602562214,
                54.66889151211443
              ],
              [
                18.338496241076243,
                54.602645479399584
              ],
              [
                18.453806910021555,
                54.52537878628435
              ],
              [
                18.51315597008015,
                54.315780245024584
              ],
              [
                18.673077616198313,
                54.25514181729021
              ],
              [
                18.684934699163794,
                54.25402242200741
              ],
              [
                18.281678661303353,
                53.357107921746035
              ],
              [
                18.58967158662456,
                53.100447150645024
              ],
              [
                18.948996666165975,
                53.25444361330563
              ],
              [
                19.205657437266982,
                53.25444361330563
              ],
              [
                19.564982516808396,
                53.45977223018644
              ],
              [
                20.078304059010414,
                53.665100847067244
              ],
              [
                20.078304059010414,
                53.511104384406636
              ],
              [
                20.386296984331626,
                53.511104384406636
              ],
              [
                20.428245098664974,
                53.77814771355634
              ],
              [
                20.709395381809642,
                53.75806555047458
              ],
              [
                20.80980619721845,
                53.63757257198401
              ],
              [
                21.10494714341445,
                53.81909730972785
              ],
              [
                21.464272222955863,
                53.81909730972785
              ],
              [
                21.358384324327346,
                53.19726252285008
              ],
              [
                21.358384324327346,
                52.609517688444924
              ],
              [
                21.358384324327346,
                52.28299278044206
              ],
              [
                21.750214213930782,
                52.02177285403977
              ],
              [
                21.68490923233021,
                51.564637982835755
              ],
              [
                21.42368930592792,
                51.49933300123518
              ],
              [
                21.750214213930782,
                50.78097820362888
              ],
              [
                21.768063558826285,
                49.74367772256412
              ]
            ]
          ]
        ]
      }
    },
    {
      "type": "Feature",
      "properties": {
        "NAME": "Lithuania",
        "ABBREVN": "Lithuania",
        "SUBJECTO": "Lithuania",
        "BORDERPRECISION": 1,
        "PARTOF": "Lithuania",
        "entity_id": "lithuania",
        "name_en": "Lithuania",
        "source": "historical-basemaps",
        "clipped_by": [
          "galicia-volhynia"
        ],
        "revision_saved_at": "2026-07-05T10:00:53.142Z"
      },
      "geometry": {
        "type": "Polygon",
        "coordinates": [
          [
            [
              21.141797875946047,
              56.12729915620206
            ],
            [
              21.31027576029526,
              55.51305839899451
            ],
            [
              21.66960083983667,
              55.51305839899451
            ],
            [
              22.028925919378082,
              55.2563976278935
            ],
            [
              21.92626161093768,
              54.94840470257229
            ],
            [
              22.131590227818485,
              54.79440823991168
            ],
            [
              22.080258073598287,
              54.58907962303088
            ],
            [
              22.18292238203869,
              54.53774746881068
            ],
            [
              22.234254536258888,
              54.12709023504906
            ],
            [
              22.55840484855,
              53.06912200026873
            ],
            [
              22.6462345123291,
              53.25962829589844
            ],
            [
              23.24071502685547,
              53.192195892333984
            ],
            [
              23.73433494567871,
              52.99003219604492
            ],
            [
              24.048059463500977,
              52.720787048339844
            ],
            [
              24.475860595703125,
              52.720787048339844
            ],
            [
              24.584125518798828,
              52.92268753051758
            ],
            [
              25.261734008789062,
              52.85536575317383
            ],
            [
              25.27767562866211,
              52.99003219604492
            ],
            [
              25.44915771484375,
              52.99003219604492
            ],
            [
              25.52788517992217,
              52.29032353431352
            ],
            [
              25.79912307316631,
              52.28299278044206
            ],
            [
              26.12564798116917,
              52.74012765164606
            ],
            [
              27.039917723577197,
              52.936042596447784
            ],
            [
              27.105222705177766,
              53.91561732045638
            ],
            [
              27.692967539582924,
              54.503362154861534
            ],
            [
              27.692967539582924,
              54.960497026065546
            ],
            [
              27.301137649979484,
              55.35232691566898
            ],
            [
              27.37053292420636,
              55.71934336485123
            ],
            [
              26.245430387074208,
              55.89609317211597
            ],
            [
              25.30739744607341,
              56.48853502959016
            ],
            [
              24.714955588599217,
              56.34042456522161
            ],
            [
              22.74542925091462,
              56.350039320300105
            ],
            [
              21.90450131031612,
              56.350039320300105
            ],
            [
              21.141797875946047,
              56.12729915620206
            ]
          ]
        ]
      }
    },
    {
      "type": "Feature",
      "properties": {
        "NAME": "Bulgar Khanate",
        "ABBREVN": "Bulgar Khan.",
        "SUBJECTO": "Bulgar Khanate",
        "BORDERPRECISION": 1,
        "PARTOF": "Bulgar Khanate",
        "entity_id": "bulgaria",
        "name_en": "Bulgar Khanate",
        "source": "historical-basemaps",
        "revision_saved_at": "2026-07-05T10:00:53.142Z"
      },
      "geometry": {
        "type": "MultiPolygon",
        "coordinates": [
          [
            [
              [
                20.99418346540108,
                44.70007972459091
              ],
              [
                21.358384324327346,
                44.772919896376166
              ],
              [
                22.07673912193365,
                44.4463949883733
              ],
              [
                22.337959048335943,
                44.772919896376166
              ],
              [
                22.664483956338806,
                44.64230993317502
              ],
              [
                22.468569011537088,
                44.38109000677273
              ],
              [
                22.9257038827411,
                44.18517506197101
              ],
              [
                22.9257038827411,
                43.79334517236757
              ],
              [
                23.513448717146257,
                44.054565098769864
              ],
              [
                24.231803514752556,
                43.79334517236757
              ],
              [
                24.623633404356,
                43.98926011716929
              ],
              [
                25.472598165163447,
                43.728040190767
              ],
              [
                26.45217288917204,
                44.250480043571585
              ],
              [
                27.954187465985218,
                44.250480043571585
              ],
              [
                28.084797429186366,
                44.577004951574445
              ],
              [
                27.82357750278407,
                44.838224877976735
              ],
              [
                28.01860651185924,
                45.3154810971337
              ],
              [
                28.36834704302339,
                45.33088004715959
              ],
              [
                28.402156507925586,
                45.35938606658693
              ],
              [
                29.06437215319496,
                45.1647497859796
              ],
              [
                29.710764917834055,
                45.25833471890154
              ],
              [
                29.578961405260813,
                45.05750235195818
              ],
              [
                29.457522425158274,
                44.91514929409685
              ],
              [
                29.26158240745808,
                44.8954234945363
              ],
              [
                29.089749369128,
                44.875732027251146
              ],
              [
                28.918236765368235,
                44.76575049038591
              ],
              [
                28.686247858507883,
                44.48805197354021
              ],
              [
                28.57311347435261,
                44.19782217617693
              ],
              [
                28.529885324938547,
                43.843471132475756
              ],
              [
                28.51010611961628,
                43.74307592983904
              ],
              [
                28.480538401110422,
                43.592284761626146
              ],
              [
                28.44569304893757,
                43.476363741118334
              ],
              [
                28.328095468981516,
                43.437526308257006
              ],
              [
                28.18705848167683,
                43.450118623930834
              ],
              [
                28.034638437731516,
                43.39190252896013
              ],
              [
                27.887320551378977,
                43.0635257589406
              ],
              [
                26.64808783397376,
                42.55255052195668
              ],
              [
                26.582782852373185,
                41.83419572435038
              ],
              [
                26.060342999568604,
                42.09541565075267
              ],
              [
                24.297108496353133,
                42.030110669152094
              ],
              [
                21.4889942875285,
                42.87907542995954
              ],
              [
                21.684909232330213,
                43.728040190767
              ],
              [
                20.99418346540108,
                44.70007972459091
              ]
            ]
          ]
        ]
      }
    },
    {
      "type": "Feature",
      "properties": {
        "NAME": "Novgorod",
        "ABBREVN": "Novgorod",
        "SUBJECTO": "Novgorod",
        "BORDERPRECISION": 1,
        "PARTOF": "Novgorod",
        "entity_id": "novgorod",
        "name_en": "Novgorod",
        "source": "historical-basemaps",
        "clipped_by": [
          "pskov",
          "tver",
          "smolensk",
          "vladimir-suzdal"
        ],
        "revision_saved_at": "2026-07-05T10:00:53.142Z"
      },
      "geometry": {
        "type": "MultiPolygon",
        "coordinates": [
          [
            [
              [
                27.231594534992126,
                63.35447998456054
              ],
              [
                28.665709168978292,
                62.20874538664886
              ],
              [
                29.68729690025593,
                60.131000124174975
              ],
              [
                29.95287421654011,
                59.98558386440935
              ],
              [
                30.126639399035227,
                59.80604513760271
              ],
              [
                29.963156733019602,
                59.736617647368334
              ],
              [
                29.765452417834055,
                59.7362438070363
              ],
              [
                29.41362861107136,
                59.860030733305834
              ],
              [
                29.076066050036204,
                59.907794557768725
              ],
              [
                28.936268839342844,
                59.824550234038256
              ],
              [
                28.79593375633503,
                59.67222174282732
              ],
              [
                28.662732157213938,
                59.644340120512865
              ],
              [
                28.4443636269405,
                59.73374136563005
              ],
              [
                28.309100183947336,
                59.66440161343279
              ],
              [
                28.350983652575266,
                59.60206183071794
              ],
              [
                28.26633742759968,
                59.56222876187029
              ],
              [
                28.163104090197336,
                59.590682588774584
              ],
              [
                28.094189676745188,
                59.66467627163591
              ],
              [
                27.941687616808665,
                59.64759787197771
              ],
              [
                27.896657022936594,
                59.53378256436052
              ],
              [
                27.973393473131907,
                59.51671179409685
              ],
              [
                28.013093027575266,
                59.45822104092302
              ],
              [
                28.015851053698313,
                59.454154573637865
              ],
              [
                27.893597635729563,
                59.34611090298357
              ],
              [
                27.702038797838938,
                59.297504030424975
              ],
              [
                27.663288210999713,
                58.95605697043894
              ],
              [
                27.661188779828123,
                58.93755803507683
              ],
              [
                27.614727361248168,
                58.528167724609375
              ],
              [
                27.719879150390625,
                58.528167724609375
              ],
              [
                27.79935646057129,
                59.015533447265625
              ],
              [
                27.709064483642578,
                59.015533447265625
              ],
              [
                27.731943130493164,
                59.15507125854492
              ],
              [
                28.026525497436523,
                59.294734954833984
              ],
              [
                28.038253784179688,
                59.36461639404297
              ],
              [
                28.43138885498047,
                59.015533447265625
              ],
              [
                28.780460357666016,
                58.94581604003906
              ],
              [
                28.756383895874023,
                58.80647277832031
              ],
              [
                28.846500396728516,
                58.80647277832031
              ],
              [
                28.82244300842285,
                58.66725540161133
              ],
              [
                28.912445068359375,
                58.66725540161133
              ],
              [
                28.88840675354004,
                58.528167724609375
              ],
              [
                29.044050216674805,
                58.38920593261719
              ],
              [
                28.984312057495117,
                58.042335510253906
              ],
              [
                29.383460998535156,
                57.7653923034668
              ],
              [
                29.37146759033203,
                57.696231842041016
              ],
              [
                29.756702423095703,
                57.35087585449219
              ],
              [
                29.58440589904785,
                56.86860656738281
              ],
              [
                28.377832412719727,
                57.07511901855469
              ],
              [
                27.89100456237793,
                56.799827575683594
              ],
              [
                27.80249786376953,
                56.799827575683594
              ],
              [
                27.583119193731047,
                56.92333090999425
              ],
              [
                27.60590255435066,
                56.706888984107934
              ],
              [
                27.822714884755612,
                56.72547289814264
              ],
              [
                28.017410311051872,
                56.566918246664756
              ],
              [
                28.09257247665585,
                56.792404743476695
              ],
              [
                28.812678436129033,
                56.88349626790629
              ],
              [
                29.05952921007661,
                56.537905184379674
              ],
              [
                29.948191996287896,
                56.537905184379674
              ],
              [
                30.655112343899894,
                55.92524088311594
              ],
              [
                30.67628288269043,
                56.04508590698242
              ],
              [
                30.512462615966797,
                56.11355972290039
              ],
              [
                30.524532318115234,
                56.182064056396484
              ],
              [
                30.536638259887695,
                56.25059127807617
              ],
              [
                30.44855308532715,
                56.25059127807617
              ],
              [
                30.46063995361328,
                56.319149017333984
              ],
              [
                30.472759246826172,
                56.387733459472656
              ],
              [
                30.83788299560547,
                56.45634460449219
              ],
              [
                30.88203948076862,
                56.5504615539399
              ],
              [
                30.73811447292015,
                56.98223657748532
              ],
              [
                31.281186175604823,
                57.27845750622241
              ],
              [
                32.207286881294465,
                57.27845750622241
              ],
              [
                32.452354431152344,
                57.488929748535156
              ],
              [
                32.45360113697029,
                57.488929748535156
              ],
              [
                32.52553617802532,
                57.899221198091325
              ],
              [
                33.50511090203392,
                57.9645261796919
              ],
              [
                34.28877068124079,
                57.833916216490756
              ],
              [
                35.88371207120175,
                56.86555894401446
              ],
              [
                36.05537796020508,
                57.28189468383789
              ],
              [
                36.54853439331055,
                57.488929748535156
              ],
              [
                36.591026306152344,
                58.042335510253906
              ],
              [
                36.50153350830078,
                58.042335510253906
              ],
              [
                36.551456451416016,
                58.2503662109375
              ],
              [
                36.461795806884766,
                58.2503662109375
              ],
              [
                36.511962890625,
                58.45867156982422
              ],
              [
                36.42213439941406,
                58.45867156982422
              ],
              [
                36.450199127197266,
                58.94581604003906
              ],
              [
                35.95899200439453,
                59.15507125854492
              ],
              [
                35.913124084472656,
                59.714515686035156
              ],
              [
                35.76533126831055,
                59.85470962524414
              ],
              [
                35.8166389465332,
                60.065250396728516
              ],
              [
                35.72545623779297,
                60.065250396728516
              ],
              [
                35.84642028808594,
                60.557716369628906
              ],
              [
                36.49090077024037,
                60.76048086490328
              ],
              [
                37.09688489006543,
                61.16447027811998
              ],
              [
                37.88054466927231,
                61.03386031491883
              ],
              [
                38.981784754252295,
                60.5199482752615
              ],
              [
                39.28813171386719,
                60.416839599609375
              ],
              [
                39.29473985995336,
                60.37390255926767
              ],
              [
                39.8396941172895,
                60.1195905725108
              ],
              [
                40.949878804499235,
                60.18489555411138
              ],
              [
                41.211098730901526,
                60.446115480513676
              ],
              [
                41.211098730901526,
                61.16447027811998
              ],
              [
                45.71714246134106,
                62.20934998372915
              ],
              [
                46.04366736934393,
                62.078740020527995
              ],
              [
                46.03826500822025,
                61.781130155427036
              ],
              [
                46.253116607666016,
                61.7611083984375
              ],
              [
                46.387638092041016,
                61.618961334228516
              ],
              [
                46.261749267578125,
                61.264278411865234
              ],
              [
                46.35398864746094,
                61.264278411865234
              ],
              [
                46.23678207397461,
                61.193458557128906
              ],
              [
                46.0395393371582,
                60.628211975097656
              ],
              [
                46.016105083077896,
                60.56036534883976
              ],
              [
                45.96480886560179,
                57.734515685377644
              ],
              [
                54.92163183184503,
                58.11297299381046
              ],
              [
                54.72922992222013,
                58.878795922099926
              ],
              [
                53.09660538220581,
                61.49099518612284
              ],
              [
                51.26806589738977,
                63.25422968933831
              ],
              [
                48.00281681736112,
                64.95215921095321
              ],
              [
                44.052840265734446,
                66.04050024624529
              ],
              [
                44.02943328331257,
                66.01124914761247
              ],
              [
                43.87621978233601,
                66.01096686001482
              ],
              [
                43.241431269152415,
                66.25089605923357
              ],
              [
                42.41852477501179,
                66.38109930630388
              ],
              [
                42.21078780601765,
                66.41000708218279
              ],
              [
                42.1334448189571,
                66.3878894674367
              ],
              [
                41.62328246544148,
                66.06516607876482
              ],
              [
                41.35424712608601,
                65.95517309780779
              ],
              [
                40.681407007677805,
                65.79355963345232
              ],
              [
                40.036868128283274,
                65.60313757534685
              ],
              [
                39.9513273567989,
                65.58116491909685
              ],
              [
                39.823103937609446,
                65.43561133022966
              ],
              [
                39.979388269884836,
                65.15314062710466
              ],
              [
                40.365950617296946,
                64.85792883511247
              ],
              [
                40.46206191490437,
                64.75027807827654
              ],
              [
                40.43979171226765,
                64.56356390591326
              ],
              [
                40.32217315147663,
                64.46293219204607
              ],
              [
                39.99705031822468,
                64.54121740933122
              ],
              [
                39.62159636925007,
                64.47596319790544
              ],
              [
                39.19344237755085,
                64.5110355245656
              ],
              [
                38.25292113731648,
                64.70306738491716
              ],
              [
                37.60409453819538,
                64.85277136440935
              ],
              [
                37.10194304893757,
                65.06812628384294
              ],
              [
                36.88390639732624,
                65.0676990377492
              ],
              [
                36.56850722740437,
                64.7645755636281
              ],
              [
                36.996741327746165,
                64.40655859585466
              ],
              [
                37.26195052574421,
                64.3138919698781
              ],
              [
                37.46328643272663,
                64.29996069546404
              ],
              [
                37.668128046496165,
                64.3433109151906
              ],
              [
                37.87985518883015,
                64.30789526577654
              ],
              [
                38.05385878990437,
                64.12927588101091
              ],
              [
                38.054080042345774,
                63.98631628628435
              ],
              [
                37.94491866539265,
                63.850394808012865
              ],
              [
                37.59146026085163,
                63.806937776762865
              ],
              [
                37.410540613634836,
                63.749496065337084
              ],
              [
                37.24650863121296,
                63.784877382475756
              ],
              [
                36.98754027794148,
                63.841483675200365
              ],
              [
                36.42062285850788,
                63.87610205288591
              ],
              [
                36.23997024009968,
                63.91862066860857
              ],
              [
                36.01547149132038,
                64.19702490444841
              ],
              [
                35.62327102134968,
                64.2535663473195
              ],
              [
                35.081763300402415,
                64.28833349819841
              ],
              [
                34.88461211632038,
                64.3667713033742
              ],
              [
                34.814768824084055,
                64.45981939907732
              ],
              [
                34.772864374621165,
                64.68222387905779
              ],
              [
                34.425662073595774,
                65.10652502651872
              ],
              [
                34.332015070421946,
                65.3455081808156
              ],
              [
                34.293414148791086,
                65.39624365444841
              ],
              [
                30.603998127121553,
                64.93804540067741
              ],
              [
                27.231594534992126,
                63.35447998456054
              ]
            ]
          ],
          [
            [
              [
                27.524059819122876,
                57.48439496877187
              ],
              [
                27.57606782219289,
                56.99031893960672
              ],
              [
                27.721967697143555,
                57.41988754272461
              ],
              [
                27.524059819122876,
                57.48439496877187
              ]
            ]
          ],
          [
            [
              [
                27.530546271900228,
                57.78641417172687
              ],
              [
                27.72037696838379,
                57.97305679321289
              ],
              [
                27.977479934692383,
                57.903804779052734
              ],
              [
                27.94413948059082,
                58.2503662109375
              ],
              [
                27.567630073818727,
                58.11317451707883
              ],
              [
                27.530546271900228,
                57.78641417172687
              ]
            ]
          ],
          [
            [
              [
                35.99197550139376,
                56.799827575683594
              ],
              [
                36.02857185540941,
                56.777608360745525
              ],
              [
                36.03362274169922,
                56.799827575683594
              ],
              [
                35.99197550139376,
                56.799827575683594
              ]
            ]
          ],
          [
            [
              [
                36.11820910199124,
                56.78263209195203
              ],
              [
                36.210636138916016,
                56.799827575683594
              ],
              [
                36.12213134765625,
                56.799827575683594
              ],
              [
                36.11820910199124,
                56.78263209195203
              ]
            ]
          ]
        ]
      }
    },
    {
      "type": "Feature",
      "properties": {
        "NAME": "Raška",
        "ABBREVN": "Raška",
        "SUBJECTO": "Raška",
        "BORDERPRECISION": 1,
        "PARTOF": "Raška",
        "entity_id": "serbia",
        "name_en": "Raška",
        "source": "historical-basemaps",
        "revision_saved_at": "2026-07-05T10:00:53.142Z"
      },
      "geometry": {
        "type": "MultiPolygon",
        "coordinates": [
          [
            [
              [
                17.54798034141804,
                42.92011984463396
              ],
              [
                17.304074229587826,
                43.076207478853945
              ],
              [
                17.07508758018757,
                43.22274740811052
              ],
              [
                16.99226287315632,
                43.32271536465349
              ],
              [
                16.639813456042063,
                43.389735780913256
              ],
              [
                16.71152022789265,
                43.771327577788256
              ],
              [
                16.70147612999226,
                43.84666021938982
              ],
              [
                16.865100977066206,
                44.24473664179024
              ],
              [
                17.457542834540394,
                44.14599633221121
              ],
              [
                17.75376376327749,
                44.39284710615879
              ],
              [
                18.938647478225867,
                44.39284710615879
              ],
              [
                19.785081820473508,
                44.93614220642296
              ],
              [
                20.290670943833447,
                44.89965639339699
              ],
              [
                20.313656921379664,
                44.90109301699363
              ],
              [
                20.70533450832162,
                44.64230993317502
              ],
              [
                20.99418346540108,
                44.70007972459091
              ],
              [
                21.684909232330213,
                43.728040190767
              ],
              [
                21.4889942875285,
                42.87907542995954
              ],
              [
                20.70533450832162,
                42.81377044835897
              ],
              [
                19.606965097887766,
                41.76153906460466
              ],
              [
                19.45788672874714,
                41.79808386440935
              ],
              [
                19.367713007433665,
                41.84637030239763
              ],
              [
                19.338465723498118,
                41.86202200527849
              ],
              [
                19.143036875231516,
                41.93209036465349
              ],
              [
                19.13554480980183,
                41.99954184170427
              ],
              [
                18.90989974449421,
                42.217792116362475
              ],
              [
                18.528643640978586,
                42.35274466152849
              ],
              [
                18.513588938219797,
                42.362140260893725
              ],
              [
                18.24871161888386,
                42.52743872280779
              ],
              [
                18.001368555529368,
                42.694457613188646
              ],
              [
                17.646380457384836,
                42.86460074063005
              ],
              [
                17.595679316027415,
                42.888900362212084
              ],
              [
                17.54798034141804,
                42.92011984463396
              ]
            ]
          ]
        ]
      }
    },
    {
      "type": "Feature",
      "properties": {
        "NAME": "Venice",
        "ABBREVN": "Venice",
        "SUBJECTO": "Venice",
        "BORDERPRECISION": 1,
        "PARTOF": "Venice",
        "entity_id": "venice",
        "name_en": "Venice",
        "source": "historical-basemaps",
        "revision_saved_at": "2026-07-05T10:00:53.142Z"
      },
      "geometry": {
        "type": "MultiPolygon",
        "coordinates": [
          [
            [
              [
                13.36769584129597,
                45.69448813076677
              ],
              [
                13.156165155871165,
                45.72652395840349
              ],
              [
                13.104608568651926,
                45.58238562222185
              ],
              [
                12.898650202257883,
                45.55837210293474
              ],
              [
                12.448155436022532,
                45.394286714751146
              ],
              [
                12.483212503893625,
                45.46231421108904
              ],
              [
                12.279743227465403,
                45.40228994961443
              ],
              [
                12.251417192919504,
                45.290282808501146
              ],
              [
                12.180371317370188,
                45.27027853604021
              ],
              [
                12.176189455492747,
                45.21429022427263
              ],
              [
                11.970674173705593,
                45.43624164177947
              ],
              [
                12.144820791307122,
                45.762766549782334
              ],
              [
                12.645492316911515,
                45.91514484018367
              ],
              [
                13.080858860915335,
                45.98044982178424
              ],
              [
                13.36769584129597,
                45.69448813076677
              ]
            ]
          ],
          [
            [
              [
                14.174608263476145,
                45.01038702603044
              ],
              [
                14.188512835009348,
                44.94254644985857
              ],
              [
                14.060400042040598,
                44.8947025167531
              ],
              [
                13.991256746752512,
                44.783099733549975
              ],
              [
                13.895102533800852,
                44.759181581694506
              ],
              [
                13.672059092028391,
                45.05035742397966
              ],
              [
                13.643589052660715,
                45.17908819790544
              ],
              [
                13.526890787585032,
                45.454310976225756
              ],
              [
                13.556276354296457,
                45.45960196133318
              ],
              [
                13.749085459215891,
                45.49433096523943
              ],
              [
                13.799984011156809,
                45.566371523100756
              ],
              [
                13.995128603323355,
                45.45800996897966
              ],
              [
                13.951591948922974,
                45.39270498737908
              ],
              [
                13.799213658521637,
                45.30563167857832
              ],
              [
                13.908055294522592,
                44.979106770575456
              ],
              [
                14.174608263476145,
                45.01038702603044
              ]
            ]
          ]
        ]
      }
    },
    {
      "type": "Feature",
      "properties": {
        "NAME": "Papal States",
        "ABBREVN": "Papal States",
        "SUBJECTO": "Papal States",
        "BORDERPRECISION": 1,
        "PARTOF": "Papal States",
        "entity_id": "papal-states",
        "name_en": "Papal States",
        "source": "historical-basemaps",
        "revision_saved_at": "2026-07-05T10:00:53.142Z"
      },
      "geometry": {
        "type": "MultiPolygon",
        "coordinates": [
          [
            [
              [
                12.697230371935618,
                43.93475683804216
              ],
              [
                13.60087111900593,
                43.53480490322771
              ],
              [
                13.731556925280344,
                43.37416037197771
              ],
              [
                13.791634592516672,
                43.123344026762865
              ],
              [
                13.91509059379841,
                42.87276419277849
              ],
              [
                14.076401988771629,
                42.633776395633475
              ],
              [
                13.995834610776512,
                42.61343160090928
              ],
              [
                13.929417803955044,
                42.53041059238244
              ],
              [
                13.82979259372284,
                42.56361899579318
              ],
              [
                13.82979259372284,
                42.480597987266336
              ],
              [
                13.763375786901367,
                42.46399378556097
              ],
              [
                13.713563181785265,
                42.3975769787395
              ],
              [
                13.630542173258428,
                42.53041059238244
              ],
              [
                13.54752116473159,
                42.43078538215023
              ],
              [
                13.414687551088651,
                42.36436857532876
              ],
              [
                13.464500156204753,
                42.231534961685824
              ],
              [
                13.414687551088651,
                42.19832655827509
              ],
              [
                13.580729568142324,
                42.09870134804289
              ],
              [
                13.580729568142324,
                42.048888742926785
              ],
              [
                13.630542173258428,
                42.015680339516045
              ],
              [
                13.630542173258428,
                41.93265933098921
              ],
              [
                13.564125366436958,
                41.86624252416774
              ],
              [
                13.597333769847694,
                41.799825717346266
              ],
              [
                13.647146374963796,
                41.750013112230164
              ],
              [
                13.647146374963796,
                41.799825717346266
              ],
              [
                13.863000997133572,
                41.750013112230164
              ],
              [
                13.863000997133572,
                41.7832215156409
              ],
              [
                13.929417803955044,
                41.750013112230164
              ],
              [
                13.879605198838942,
                41.66699210370333
              ],
              [
                13.879605198838942,
                41.6337837002926
              ],
              [
                13.929417803955044,
                41.6337837002926
              ],
              [
                13.962626207365776,
                41.51755428835502
              ],
              [
                13.962626207365776,
                41.46774168323892
              ],
              [
                14.029043014187248,
                41.40132487641745
              ],
              [
                13.995834610776512,
                41.351512271301345
              ],
              [
                13.979230409071146,
                41.33490806959598
              ],
              [
                13.81318839201747,
                41.31830386789061
              ],
              [
                13.760507236067037,
                41.20669841656926
              ],
              [
                13.498390230639231,
                41.301864229399584
              ],
              [
                13.271446260912668,
                41.31423910732927
              ],
              [
                12.976777109606516,
                41.3713756429738
              ],
              [
                12.641516718371165,
                41.53109701748552
              ],
              [
                12.394848856432688,
                41.72954901333513
              ],
              [
                11.96343329857136,
                42.00474127407732
              ],
              [
                11.960132972273152,
                42.00737273979235
              ],
              [
                12.019934607837783,
                42.09870134804289
              ],
              [
                12.003330406132417,
                42.248139163391194
              ],
              [
                12.069747212953885,
                42.297951768507296
              ],
              [
                12.053143011248519,
                42.53041059238244
              ],
              [
                12.129717682642681,
                42.596046025006004
              ],
              [
                12.16937242318609,
                42.63003580261464
              ],
              [
                12.152768221480724,
                42.696452609436115
              ],
              [
                12.185976624891458,
                42.912307231605894
              ],
              [
                12.16937242318609,
                42.912307231605894
              ],
              [
                12.152768221480724,
                43.0617450469542
              ],
              [
                12.219185028302192,
                43.22778706400788
              ],
              [
                12.30220603682903,
                43.27759966912398
              ],
              [
                12.30220603682903,
                43.344016475945445
              ],
              [
                12.697230371935618,
                43.93475683804216
              ]
            ]
          ]
        ]
      }
    },
    {
      "type": "Feature",
      "properties": {
        "NAME": "Sicily",
        "ABBREVN": "Sicily",
        "SUBJECTO": "Sicily",
        "BORDERPRECISION": 1,
        "PARTOF": "Sicily",
        "entity_id": "sicily",
        "name_en": "Sicily",
        "source": "historical-basemaps",
        "revision_saved_at": "2026-07-05T10:00:53.142Z"
      },
      "geometry": {
        "type": "MultiPolygon",
        "coordinates": [
          [
            [
              [
                14.076401988771629,
                42.633776395633475
              ],
              [
                14.092769655688059,
                42.60952719326677
              ],
              [
                14.404933008654368,
                42.35311087246599
              ],
              [
                14.519309076769602,
                42.229701601225756
              ],
              [
                14.719955477221262,
                42.1417613851613
              ],
              [
                14.738527330858957,
                42.0471568929738
              ],
              [
                14.922405275805247,
                41.97177084561052
              ],
              [
                15.448605570299875,
                41.8567272054738
              ],
              [
                16.012843164904368,
                41.904323183257006
              ],
              [
                16.1874113411739,
                41.84086187954607
              ],
              [
                16.198414835436594,
                41.74566992397966
              ],
              [
                15.989146265490305,
                41.63464697476091
              ],
              [
                15.873253855211985,
                41.50214346523943
              ],
              [
                15.991044077379954,
                41.40614279385271
              ],
              [
                16.42026809166218,
                41.2787242757863
              ],
              [
                16.94596389244343,
                41.09381445522966
              ],
              [
                17.319272074206125,
                40.929252229887865
              ],
              [
                18.033919367296946,
                40.59665258999529
              ],
              [
                18.059941324694407,
                40.513534151274584
              ],
              [
                18.38361266563679,
                40.30775030728044
              ],
              [
                18.522648844225657,
                40.09413107510271
              ],
              [
                18.433678659899485,
                39.89840658779802
              ],
              [
                18.364918741686594,
                39.746722780424975
              ],
              [
                18.16013053367878,
                39.873134218413256
              ],
              [
                18.017067942126047,
                39.947894655424975
              ],
              [
                17.96774581383015,
                40.16689261074724
              ],
              [
                17.849604639513743,
                40.243495546538256
              ],
              [
                17.619149240954172,
                40.28783758755388
              ],
              [
                17.401650461657297,
                40.29192694302263
              ],
              [
                17.204171213610422,
                40.397941194731615
              ],
              [
                17.242802652819407,
                40.49576147671404
              ],
              [
                17.08408072899128,
                40.525111757475756
              ],
              [
                16.948712381823313,
                40.48109015103044
              ],
              [
                16.84413054893757,
                40.36313589688005
              ],
              [
                16.727564844591868,
                40.18360479946794
              ],
              [
                16.604413065417063,
                40.08990820522966
              ],
              [
                16.623852762682688,
                39.96775396938982
              ],
              [
                16.53500655601765,
                39.83156546230974
              ],
              [
                16.532101664049875,
                39.69751318569841
              ],
              [
                16.873986277086985,
                39.54365118618669
              ],
              [
                17.149069818957102,
                39.4218021261281
              ],
              [
                17.107419046862375,
                39.28047140713396
              ],
              [
                17.120997461779368,
                39.08602102871599
              ],
              [
                17.18071273277546,
                39.022208772856615
              ],
              [
                17.094689402086985,
                38.915023409087084
              ],
              [
                16.797699961169016,
                38.92585714932146
              ],
              [
                16.61332992027546,
                38.82732733364763
              ],
              [
                16.52220252464558,
                38.7250247823781
              ],
              [
                16.57200149009968,
                38.457118593413256
              ],
              [
                16.330693277819407,
                38.32074316616716
              ],
              [
                16.052943262560618,
                37.93117483730974
              ],
              [
                15.78523734520222,
                37.9097057210988
              ],
              [
                15.710227045519602,
                37.94143637295427
              ],
              [
                15.627475771410715,
                38.004211031157396
              ],
              [
                15.62657741020466,
                38.2330814230031
              ],
              [
                15.790868792040598,
                38.29639776821794
              ],
              [
                15.933466944201243,
                38.539916597563646
              ],
              [
                15.827300104601633,
                38.622733675200365
              ],
              [
                15.989846262438547,
                38.73476370449724
              ],
              [
                16.15220931480671,
                38.70126684780779
              ],
              [
                16.21222594688679,
                38.777953706938646
              ],
              [
                16.177208933336985,
                38.93099173184099
              ],
              [
                16.082562479479563,
                39.01247366543474
              ],
              [
                15.989552530749094,
                39.42835196133318
              ],
              [
                15.824671778185618,
                39.660628877837084
              ],
              [
                15.757021936877024,
                39.93362768765154
              ],
              [
                15.666200670702707,
                40.09186133022966
              ],
              [
                15.515924486620676,
                40.06594809170427
              ],
              [
                15.432033571703684,
                39.988971315581225
              ],
              [
                15.027263674242747,
                40.2121959554738
              ],
              [
                14.898671183092844,
                40.24145849819841
              ],
              [
                14.992320093615305,
                40.372218691069506
              ],
              [
                14.951005014879954,
                40.551478944975756
              ],
              [
                14.743317636950266,
                40.70481451626482
              ],
              [
                14.334127459032786,
                40.59360464688005
              ],
              [
                14.349769625170481,
                40.64252432461443
              ],
              [
                14.494590792162668,
                40.72996100063982
              ],
              [
                14.370310816271555,
                40.85147055264177
              ],
              [
                14.239995989306223,
                40.8529430257863
              ],
              [
                14.050873789294016,
                40.76751288052263
              ],
              [
                13.941878351671946,
                40.99803503628435
              ],
              [
                13.852500948412668,
                41.09095724697771
              ],
              [
                13.797006639940989,
                41.193446718413256
              ],
              [
                13.760507236067037,
                41.20669841656926
              ],
              [
                13.81318839201747,
                41.31830386789061
              ],
              [
                13.979230409071146,
                41.33490806959598
              ],
              [
                13.995834610776512,
                41.351512271301345
              ],
              [
                14.029043014187248,
                41.40132487641745
              ],
              [
                13.962626207365776,
                41.46774168323892
              ],
              [
                13.962626207365776,
                41.51755428835502
              ],
              [
                13.929417803955044,
                41.6337837002926
              ],
              [
                13.879605198838942,
                41.6337837002926
              ],
              [
                13.879605198838942,
                41.66699210370333
              ],
              [
                13.929417803955044,
                41.750013112230164
              ],
              [
                13.863000997133572,
                41.7832215156409
              ],
              [
                13.863000997133572,
                41.750013112230164
              ],
              [
                13.647146374963796,
                41.799825717346266
              ],
              [
                13.647146374963796,
                41.750013112230164
              ],
              [
                13.597333769847694,
                41.799825717346266
              ],
              [
                13.564125366436958,
                41.86624252416774
              ],
              [
                13.630542173258428,
                41.93265933098921
              ],
              [
                13.630542173258428,
                42.015680339516045
              ],
              [
                13.580729568142324,
                42.048888742926785
              ],
              [
                13.580729568142324,
                42.09870134804289
              ],
              [
                13.414687551088651,
                42.19832655827509
              ],
              [
                13.464500156204753,
                42.231534961685824
              ],
              [
                13.414687551088651,
                42.36436857532876
              ],
              [
                13.54752116473159,
                42.43078538215023
              ],
              [
                13.630542173258428,
                42.53041059238244
              ],
              [
                13.713563181785265,
                42.3975769787395
              ],
              [
                13.763375786901367,
                42.46399378556097
              ],
              [
                13.82979259372284,
                42.480597987266336
              ],
              [
                13.82979259372284,
                42.56361899579318
              ],
              [
                13.929417803955044,
                42.53041059238244
              ],
              [
                13.995834610776512,
                42.61343160090928
              ],
              [
                14.076401988771629,
                42.633776395633475
              ]
            ]
          ],
          [
            [
              [
                14.942398104174387,
                36.7385631429738
              ],
              [
                14.622022661669504,
                36.776141725737475
              ],
              [
                14.215912851794016,
                37.04932364102068
              ],
              [
                13.868404421313059,
                37.15695150967302
              ],
              [
                13.011567148669016,
                37.524894319731615
              ],
              [
                12.636879000170481,
                37.581500612456225
              ],
              [
                12.532035860522043,
                37.638671480376146
              ],
              [
                12.454147371752512,
                37.766009889799975
              ],
              [
                12.516644510729563,
                37.91916998501482
              ],
              [
                12.664325746996653,
                38.07249792690935
              ],
              [
                12.782839807970774,
                38.11737784023943
              ],
              [
                13.065952333910715,
                38.0669322835988
              ],
              [
                13.322475466234934,
                38.220511995512865
              ],
              [
                13.627963098986399,
                38.02980764980974
              ],
              [
                13.809530291064036,
                37.966415010649584
              ],
              [
                14.134472879870188,
                37.97345312710466
              ],
              [
                14.765865358813059,
                38.05761297817888
              ],
              [
                15.386741671068918,
                38.20554693813982
              ],
              [
                15.453687700732004,
                38.16741522427263
              ],
              [
                15.472892794115793,
                38.11005743618669
              ],
              [
                15.422523531420481,
                38.05257376309099
              ],
              [
                15.181032213671457,
                37.68228109951677
              ],
              [
                15.112180742724192,
                37.4590335714406
              ],
              [
                15.116248163683665,
                37.286944948393725
              ],
              [
                15.301346811754954,
                37.0578990804738
              ],
              [
                15.220631632311594,
                37.00037726040544
              ],
              [
                15.027343782885325,
                36.745116792876146
              ],
              [
                14.942398104174387,
                36.7385631429738
              ]
            ]
          ]
        ]
      }
    },
    {
      "type": "Feature",
      "properties": {
        "NAME": "Hungary",
        "ABBREVN": "Hungary",
        "SUBJECTO": "Hungary",
        "BORDERPRECISION": 1,
        "PARTOF": "Hungary",
        "entity_id": "hungary",
        "name_en": "Hungary",
        "source": "historical-basemaps",
        "revision_saved_at": "2026-07-05T10:00:53.142Z"
      },
      "geometry": {
        "type": "MultiPolygon",
        "coordinates": [
          [
            [
              [
                21.770678624203192,
                49.742980371796946
              ],
              [
                21.770678624203192,
                49.59170527823286
              ],
              [
                24.297108496353133,
                48.756523774011114
              ],
              [
                27.170527686778343,
                47.97286399480424
              ],
              [
                27.42832177808028,
                47.38362035754267
              ],
              [
                27.627662557982354,
                46.927984289195074
              ],
              [
                27.366442631580064,
                46.340239454789916
              ],
              [
                26.517477870772616,
                45.81779960198533
              ],
              [
                23.056313845942245,
                45.03413982277846
              ],
              [
                22.664483956338806,
                44.64230993317502
              ],
              [
                22.337959048335943,
                44.772919896376166
              ],
              [
                22.07673912193365,
                44.4463949883733
              ],
              [
                21.358384324327346,
                44.772919896376166
              ],
              [
                20.99418346540108,
                44.70007972459091
              ],
              [
                20.70533450832162,
                44.64230993317502
              ],
              [
                20.313656921379664,
                44.90109301699363
              ],
              [
                20.290670943833447,
                44.89965639339699
              ],
              [
                19.785081820473508,
                44.93614220642296
              ],
              [
                18.938647478225867,
                44.39284710615879
              ],
              [
                17.75376376327749,
                44.39284710615879
              ],
              [
                17.457542834540394,
                44.14599633221121
              ],
              [
                16.865100977066206,
                44.24473664179024
              ],
              [
                16.70147612999226,
                43.84666021938982
              ],
              [
                16.71152022789265,
                43.771327577788256
              ],
              [
                16.639813456042063,
                43.389735780913256
              ],
              [
                16.54851058433796,
                43.46131476040544
              ],
              [
                16.36674788902546,
                43.51302298184099
              ],
              [
                16.05940726707722,
                43.43347891445818
              ],
              [
                15.91283515404011,
                43.652247987944506
              ],
              [
                15.494369067141948,
                43.88844455798436
              ],
              [
                15.412318262560618,
                43.93475683804216
              ],
              [
                15.14946845482136,
                44.239928804594896
              ],
              [
                15.274405512316477,
                44.23661383267107
              ],
              [
                15.548222574694407,
                44.22934683438005
              ],
              [
                15.285944017870676,
                44.328918062407396
              ],
              [
                14.989106211169016,
                44.54002722378435
              ],
              [
                14.906961473925364,
                44.72332342739763
              ],
              [
                14.945532831652415,
                44.92658957119646
              ],
              [
                14.815391573412668,
                45.07786902065935
              ],
              [
                14.524585756762278,
                45.2662845480031
              ],
              [
                14.354488405688059,
                45.32289084072771
              ],
              [
                14.526666474793355,
                45.78300406371435
              ],
              [
                14.798469888441076,
                45.864545087808665
              ],
              [
                14.880010912535393,
                45.48402030870186
              ],
              [
                15.423617739830839,
                45.42965962597231
              ],
              [
                15.46982432015095,
                45.73407944925776
              ],
              [
                16.122152512905483,
                45.581869537615034
              ],
              [
                16.209129605272757,
                45.73407944925776
              ],
              [
                16.078663966721848,
                45.886289360900484
              ],
              [
                16.209129605272757,
                46.147220638002295
              ],
              [
                16.448316609282752,
                46.103732091818664
              ],
              [
                16.535293701650023,
                46.364663368920475
              ],
              [
                16.296106697640028,
                46.40815191510411
              ],
              [
                16.513549428558203,
                46.62559464602229
              ],
              [
                16.448316609282752,
                46.777804557665014
              ],
              [
                16.448316609282752,
                46.930014469307736
              ],
              [
                16.55703797474184,
                47.060480107858645
              ],
              [
                16.55703797474184,
                47.190945746409554
              ],
              [
                16.644015067109112,
                47.299667111868644
              ],
              [
                16.55703797474184,
                47.495365569695004
              ],
              [
                16.622270794017293,
                47.734552573704995
              ],
              [
                16.796224978751837,
                47.843273939164085
              ],
              [
                17.407782659459215,
                47.82152966607227
              ],
              [
                17.46214334218876,
                48.06615273835522
              ],
              [
                17.21752026990581,
                48.06615273835522
              ],
              [
                17.190339928541036,
                48.446677517462035
              ],
              [
                17.35342197672967,
                48.96310400339271
              ],
              [
                17.869848462660343,
                48.80002195520407
              ],
              [
                18.11447153494329,
                48.85438263793362
              ],
              [
                18.11447153494329,
                48.99028434475748
              ],
              [
                18.22319290040238,
                48.99028434475748
              ],
              [
                18.25037324176715,
                49.18054673431089
              ],
              [
                18.522176655414874,
                49.561071513417694
              ],
              [
                18.926706865198327,
                49.62196029694568
              ],
              [
                19.10823697747523,
                49.59170527823286
              ],
              [
                19.13849199618805,
                49.71272535308413
              ],
              [
                19.38053214589059,
                49.80349040922258
              ],
              [
                19.562062258167497,
                49.71272535308413
              ],
              [
                19.562062258167497,
                49.53119524080722
              ],
              [
                19.713337351731585,
                49.53119524080722
              ],
              [
                19.89486746400849,
                49.47068520338159
              ],
              [
                20.015887538859765,
                49.80349040922258
              ],
              [
                20.34869274470076,
                49.742980371796946
              ],
              [
                20.530222856977666,
                49.80349040922258
              ],
              [
                20.681497950541754,
                49.652215315658495
              ],
              [
                20.89328308153148,
                49.742980371796946
              ],
              [
                20.802518025393027,
                49.833745427935405
              ],
              [
                20.89328308153148,
                49.833745427935405
              ],
              [
                20.98404813766993,
                49.742980371796946
              ],
              [
                21.13532323123402,
                49.833745427935405
              ],
              [
                21.28659832479811,
                49.77323539050977
              ],
              [
                21.316853343510925,
                49.86400044664822
              ],
              [
                21.768063558826285,
                49.74367772256412
              ],
              [
                21.770678624203192,
                49.742980371796946
              ]
            ]
          ]
        ]
      }
    },
    {
      "type": "Feature",
      "properties": {
        "NAME": "France",
        "ABBREVN": "France",
        "SUBJECTO": "France",
        "BORDERPRECISION": 1,
        "PARTOF": "France",
        "entity_id": "france",
        "name_en": "France",
        "source": "historical-basemaps",
        "revision_saved_at": "2026-07-05T10:00:53.142Z"
      },
      "geometry": {
        "type": "MultiPolygon",
        "coordinates": [
          [
            [
              [
                1.986621837110389,
                50.21967208746092
              ],
              [
                1.986621837110389,
                50.08157438920864
              ],
              [
                2.147735818404716,
                50.05855810616659
              ],
              [
                2.400914931867229,
                50.196655804418874
              ],
              [
                2.677110328371789,
                50.15062323833478
              ],
              [
                2.907273158792256,
                49.94347669095636
              ],
              [
                3.482680234843423,
                49.92046040791431
              ],
              [
                3.82033001120957,
                50.039445521437685
              ],
              [
                4.255215473045926,
                49.887235609794956
              ],
              [
                5.36112920249578,
                49.69675577751063
              ],
              [
                5.90925621463087,
                49.20085986849826
              ],
              [
                5.903866258867552,
                49.19576772547515
              ],
              [
                5.611623228513521,
                49.20968406025391
              ],
              [
                5.722953906743628,
                48.95919003423617
              ],
              [
                5.876033589310025,
                49.07052071246628
              ],
              [
                6.001280602318896,
                48.90352469512112
              ],
              [
                5.834284584973735,
                48.77827768211225
              ],
              [
                6.015196937097659,
                48.65303066910338
              ],
              [
                5.945615263203843,
                48.34687130397059
              ],
              [
                6.237858293557874,
                48.29120596485553
              ],
              [
                6.251774628336637,
                47.95721393016521
              ],
              [
                6.098694945770239,
                48.026795604059025
              ],
              [
                6.056945941433949,
                47.95721393016521
              ],
              [
                5.959531597982606,
                47.985046599722736
              ],
              [
                5.959531597982606,
                47.80413424759881
              ],
              [
                5.820368250194973,
                47.734552573704995
              ],
              [
                5.917782593646315,
                47.59538922591736
              ],
              [
                5.792535580637445,
                47.51189121724478
              ],
              [
                5.778619245858682,
                47.35881153467838
              ],
              [
                5.736870241522391,
                47.233564521669514
              ],
              [
                5.667288567628574,
                47.10831750866064
              ],
              [
                5.793872737744618,
                46.997236946148426
              ],
              [
                5.757015581792151,
                46.88666547829103
              ],
              [
                5.646444113934752,
                46.84980832233856
              ],
              [
                5.625539563292284,
                46.64907846096145
              ],
              [
                5.739656949946519,
                46.59782978796446
              ],
              [
                5.724926528799609,
                46.47998641878918
              ],
              [
                5.645716162473713,
                46.45672279658608
              ],
              [
                5.415587684714501,
                46.52417768222991
              ],
              [
                5.268283473245402,
                46.31795178617317
              ],
              [
                5.53343105388978,
                46.096995468969524
              ],
              [
                5.53343105388978,
                46.008612942088064
              ],
              [
                5.356666000126862,
                46.052804205528794
              ],
              [
                5.356666000126862,
                45.87603915176587
              ],
              [
                5.60708315962433,
                45.84657830947206
              ],
              [
                5.823360340392609,
                45.39624171904667
              ],
              [
                5.934538658234073,
                45.3221228404857
              ],
              [
                5.946891804660902,
                45.26035710835155
              ],
              [
                6.058070122502366,
                45.22329766907106
              ],
              [
                6.033363829648708,
                45.33447598691252
              ],
              [
                6.082776415356025,
                45.37153542619301
              ],
              [
                6.144542147490172,
                45.3221228404857
              ],
              [
                6.218661026051148,
                45.346829133339355
              ],
              [
                6.268073611758465,
                45.3221228404857
              ],
              [
                6.243367318904806,
                45.29741654763204
              ],
              [
                6.280426758185294,
                45.1985913762174
              ],
              [
                6.507319483263743,
                45.115707002837084
              ],
              [
                6.665318045122874,
                44.954520784575365
              ],
              [
                6.942603620989573,
                44.868651949126146
              ],
              [
                7.003469976885569,
                44.719535433012865
              ],
              [
                6.924694094164622,
                44.715018831450365
              ],
              [
                6.782917532427561,
                44.54787405605974
              ],
              [
                6.869778189165842,
                44.3491702901906
              ],
              [
                6.786905761685297,
                44.29681168705886
              ],
              [
                6.786905761685297,
                44.197986515644224
              ],
              [
                6.836318347392615,
                44.11151449065642
              ],
              [
                6.885730933099932,
                44.14857392993691
              ],
              [
                6.93514351880725,
                44.136220783510076
              ],
              [
                6.972202958087737,
                44.0621019049491
              ],
              [
                6.996909250941396,
                44.04974875852227
              ],
              [
                6.92279037238042,
                43.975629879961296
              ],
              [
                6.959849811660908,
                43.91386414782715
              ],
              [
                6.885730933099932,
                43.90151100140032
              ],
              [
                6.92279037238042,
                43.81503897641252
              ],
              [
                7.355150497319446,
                43.90151100140032
              ],
              [
                7.397118601305735,
                43.76409491177263
              ],
              [
                7.297616514666331,
                43.66730078335466
              ],
              [
                6.923080000384104,
                43.44766577358904
              ],
              [
                6.52301410148884,
                43.15085180874529
              ],
              [
                6.331224951250803,
                43.111869417387865
              ],
              [
                6.187778505785715,
                43.09228857632341
              ],
              [
                5.828570398791086,
                43.02081640835466
              ],
              [
                5.646554979784739,
                43.033317171294115
              ],
              [
                5.434490236742747,
                43.103656374174975
              ],
              [
                5.051816973192942,
                43.32809790249529
              ],
              [
                4.909845861895334,
                43.366439424712084
              ],
              [
                4.750594648821604,
                43.35325964565935
              ],
              [
                4.646513971789133,
                43.32086523647966
              ],
              [
                4.416764769060862,
                43.34614523525896
              ],
              [
                4.078196081621897,
                43.487086855132006
              ],
              [
                3.807468924029124,
                43.46722754116716
              ],
              [
                3.478712830050242,
                43.31209524746599
              ],
              [
                3.317868027193796,
                43.19595297451677
              ],
              [
                3.067900213701975,
                42.944564424712084
              ],
              [
                3.039267615416889,
                42.86919481996821
              ],
              [
                2.948875128434636,
                42.882970675163364
              ],
              [
                2.824998419760575,
                42.849753178372794
              ],
              [
                2.701121711086515,
                42.73002220618929
              ],
              [
                2.489624891399095,
                42.71892429041346
              ],
              [
                2.48056074198392,
                42.68561863167925
              ],
              [
                2.272085305434892,
                42.69006041846055
              ],
              [
                2.102887849684956,
                42.61450685035179
              ],
              [
                1.728236340524384,
                42.501004432498135
              ],
              [
                1.731257723662776,
                42.54553979026787
              ],
              [
                1.79168538643061,
                42.57892047388559
              ],
              [
                1.755428788769909,
                42.596716202383234
              ],
              [
                1.577167183604798,
                42.64785062076061
              ],
              [
                1.45631185806913,
                42.61895371848023
              ],
              [
                1.320455842331889,
                42.60500633270461
              ],
              [
                1.307450088961374,
                42.63517340298357
              ],
              [
                0.744199428065073,
                42.77189215298357
              ],
              [
                0.584142002566111,
                42.77189215298357
              ],
              [
                0.591923627360117,
                42.6283336507863
              ],
              [
                0.347843679888499,
                42.63517340298357
              ],
              [
                0.196265372736704,
                42.6078258382863
              ],
              [
                0.179550382597697,
                42.66251715298357
              ],
              [
                -0.165626824544418,
                42.64883764858904
              ],
              [
                -0.203663793103445,
                42.70031317349138
              ],
              [
                -0.216141254352081,
                42.7172008382863
              ],
              [
                -0.409914609687078,
                42.785567842680834
              ],
              [
                1.637846457178183,
                45.80104282308255
              ],
              [
                1.637846457178183,
                46.03285851209982
              ],
              [
                1.29012292365228,
                46.30331014928663
              ],
              [
                0.362860167583204,
                46.30331014928663
              ],
              [
                0.131044478565933,
                46.03285851209982
              ],
              [
                -0.718946381164052,
                46.03285851209982
              ],
              [
                -1.256056633488882,
                46.30683096523943
              ],
              [
                -1.402668443219412,
                46.40393408413591
              ],
              [
                -1.71072646667217,
                46.448791109282396
              ],
              [
                -1.942478147046316,
                46.70579870815935
              ],
              [
                -2.129660335080374,
                46.85084494229021
              ],
              [
                -2.004645553128469,
                47.04250296230974
              ],
              [
                -2.109477606312979,
                47.124042116362475
              ],
              [
                -2.263749804990042,
                47.18288382168474
              ],
              [
                -2.493711915509451,
                47.24692114468279
              ],
              [
                -2.575529757355312,
                47.32396831567053
              ],
              [
                -2.010361521016347,
                47.745650369834415
              ],
              [
                -1.75196905427781,
                48.17821145459153
              ],
              [
                -1.999109269065851,
                48.67695685862887
              ],
              [
                -2.07596763649823,
                48.65615805240039
              ],
              [
                -2.200072136315125,
                48.598983369783205
              ],
              [
                -2.342885461243409,
                48.67414816470508
              ],
              [
                -2.636378016861695,
                48.55200155825977
              ],
              [
                -2.79053541699292,
                48.58958014102344
              ],
              [
                -2.914459433945435,
                48.70678671450977
              ],
              [
                -3.091225352677125,
                48.87155111880664
              ],
              [
                -3.435057845505494,
                48.83645971866016
              ],
              [
                -3.557670083435791,
                48.810077272371096
              ],
              [
                -3.607873406800049,
                48.692950807527346
              ],
              [
                -3.821306434067505,
                48.721149049714846
              ],
              [
                -3.902217355164307,
                48.64596136660938
              ],
              [
                -3.998872962387818,
                48.73053701968555
              ],
              [
                -4.251477208527344,
                48.65191229434375
              ],
              [
                -4.488299336823243,
                48.61226614566211
              ],
              [
                -4.625704255493897,
                48.546668611482424
              ],
              [
                -4.761963334473389,
                48.55200155825977
              ],
              [
                -4.779634442695328,
                48.35477408049929
              ],
              [
                -4.779634442822683,
                48.3547740804738
              ],
              [
                -4.761963334576834,
                48.552001558501146
              ],
              [
                -4.625704255597341,
                48.5466686117238
              ],
              [
                -4.488299336926687,
                48.61226614590349
              ],
              [
                -4.251477208630789,
                48.65191229458513
              ],
              [
                -3.998872962491262,
                48.73053701992693
              ],
              [
                -3.902217355267751,
                48.645961366850756
              ],
              [
                -3.82130643417095,
                48.721149049956225
              ],
              [
                -3.607873406903494,
                48.692950807768725
              ],
              [
                -3.557670083539236,
                48.810077272612475
              ],
              [
                -3.435057845608938,
                48.83645971890154
              ],
              [
                -3.091225352780569,
                48.87155111904802
              ],
              [
                -2.914459434048879,
                48.706786714751146
              ],
              [
                -2.790535417096365,
                48.58958014126482
              ],
              [
                -2.636378016965139,
                48.552001558501146
              ],
              [
                -2.342885461346853,
                48.67414816494646
              ],
              [
                -2.200072136418569,
                48.598983370024584
              ],
              [
                -2.075967636601675,
                48.65615805264177
              ],
              [
                -1.870566812054861,
                48.71174200649919
              ],
              [
                -1.857612696187246,
                48.60836752529802
              ],
              [
                -1.591356840626943,
                48.6375003683156
              ],
              [
                -1.456587758557546,
                48.683551393706225
              ],
              [
                -1.575547900693167,
                48.76814230557146
              ],
              [
                -1.58841225196575,
                48.88095053311052
              ],
              [
                -1.563408580319631,
                49.036239229399584
              ],
              [
                -1.579779472844351,
                49.22901114102068
              ],
              [
                -1.63899978687023,
                49.21960791226091
              ],
              [
                -1.891543593899954,
                49.526351534087084
              ],
              [
                -1.941284146802175,
                49.70930441494646
              ],
              [
                -1.524247136609304,
                49.652770601469896
              ],
              [
                -1.250969496266592,
                49.6998782980031
              ],
              [
                -1.28866049339031,
                49.52097281094255
              ],
              [
                -1.177143421666372,
                49.33254965420427
              ],
              [
                -1.023191001908529,
                49.39845999355974
              ],
              [
                -0.464948442475546,
                49.351378999907396
              ],
              [
                -0.23936493013953,
                49.285487734038256
              ],
              [
                -0.203663793103445,
                49.29181250210466
              ],
              [
                0.032870042426836,
                49.333705507475756
              ],
              [
                0.330848249895823,
                49.454955660063646
              ],
              [
                0.090372207863581,
                49.51055487271013
              ],
              [
                0.115054044230234,
                49.60227545376482
              ],
              [
                0.18937284062649,
                49.68102606411638
              ],
              [
                0.528559717638743,
                49.82580145474138
              ],
              [
                0.868757519228708,
                49.90724905605974
              ],
              [
                1.27451888035084,
                50.00430258389177
              ],
              [
                1.416228327257883,
                50.10984381313982
              ],
              [
                1.551989111407053,
                50.2288089620656
              ],
              [
                1.528296861155283,
                50.57772787686052
              ],
              [
                1.588920149309885,
                50.821883760649584
              ],
              [
                1.796177011821849,
                50.92141446466973
              ],
              [
                1.825507855816062,
                50.24268837050297
              ],
              [
                1.986621837110389,
                50.21967208746092
              ]
            ]
          ],
          [
            [
              [
                1.87611845443989,
                42.31398733730974
              ],
              [
                1.860095295466206,
                42.38231619450383
              ],
              [
                1.860095295516235,
                42.38231619449024
              ],
              [
                1.876118454487378,
                42.31398733730698
              ],
              [
                1.87611845443989,
                42.31398733730974
              ]
            ]
          ],
          [
            [
              [
                1.364396247370493,
                42.40964087124529
              ],
              [
                1.348705086215033,
                42.53948172207337
              ],
              [
                1.348705086318237,
                42.53948172183399
              ],
              [
                1.364396247448618,
                42.409640871213426
              ],
              [
                1.364396247370493,
                42.40964087124529
              ]
            ]
          ],
          [
            [
              [
                -2.465543475735389,
                47.49438437086202
              ],
              [
                -2.465543475540894,
                47.49438437075977
              ],
              [
                -2.576483931872982,
                47.324866853759
              ],
              [
                -2.576483932034719,
                47.3248668539113
              ],
              [
                -2.465543475735389,
                47.49438437086202
              ]
            ]
          ],
          [
            [
              [
                -4.390935388053524,
                47.94184836004228
              ],
              [
                -4.390935388001221,
                47.94184836001758
              ],
              [
                -4.364373650999572,
                47.82931097623392
              ],
              [
                -4.364373651044119,
                47.829310976225756
              ],
              [
                -4.390935388053524,
                47.94184836004228
              ]
            ]
          ],
          [
            [
              [
                -4.312866178052175,
                48.10133322354021
              ],
              [
                -4.350984063553778,
                48.20456656070424
              ],
              [
                -4.350984063538331,
                48.204566560701174
              ],
              [
                -4.312866177948731,
                48.10133322329883
              ],
              [
                -4.700306382545573,
                48.06380423160189
              ],
              [
                -4.700306382672537,
                48.06380423184099
              ],
              [
                -4.312866178052175,
                48.10133322354021
              ]
            ]
          ],
          [
            [
              [
                -4.388901677624929,
                48.29843863125505
              ],
              [
                -4.350201573972039,
                48.39050634950665
              ],
              [
                -4.350201573761719,
                48.390506349519534
              ],
              [
                -4.388901677521485,
                48.298438631013674
              ],
              [
                -4.58796831595886,
                48.25149496658296
              ],
              [
                -4.587968316571462,
                48.25149496670427
              ],
              [
                -4.388901677624929,
                48.29843863125505
              ]
            ]
          ]
        ]
      }
    },
    {
      "type": "Feature",
      "properties": {
        "NAME": "Granada",
        "ABBREVN": "Granada",
        "SUBJECTO": "Granada",
        "BORDERPRECISION": 1,
        "PARTOF": "Granada",
        "entity_id": "granada",
        "name_en": "Granada",
        "source": "historical-basemaps",
        "revision_saved_at": "2026-07-05T10:00:53.142Z"
      },
      "geometry": {
        "type": "MultiPolygon",
        "coordinates": [
          [
            [
              [
                -2.624331441418875,
                36.811297975737475
              ],
              [
                -2.761496749417532,
                36.69013937588396
              ],
              [
                -2.915331569211233,
                36.69013937588396
              ],
              [
                -2.969792333142507,
                36.741149507719896
              ],
              [
                -4.446585622327078,
                36.72201880093279
              ],
              [
                -4.757303681866873,
                36.48610647793474
              ],
              [
                -5.216736283795584,
                36.4095950948781
              ],
              [
                -5.374227490918386,
                36.2374759542531
              ],
              [
                -5.386749711529959,
                36.109984956938646
              ],
              [
                -5.424260106580007,
                36.071742616850756
              ],
              [
                -5.457090821759451,
                36.167358003813646
              ],
              [
                -5.487933125989187,
                36.173724733549975
              ],
              [
                -5.485486474530447,
                36.065368257719896
              ],
              [
                -5.660587277905691,
                36.00800665493669
              ],
              [
                -5.85001417686199,
                36.071742616850756
              ],
              [
                -6.20446106483196,
                36.282096468169115
              ],
              [
                -6.304971662060964,
                36.454223238188646
              ],
              [
                -6.2888807921574,
                36.57217749233904
              ],
              [
                -6.444025006787527,
                36.62318380947771
              ],
              [
                -6.500485864178884,
                36.718829714018725
              ],
              [
                -6.421713319318044,
                36.7921634542531
              ],
              [
                -6.632153954999197,
                37.02175100918474
              ],
              [
                -5.200716368831257,
                37.53294991479995
              ],
              [
                -3.964366027405822,
                37.45567801846086
              ],
              [
                -2.624331441418875,
                36.811297975737475
              ]
            ]
          ]
        ]
      }
    },
    {
      "type": "Feature",
      "properties": {
        "NAME": "Castile",
        "ABBREVN": "Castile",
        "SUBJECTO": "Castile",
        "BORDERPRECISION": 1,
        "PARTOF": "Castile",
        "entity_id": "castile",
        "name_en": "Castile",
        "source": "historical-basemaps",
        "revision_saved_at": "2026-07-05T10:00:53.142Z"
      },
      "geometry": {
        "type": "MultiPolygon",
        "coordinates": [
          [
            [
              [
                -8.806055036084402,
                41.889178835112475
              ],
              [
                -8.860485997693289,
                42.01453360195818
              ],
              [
                -8.798570600049246,
                42.19453009243669
              ],
              [
                -8.64406296302532,
                42.41974981899919
              ],
              [
                -8.805045094983328,
                42.631557069975756
              ],
              [
                -8.941723790662039,
                42.82419546719255
              ],
              [
                -9.173123326794851,
                42.85590323086443
              ],
              [
                -9.24685951759075,
                42.900775514799975
              ],
              [
                -9.270803418652761,
                43.048690401274584
              ],
              [
                -9.197466817395437,
                43.15821417446794
              ],
              [
                -9.013589826123464,
                43.28085669155779
              ],
              [
                -8.849216428296316,
                43.32624395962419
              ],
              [
                -8.595722165601003,
                43.339618288237475
              ],
              [
                -8.310413327710378,
                43.35304983730974
              ],
              [
                -8.250697103039968,
                43.43042715664568
              ],
              [
                -8.22022434760784,
                43.61720999355974
              ],
              [
                -7.979528871075857,
                43.74005468960466
              ],
              [
                -7.636274781720388,
                43.72141226406755
              ],
              [
                -7.15130230476116,
                43.55494269009294
              ],
              [
                -6.807975736157644,
                43.523421846587084
              ],
              [
                -6.467573609845388,
                43.56272467251482
              ],
              [
                -6.20804640342449,
                43.640521608549975
              ],
              [
                -5.979656186597097,
                43.70537909146013
              ],
              [
                -5.820451226727712,
                43.705688081938646
              ],
              [
                -5.537417855756033,
                43.577453218657396
              ],
              [
                -5.224896398083914,
                43.507247530180834
              ],
              [
                -4.802335706250418,
                43.46944388027849
              ],
              [
                -4.110216107861746,
                43.45151098843279
              ],
              [
                -3.847605910794485,
                43.43916281338396
              ],
              [
                -3.417000499264944,
                43.37565191860857
              ],
              [
                -3.195965257184255,
                43.446883760649584
              ],
              [
                -3.007205691830862,
                43.55027350063982
              ],
              [
                -2.768362489239919,
                43.53787573452654
              ],
              [
                -2.367384400861013,
                43.32624395962419
              ],
              [
                -2.142923348755842,
                43.331471028881836
              ],
              [
                -2.139749668076309,
                43.13575517039523
              ],
              [
                -2.555770270080988,
                43.076323655823124
              ],
              [
                -2.674633299225183,
                42.42257699553006
              ],
              [
                -2.199181182648406,
                42.24428245181377
              ],
              [
                -2.080318153504212,
                42.065987908097476
              ],
              [
                -2.3180442117926,
                42.065987908097476
              ],
              [
                -2.258612697220503,
                41.82826184980909
              ],
              [
                -2.130006796834982,
                41.81657040431949
              ],
              [
                -2.149258710407844,
                41.49306810762246
              ],
              [
                -2.301403387712412,
                41.49306810762246
              ],
              [
                -2.301403387712412,
                41.26485109166561
              ],
              [
                -2.035150202429417,
                41.226814922339464
              ],
              [
                -1.921041694450992,
                40.61823621312119
              ],
              [
                -2.301403387712412,
                40.39001919716434
              ],
              [
                -2.301403387712412,
                40.23787451985977
              ],
              [
                -1.997114033103276,
                40.0857298425552
              ],
              [
                -1.997114033103276,
                39.97162133457678
              ],
              [
                -1.806933186472564,
                39.85751282659835
              ],
              [
                -1.997114033103276,
                39.74340431861992
              ],
              [
                -1.997114033103276,
                39.59125964131536
              ],
              [
                -1.806933186472564,
                39.47715113333693
              ],
              [
                -1.806933186472564,
                39.17286177872779
              ],
              [
                -2.035150202429417,
                39.24893411738008
              ],
              [
                -2.035150202429417,
                38.60231923883566
              ],
              [
                -1.806933186472564,
                38.52624690018338
              ],
              [
                -1.806933186472564,
                38.25999371490038
              ],
              [
                -1.654788509167997,
                38.1839213762481
              ],
              [
                -1.654788509167997,
                37.91766819096511
              ],
              [
                -1.883005525124849,
                37.95570436029125
              ],
              [
                -2.035150202429417,
                37.84159585231282
              ],
              [
                -1.921041694450992,
                37.65141500568211
              ],
              [
                -2.149258710407844,
                37.23301714309455
              ],
              [
                -1.940475192563284,
                36.951598726469896
              ],
              [
                -2.23879739333843,
                36.72839697476091
              ],
              [
                -2.355097499387014,
                36.82405050869646
              ],
              [
                -2.624331441418875,
                36.811297975737475
              ],
              [
                -3.964366027405822,
                37.45567801846086
              ],
              [
                -5.200716368831257,
                37.53294991479995
              ],
              [
                -6.632153954999197,
                37.02175100918474
              ],
              [
                -6.947954621808279,
                37.14931448574724
              ],
              [
                -7.010098424451101,
                37.16525992031755
              ],
              [
                -7.227823701398123,
                37.225856386382006
              ],
              [
                -7.491503682629812,
                37.208156191069506
              ],
              [
                -7.487998452679861,
                37.216353975493334
              ],
              [
                -7.351443734662283,
                37.644435487944506
              ],
              [
                -7.242514577405203,
                37.810897432524584
              ],
              [
                -6.844775167004812,
                38.100211702544115
              ],
              [
                -7.028099027173269,
                38.239581667143725
              ],
              [
                -7.393876519696462,
                38.29498633022966
              ],
              [
                -7.317340817944753,
                38.499625765044115
              ],
              [
                -7.089424577252615,
                38.79450186367693
              ],
              [
                -6.933383431927908,
                38.961349092680834
              ],
              [
                -7.00687452842449,
                39.05031546230974
              ],
              [
                -7.211435761944998,
                39.29820593472185
              ],
              [
                -7.430998769299734,
                39.52051504727068
              ],
              [
                -7.301257100598562,
                39.57871206875505
              ],
              [
                -7.084203687207449,
                39.59907492275896
              ],
              [
                -6.878323045270193,
                39.70239599819841
              ],
              [
                -6.85867592384075,
                39.791923128325365
              ],
              [
                -6.884172883527029,
                40.214034639555834
              ],
              [
                -6.824864831464041,
                40.65656622524919
              ],
              [
                -6.857170548932302,
                40.86157950039568
              ],
              [
                -6.834448781506765,
                41.06053503628435
              ],
              [
                -6.796627965466726,
                41.092826448637865
              ],
              [
                -6.241148915784109,
                41.320479952055834
              ],
              [
                -6.111537900464285,
                41.41746100063982
              ],
              [
                -6.139497724072683,
                41.52643927212419
              ],
              [
                -6.518426862256277,
                41.74909933682146
              ],
              [
                -6.58607956458782,
                41.85792120571794
              ],
              [
                -6.70870443870281,
                41.96004446621599
              ],
              [
                -6.859518495099294,
                41.9849124776906
              ],
              [
                -7.098435845868337,
                41.86795385952654
              ],
              [
                -7.918560948865164,
                41.88916739102068
              ],
              [
                -8.157261338727224,
                42.08703955288591
              ],
              [
                -8.405047383801687,
                42.002135835844896
              ],
              [
                -8.806055036084402,
                41.889178835112475
              ]
            ]
          ]
        ]
      }
    },
    {
      "type": "Feature",
      "properties": {
        "NAME": "Mamluke Sultanate",
        "ABBREVN": "Mamluke",
        "SUBJECTO": "Mamluke Sultanate",
        "BORDERPRECISION": 1,
        "PARTOF": "Mamluke Sultanate",
        "entity_id": "mamluk-sultanate",
        "name_en": "Mamluke Sultanate",
        "source": "historical-basemaps",
        "revision_saved_at": "2026-07-05T10:00:53.142Z"
      },
      "geometry": {
        "type": "MultiPolygon",
        "coordinates": [
          [
            [
              [
                34.93554213951374,
                29.418094240385912
              ],
              [
                34.76433471153523,
                29.24668654080095
              ],
              [
                34.54894927452351,
                28.731626115996264
              ],
              [
                34.398840937121165,
                28.095985017973803
              ],
              [
                34.32201293419148,
                27.828979097563646
              ],
              [
                34.24119857261921,
                27.75892027493181
              ],
              [
                34.0580053658321,
                27.79031332607927
              ],
              [
                33.85604384849812,
                28.024955354887865
              ],
              [
                33.50405791710163,
                28.329183183867357
              ],
              [
                33.33074096153523,
                28.551192842680834
              ],
              [
                33.17847350548054,
                28.995608888823412
              ],
              [
                32.94378188560749,
                29.19842108364763
              ],
              [
                32.81360534141804,
                29.477700792509935
              ],
              [
                32.73727706383015,
                29.693547807890795
              ],
              [
                32.647959742052805,
                29.85220106716814
              ],
              [
                32.43838027427937,
                29.775519930083178
              ],
              [
                32.318491968615305,
                29.54019697781267
              ],
              [
                32.59057525108601,
                28.93719633694353
              ],
              [
                32.64934447716023,
                28.765781007964037
              ],
              [
                32.934676203234446,
                28.37882574673357
              ],
              [
                33.35421660850788,
                27.90954741116228
              ],
              [
                33.566939386828196,
                27.36995085354509
              ],
              [
                33.80406478355671,
                26.93206938381853
              ],
              [
                33.928809198839915,
                26.56382330532732
              ],
              [
                34.10422042320515,
                26.354524217802904
              ],
              [
                34.514842066271555,
                25.573916994292162
              ],
              [
                34.99740127037312,
                24.71719893093767
              ],
              [
                35.189864191515696,
                24.39991911526384
              ],
              [
                32.51417897995226,
                23.73314148844132
              ],
              [
                30.818889214610206,
                23.659433237774273
              ],
              [
                29.344724201269287,
                24.0279744911095
              ],
              [
                27.428309683926102,
                27.197429269792465
              ],
              [
                25.438186915915864,
                28.00822002712997
              ],
              [
                21.679066131896533,
                28.081928277797015
              ],
              [
                17.970530295354642,
                28.61240420414305
              ],
              [
                17.957158121569407,
                30.768363558012865
              ],
              [
                18.537213358385813,
                30.4137454855031
              ],
              [
                18.88543416821034,
                30.221221391013703
              ],
              [
                18.91502669761921,
                30.204860292632006
              ],
              [
                19.1245394081905,
                30.19894369717302
              ],
              [
                19.31879586702798,
                30.255372139440905
              ],
              [
                19.32281592796589,
                30.25653990383806
              ],
              [
                19.66391471336628,
                30.441501222807787
              ],
              [
                19.981537851794016,
                30.721730791289232
              ],
              [
                20.116768869860422,
                30.957103334624193
              ],
              [
                20.11667922447468,
                31.07146795864763
              ],
              [
                19.992096933825266,
                31.350774370390795
              ],
              [
                19.94158271263386,
                31.611169420439623
              ],
              [
                19.961470636828196,
                31.795470796782396
              ],
              [
                20.068364176256907,
                32.037135683257006
              ],
              [
                20.36572173546101,
                32.29824026699724
              ],
              [
                20.515524897082102,
                32.387511812407396
              ],
              [
                20.765051874621165,
                32.496032320219896
              ],
              [
                21.05449775169636,
                32.630050264555834
              ],
              [
                21.673419031603586,
                32.8155895101613
              ],
              [
                22.21598914573933,
                32.79128988857927
              ],
              [
                22.54312613914753,
                32.722072206694506
              ],
              [
                22.922846827013743,
                32.55765875454607
              ],
              [
                23.007332834704172,
                32.48158987637224
              ],
              [
                23.026656183703196,
                32.25291021938982
              ],
              [
                23.153338465197336,
                32.138812624174975
              ],
              [
                23.28863624046589,
                32.13273199673357
              ],
              [
                23.714034113390696,
                32.07642325039568
              ],
              [
                23.74241927152661,
                32.064098049233976
              ],
              [
                24.03440383384968,
                31.937314592558764
              ],
              [
                24.236922296984446,
                31.92502363796892
              ],
              [
                24.81585792015339,
                31.9071536886281
              ],
              [
                24.95152572105671,
                31.818492494780443
              ],
              [
                24.98223784874226,
                31.647012315947435
              ],
              [
                25.10655311058308,
                31.513841234404467
              ],
              [
                25.258229288561594,
                31.437919222075365
              ],
              [
                25.50715545128132,
                31.444781862456225
              ],
              [
                25.789500269396555,
                31.489841066557787
              ],
              [
                26.143334421618235,
                31.490577303130053
              ],
              [
                26.82399466942097,
                31.358560167509935
              ],
              [
                27.088095697863352,
                31.306726061064623
              ],
              [
                27.4387541146114,
                31.251824938017748
              ],
              [
                27.763331446154368,
                31.182614885527514
              ],
              [
                27.919449839098704,
                30.99868544216814
              ],
              [
                28.099829706652415,
                30.999057375151537
              ],
              [
                28.517182383044016,
                30.961799226958178
              ],
              [
                28.966422113878977,
                30.784841142851732
              ],
              [
                29.24884704063679,
                30.753661714751146
              ],
              [
                29.35938170860554,
                30.81107100125017
              ],
              [
                29.683102640612375,
                31.05317076321306
              ],
              [
                30.099139246447336,
                31.231925569731615
              ],
              [
                30.476056131823313,
                31.31528814907732
              ],
              [
                30.8270597786739,
                31.43673666592302
              ],
              [
                30.995955500109446,
                31.468850694853685
              ],
              [
                31.15138152550007,
                31.443749986845873
              ],
              [
                31.392270121081125,
                31.444261156279467
              ],
              [
                31.717415842516672,
                31.38775213833513
              ],
              [
                31.808123621447336,
                31.178281389433764
              ],
              [
                32.07651046226765,
                31.013650499541185
              ],
              [
                32.30937865684773,
                31.084018312651537
              ],
              [
                32.59724334190632,
                30.963901125151537
              ],
              [
                32.76873305748249,
                30.95155295010271
              ],
              [
                33.02139190147663,
                31.132072054106615
              ],
              [
                33.12956527183796,
                31.051686845976732
              ],
              [
                33.25459960411335,
                31.026528917509935
              ],
              [
                33.557601007921946,
                30.967715822417162
              ],
              [
                33.70960906456257,
                30.99570997830095
              ],
              [
                33.916968378527415,
                31.070052705962084
              ],
              [
                34.146304163439524,
                31.20857962246599
              ],
              [
                34.19527724693562,
                31.23814161892595
              ],
              [
                34.50065902183796,
                31.621099077422045
              ],
              [
                34.59913543175007,
                31.817897402007006
              ],
              [
                34.681338343127024,
                32.045978151518725
              ],
              [
                34.758502039416086,
                32.300719820219896
              ],
              [
                34.84289077232624,
                32.670699678618334
              ],
              [
                34.894969019396555,
                32.662833772856615
              ],
              [
                34.956587824328196,
                32.704818330962084
              ],
              [
                34.959082636339915,
                32.796657167632006
              ],
              [
                34.97200683067585,
                32.938407503325365
              ],
              [
                35.088973078234446,
                33.069259248930834
              ],
              [
                35.13231185386921,
                33.23151739712419
              ],
              [
                35.20838836143757,
                33.33358725186052
              ],
              [
                35.356089624865305,
                33.63978155728044
              ],
              [
                35.34855941246296,
                33.74446829434099
              ],
              [
                35.42986586998249,
                33.74446829434099
              ],
              [
                35.49185088585163,
                33.83082541104021
              ],
              [
                35.52440169761921,
                33.9747691976613
              ],
              [
                35.532080683214915,
                34.118705354887865
              ],
              [
                35.7162084908321,
                34.312369905669115
              ],
              [
                35.82100585411335,
                34.343776308257006
              ],
              [
                35.873065027697336,
                34.422286592680834
              ],
              [
                35.85191634605671,
                34.492946230132006
              ],
              [
                35.7507543892696,
                34.74680670376482
              ],
              [
                35.80885222862507,
                35.01379736538591
              ],
              [
                35.841380152209055,
                35.04263266201677
              ],
              [
                35.796431574328196,
                35.270717226225756
              ],
              [
                35.60734084556843,
                35.41754492397966
              ],
              [
                35.663958582384836,
                35.45949514980974
              ],
              [
                35.680430445177805,
                35.52767141934099
              ],
              [
                35.7331762642696,
                35.58536108608904
              ],
              [
                35.69143203209187,
                35.68502005215349
              ],
              [
                35.739504847033274,
                35.690265260893725
              ],
              [
                35.85594466636921,
                35.83450277920427
              ],
              [
                35.829051050646555,
                35.884784303862475
              ],
              [
                35.71850493858601,
                36.09155615444841
              ],
              [
                35.66494658897663,
                36.133529268462084
              ],
              [
                35.70863250206257,
                36.21223410244646
              ],
              [
                35.8141377527435,
                36.29849189880415
              ],
              [
                38.372162177518426,
                35.14088777601609
              ],
              [
                38.03644933743952,
                34.59718847372219
              ],
              [
                37.211895121902344,
                33.56649570430072
              ],
              [
                36.52476660895469,
                31.161545908983946
              ],
              [
                36.593479460249455,
                29.78728888308865
              ],
              [
                37.363535735251304,
                27.957371649593455
              ],
              [
                37.420911989940144,
                27.834118954335942
              ],
              [
                39.07421328931933,
                25.50213950445042
              ],
              [
                40.179837049325016,
                24.0279744911095
              ],
              [
                41.13804430799661,
                22.406392976434496
              ],
              [
                41.81245652795076,
                21.71258711091823
              ],
              [
                41.922550674907015,
                20.766511713616357
              ],
              [
                40.81975844810749,
                19.68472059841814
              ],
              [
                40.69382003258015,
                19.868707262236498
              ],
              [
                40.336348566515696,
                20.096686922270678
              ],
              [
                39.76407912681843,
                20.40679510708513
              ],
              [
                39.526900324328196,
                20.692212663847826
              ],
              [
                39.16673949669148,
                21.218801103789232
              ],
              [
                39.13041213463093,
                21.650762163359545
              ],
              [
                39.10333922813679,
                22.0001655447072
              ],
              [
                39.1021948189571,
                22.400445543486498
              ],
              [
                39.05560210655476,
                22.571889482695482
              ],
              [
                38.91509536216999,
                22.87021406765642
              ],
              [
                38.490122827990305,
                23.612683855254076
              ],
              [
                38.329417261584055,
                23.83471830959978
              ],
              [
                37.988421473009836,
                24.11356123562517
              ],
              [
                37.78184798668171,
                24.214786134917162
              ],
              [
                37.55722335289265,
                24.27148588772478
              ],
              [
                37.41881087730671,
                24.398265443999193
              ],
              [
                37.201453241808665,
                24.65831335659685
              ],
              [
                37.26854232261921,
                24.969781480986498
              ],
              [
                37.21826842735554,
                25.166631303984545
              ],
              [
                37.00525573204304,
                25.534686647612475
              ],
              [
                36.669295343859446,
                26.016835771757982
              ],
              [
                36.329762091157946,
                26.40276266471046
              ],
              [
                36.31222442100788,
                26.42269667263689
              ],
              [
                35.831072840197336,
                27.095153413969896
              ],
              [
                35.59481337974812,
                27.51398619290056
              ],
              [
                35.43649581383015,
                27.72965582485857
              ],
              [
                35.111590418322336,
                28.072061144072435
              ],
              [
                34.87561706016804,
                28.0969730245656
              ],
              [
                34.76388076256062,
                28.096747957426928
              ],
              [
                34.798899683459055,
                28.230243288237475
              ],
              [
                34.88559249351765,
                28.357480608183764
              ],
              [
                35.025679621203196,
                28.948632799345873
              ],
              [
                35.07210448692585,
                29.21136053677263
              ],
              [
                35.09547332237507,
                29.342677675444506
              ],
              [
                35.0733976692989,
                29.418868623930834
              ],
              [
                34.98467925499226,
                29.46721991177263
              ],
              [
                34.9542570442989,
                29.43680914517107
              ],
              [
                34.93554213951374,
                29.418094240385912
              ]
            ]
          ]
        ]
      }
    },
    {
      "type": "Feature",
      "properties": {
        "NAME": "Hafsid Caliphate",
        "ABBREVN": "Hafsid Cal.",
        "SUBJECTO": "Hafsid Caliphate",
        "BORDERPRECISION": 1,
        "PARTOF": "Hafsid Caliphate",
        "entity_id": "hafsid-caliphate",
        "name_en": "Hafsid Caliphate",
        "source": "historical-basemaps",
        "revision_saved_at": "2026-07-05T10:00:53.142Z"
      },
      "geometry": {
        "type": "MultiPolygon",
        "coordinates": [
          [
            [
              [
                6.502893292137678,
                32.73261356640473
              ],
              [
                5.681251390019595,
                32.815410169955875
              ],
              [
                2.453117778055347,
                32.6686768239575
              ],
              [
                -1.081275251404989,
                32.45392569180193
              ],
              [
                -1.802211619772074,
                32.42724029347477
              ],
              [
                -1.610150661961782,
                33.04845007534685
              ],
              [
                -1.681131210820425,
                33.25781592007341
              ],
              [
                -1.673919525639761,
                33.82995184536638
              ],
              [
                -1.66398951102947,
                34.20505484219255
              ],
              [
                -1.738150325314749,
                34.605094515044115
              ],
              [
                -1.823284712331045,
                34.69997366543474
              ],
              [
                -2.076577034489858,
                34.825675569731615
              ],
              [
                -2.192973938481558,
                35.0542484151906
              ],
              [
                -2.035251822964895,
                35.05456884976091
              ],
              [
                -1.738327947156179,
                35.11883123989763
              ],
              [
                -1.495096531407583,
                35.23390158291521
              ],
              [
                -1.32910570193981,
                35.48890646572771
              ],
              [
                -1.146667149560201,
                35.62936743374529
              ],
              [
                -0.917491999165762,
                35.66803701992693
              ],
              [
                -0.734306839005697,
                35.73846014614763
              ],
              [
                -0.428770822183836,
                35.86006888027849
              ],
              [
                -0.282988813416708,
                35.758475862700365
              ],
              [
                -0.203663793103445,
                35.75072058315935
              ],
              [
                -0.091654170946825,
                35.73976858730974
              ],
              [
                0.01531081209923,
                35.803668581206225
              ],
              [
                0.198671731455576,
                36.033309541899584
              ],
              [
                0.474390897257578,
                36.22496374722185
              ],
              [
                0.781242343886149,
                36.384852968413256
              ],
              [
                1.057602915270579,
                36.46185644741716
              ],
              [
                1.579693111880076,
                36.51388891812029
              ],
              [
                2.29377416084553,
                36.540824495512865
              ],
              [
                2.524363550646555,
                36.57315024014177
              ],
              [
                2.809869083864939,
                36.71390112515154
              ],
              [
                3.070006403429758,
                36.61885794277849
              ],
              [
                3.32383778999592,
                36.65123327847185
              ],
              [
                3.586873087389719,
                36.79195364590349
              ],
              [
                3.741224560244333,
                36.83686789150896
              ],
              [
                4.163919004900706,
                36.831351839262865
              ],
              [
                4.394624266131174,
                36.83819159146013
              ],
              [
                4.532551798327219,
                36.81298407192888
              ],
              [
                4.632117304308665,
                36.794066988188646
              ],
              [
                4.777191671831858,
                36.74338492031755
              ],
              [
                5.144465002520334,
                36.66767843838396
              ],
              [
                5.382732424242747,
                36.67453344937029
              ],
              [
                5.7301621765926,
                36.75170477505388
              ],
              [
                6.04739383171345,
                36.84155615444841
              ],
              [
                6.322870287401926,
                37.09064825649919
              ],
              [
                6.770537409289133,
                36.862147890288256
              ],
              [
                6.923042807085764,
                36.81784018154802
              ],
              [
                7.063241037829172,
                36.881854616362475
              ],
              [
                7.204853090746653,
                36.99046667690935
              ],
              [
                7.306981119616282,
                37.060782991606615
              ],
              [
                7.544922861559641,
                37.04214438076677
              ],
              [
                7.71904328773762,
                36.95327719326677
              ],
              [
                7.792040857775461,
                36.83235891934099
              ],
              [
                7.91317466209675,
                36.77524908657732
              ],
              [
                8.145014795763743,
                36.813949190337084
              ],
              [
                8.63670924614216,
                36.88525732632341
              ],
              [
                8.865518602831614,
                36.96835287686052
              ],
              [
                9.150280031664622,
                37.17287405605974
              ],
              [
                9.416118654711497,
                37.27537878628435
              ],
              [
                9.732199701769602,
                37.2823978292531
              ],
              [
                10.021354708178293,
                37.200133882719896
              ],
              [
                10.13273433159138,
                37.10474737759294
              ],
              [
                10.158871683581125,
                36.99647482510271
              ],
              [
                10.271508249743235,
                36.7545543539113
              ],
              [
                10.392797502978098,
                36.716571413237475
              ],
              [
                10.580582651598704,
                36.793422304350756
              ],
              [
                10.843251261217844,
                36.99148901577654
              ],
              [
                11.02375701378132,
                37.068324648100756
              ],
              [
                11.039403948290598,
                36.90904577847185
              ],
              [
                10.920062098009836,
                36.65393789883318
              ],
              [
                10.633412394030344,
                36.42401465054216
              ],
              [
                10.509244951708567,
                36.213553987700365
              ],
              [
                10.511460337145579,
                36.08616980190935
              ],
              [
                10.602607759936106,
                35.88894613857927
              ],
              [
                10.830826792223704,
                35.679278932768725
              ],
              [
                10.988951715929758,
                35.622298799712084
              ],
              [
                11.125108751757395,
                35.24060782070818
              ],
              [
                11.082800898058665,
                35.14503439541521
              ],
              [
                10.839357408983957,
                34.80115469570818
              ],
              [
                10.574025186999094,
                34.6481090414113
              ],
              [
                10.11642173240925,
                34.2341686117238
              ],
              [
                10.019480738146555,
                34.081473909575365
              ],
              [
                10.148656877978098,
                33.87839850063982
              ],
              [
                10.412600550158274,
                33.63112600918474
              ],
              [
                10.650217089159739,
                33.49818380947771
              ],
              [
                10.778140100939524,
                33.47303351040544
              ],
              [
                10.956539186938059,
                33.575057588774584
              ],
              [
                11.099118265612375,
                33.53722723599138
              ],
              [
                11.208920511706125,
                33.25152166958513
              ],
              [
                11.470686945421946,
                33.1440921651906
              ],
              [
                12.117019686205637,
                32.87850149746599
              ],
              [
                12.564756426317942,
                32.73963888760271
              ],
              [
                12.798863443835032,
                32.73376806851091
              ],
              [
                13.187125238878977,
                32.79175909634294
              ],
              [
                13.458779367907297,
                32.77960928555193
              ],
              [
                14.15702346275593,
                32.67937811489763
              ],
              [
                14.43342784355427,
                32.46390875454607
              ],
              [
                14.790810617907297,
                32.362994753081225
              ],
              [
                15.009786638720286,
                32.3634410726613
              ],
              [
                15.163704905016672,
                32.274806581694506
              ],
              [
                15.24143508384968,
                32.17330130215349
              ],
              [
                15.358129534228098,
                31.80502279873552
              ],
              [
                15.533408197863352,
                31.551215730864428
              ],
              [
                15.843325647814524,
                31.28500326748552
              ],
              [
                16.013379129870188,
                31.228170000273607
              ],
              [
                16.3183870644405,
                31.165261827666185
              ],
              [
                16.78251937340046,
                31.128097139555834
              ],
              [
                16.983780893786204,
                31.09674223538103
              ],
              [
                17.42162993858601,
                30.99598654385271
              ],
              [
                17.708979639513743,
                30.894923769194506
              ],
              [
                17.957158121569407,
                30.768363558012865
              ],
              [
                17.970530295354642,
                28.61240420414305
              ],
              [
                17.001952545304682,
                28.750951383364868
              ],
              [
                12.532702649482994,
                30.804904526976536
              ],
              [
                7.892289991693662,
                32.592604485305216
              ],
              [
                6.502893292137678,
                32.73261356640473
              ]
            ]
          ]
        ]
      }
    },
    {
      "type": "Feature",
      "properties": {
        "NAME": "Trebizond",
        "ABBREVN": "Trebizond",
        "SUBJECTO": "Trebizond",
        "BORDERPRECISION": 1,
        "PARTOF": "Trebizond",
        "entity_id": "trebizond",
        "name_en": "Trebizond",
        "source": "historical-basemaps",
        "revision_saved_at": "2026-07-05T10:00:53.142Z"
      },
      "geometry": {
        "type": "MultiPolygon",
        "coordinates": [
          [
            [
              [
                37.252825769884836,
                41.02772101040544
              ],
              [
                37.821841272814524,
                41.00963171597185
              ],
              [
                38.31396392296101,
                40.92090185757341
              ],
              [
                38.65118316124226,
                40.921569429594896
              ],
              [
                39.13864425133015,
                41.04431875820818
              ],
              [
                39.37017730186726,
                41.06399878140154
              ],
              [
                39.66300490806843,
                41.00049551602068
              ],
              [
                40.00671294639851,
                40.95632895107927
              ],
              [
                40.36101439903523,
                40.96344336147966
              ],
              [
                40.60989287803913,
                41.02802618618669
              ],
              [
                41.29311660240437,
                41.28582342739763
              ],
              [
                41.48396209190632,
                41.436542116362475
              ],
              [
                40.761755490366085,
                40.56876775325952
              ],
              [
                40.204431744294425,
                40.35977134848265
              ],
              [
                38.81112237911529,
                40.150774943705784
              ],
              [
                37.766140355230945,
                40.2901058802237
              ],
              [
                37.252825769884836,
                41.02772101040544
              ]
            ]
          ]
        ]
      }
    },
    {
      "type": "Feature",
      "properties": {
        "NAME": "Ilkhanate",
        "ABBREVN": "Ilkhanate",
        "SUBJECTO": "Ilkhanate",
        "BORDERPRECISION": 1,
        "PARTOF": "Ilkhanate",
        "entity_id": "ilkhanate",
        "name_en": "Ilkhanate",
        "source": "historical-basemaps",
        "revision_saved_at": "2026-07-05T10:00:53.142Z"
      },
      "geometry": {
        "type": "MultiPolygon",
        "coordinates": [
          [
            [
              [
                45.8608618111446,
                42.474147402007006
              ],
              [
                47.39487912288488,
                42.58778552685864
              ],
              [
                47.84404281090046,
                42.621059023100756
              ],
              [
                47.969927820666086,
                42.59408529873552
              ],
              [
                48.13178161094929,
                42.40525396938982
              ],
              [
                48.2217016548946,
                42.27936895962419
              ],
              [
                48.41952422569538,
                42.09053763027849
              ],
              [
                48.50044921348835,
                41.92868383999529
              ],
              [
                48.662303003771555,
                41.90171011563005
              ],
              [
                48.683238062365305,
                41.83590658779802
              ],
              [
                48.89249709556843,
                41.68698462124529
              ],
              [
                48.99886992882038,
                41.51678808804216
              ],
              [
                49.115881952746165,
                41.4316898214406
              ],
              [
                49.24352935264851,
                41.29340323086443
              ],
              [
                49.28607848594929,
                41.05938299771013
              ],
              [
                49.34990218590046,
                40.95301016445818
              ],
              [
                49.477549585802805,
                40.83600195522966
              ],
              [
                49.60519698570515,
                40.76153906460466
              ],
              [
                49.60519698570515,
                40.68707617397966
              ],
              [
                49.80730346153523,
                40.58070334072771
              ],
              [
                50.0200529427364,
                40.6019779073781
              ],
              [
                50.190249475939524,
                40.570067964751146
              ],
              [
                50.31789687584187,
                40.495605074126146
              ],
              [
                50.42426970909382,
                40.410506807524584
              ],
              [
                50.4668188423946,
                40.32540854092302
              ],
              [
                50.4668188423946,
                40.26158484097185
              ],
              [
                50.30725768516804,
                40.32540854092302
              ],
              [
                50.12642577598835,
                40.34668310757341
              ],
              [
                50.03068831871296,
                40.34668310757341
              ],
              [
                49.913680109484446,
                40.32540854092302
              ],
              [
                49.849856409533274,
                40.27222403164568
              ],
              [
                49.66902068565632,
                40.24031027432146
              ],
              [
                49.57328322838093,
                40.17648657437029
              ],
              [
                49.55200866173054,
                40.091388307768725
              ],
              [
                49.54137328575398,
                39.87864264126482
              ],
              [
                49.48818496177937,
                39.76163061733904
              ],
              [
                49.445635828478586,
                39.655257784087084
              ],
              [
                49.403086695177805,
                39.48506125088396
              ],
              [
                49.498824152453196,
                39.378688417632006
              ],
              [
                49.48818496177937,
                39.29359015103044
              ],
              [
                49.381812128527415,
                39.325500093657396
              ],
              [
                49.33926299522663,
                39.282950960356615
              ],
              [
                49.30735305259968,
                39.13402899380388
              ],
              [
                49.27543929527546,
                39.017020784575365
              ],
              [
                49.22225478599812,
                39.038295351225756
              ],
              [
                49.179705652697336,
                39.14466818447771
              ],
              [
                49.115881952746165,
                39.18721731777849
              ],
              [
                49.041419062121165,
                39.14466818447771
              ],
              [
                49.020144495470774,
                39.00638159390154
              ],
              [
                49.05205825279499,
                38.9319225179738
              ],
              [
                48.99886992882038,
                38.87873419399919
              ],
              [
                48.945681604845774,
                38.83618506069841
              ],
              [
                48.988230738146555,
                38.719176851469896
              ],
              [
                48.824954065783274,
                38.30957754727068
              ],
              [
                48.83150771568562,
                38.3063121664113
              ],
              [
                48.809187921984446,
                37.98856695767107
              ],
              [
                48.74478057335163,
                37.727016054350756
              ],
              [
                48.837229761584055,
                37.51097448940935
              ],
              [
                49.05953124473835,
                37.39755972500505
              ],
              [
                49.475806269152415,
                37.291610323149584
              ],
              [
                49.84801391075398,
                37.268214784819506
              ],
              [
                50.038714441759836,
                37.22470434780779
              ],
              [
                50.11132338951374,
                37.09775503750505
              ],
              [
                50.25221160362507,
                36.89478644009294
              ],
              [
                50.56095412681843,
                36.686427675444506
              ],
              [
                51.41704085777546,
                36.45569189663591
              ],
              [
                51.79552367637898,
                36.43234976406755
              ],
              [
                51.993052515490305,
                36.45890387173357
              ],
              [
                52.60216430137898,
                36.57688101406755
              ],
              [
                53.139014276964915,
                36.64352758999529
              ],
              [
                53.79965499351765,
                36.67903860684099
              ],
              [
                53.98448852012898,
                36.781913362700365
              ],
              [
                54.06743911216999,
                36.94152411099138
              ],
              [
                54.008704218371165,
                37.34868963833513
              ],
              [
                54.015112909777415,
                37.348327242094896
              ],
              [
                53.98521712730671,
                37.517726503569506
              ],
              [
                53.927752527697336,
                37.824218355376146
              ],
              [
                53.87986281822468,
                38.025355898100756
              ],
              [
                53.937327417834055,
                38.15944632168474
              ],
              [
                53.937327417834055,
                38.331847749907396
              ],
              [
                53.937327417834055,
                38.57129629727068
              ],
              [
                53.98521712730671,
                38.657497011382006
              ],
              [
                54.03310683677937,
                38.79158743496599
              ],
              [
                54.07141784141804,
                38.89694555874529
              ],
              [
                55.6424460095712,
                40.05030547985856
              ],
              [
                56.76865970461873,
                41.37238242621869
              ],
              [
                60.025647028105865,
                42.361594483468096
              ],
              [
                61.10958765728921,
                41.187325468519475
              ],
              [
                62.01287151494199,
                41.187325468519475
              ],
              [
                62.103199900707274,
                40.37436999663197
              ],
              [
                63.729110844482285,
                39.47108613897919
              ],
              [
                64.63239470213507,
                38.838787438622234
              ],
              [
                66.52929080320592,
                38.1161603525
              ],
              [
                66.70994757473647,
                37.21287649484722
              ],
              [
                67.34224627509343,
                37.21287649484722
              ],
              [
                67.8842165896851,
                36.85156295178611
              ],
              [
                69.82627688363858,
                31.757041994624394
              ],
              [
                68.23649729416968,
                29.37237261042104
              ],
              [
                67.74817373612484,
                28.39449734646444
              ],
              [
                66.30008986900593,
                25.494687639433764
              ],
              [
                65.76880172203327,
                25.309339128691576
              ],
              [
                65.21567061851765,
                25.270059190947435
              ],
              [
                64.85119155357624,
                25.20576437588396
              ],
              [
                64.42497542808796,
                25.173116289336107
              ],
              [
                64.23826125572468,
                25.210826479155443
              ],
              [
                64.12006667564656,
                25.312226854521654
              ],
              [
                64.05922225425984,
                25.401034914214037
              ],
              [
                63.650332483752024,
                25.336646639067553
              ],
              [
                63.40352538536335,
                25.164601885039232
              ],
              [
                63.01806167076374,
                25.15743979092302
              ],
              [
                62.44957259605671,
                25.16259916897478
              ],
              [
                62.13830092857624,
                25.104774080473803
              ],
              [
                61.8132658333614,
                25.053256593901537
              ],
              [
                61.569964441759836,
                25.039571367461107
              ],
              [
                61.34399321983601,
                25.026860796172045
              ],
              [
                60.85827544639851,
                25.095714174467943
              ],
              [
                60.7522306771114,
                25.18442877407732
              ],
              [
                60.479590448839915,
                25.29820593472185
              ],
              [
                60.29817870567585,
                25.323236070830248
              ],
              [
                59.654585871203196,
                25.321876131255053
              ],
              [
                59.30209258507038,
                25.340196214873217
              ],
              [
                59.03145888756062,
                25.307866655547045
              ],
              [
                58.81800750206257,
                25.478932939726732
              ],
              [
                58.74442580650593,
                25.535960756499193
              ],
              [
                58.36867812584187,
                25.54787977810564
              ],
              [
                58.109637293322336,
                25.547322832304857
              ],
              [
                57.900454554064524,
                25.540891252715014
              ],
              [
                57.805090937121165,
                25.64833029385271
              ],
              [
                57.464880976183665,
                25.704793535429857
              ],
              [
                57.32798293541218,
                25.787087999541185
              ],
              [
                57.254771265490305,
                25.793286882597826
              ],
              [
                57.24507049034382,
                26.01846274014177
              ],
              [
                57.112402948839915,
                26.076190553862475
              ],
              [
                57.06634047935749,
                26.307468019682787
              ],
              [
                56.93497756431843,
                26.464543901640795
              ],
              [
                56.929087671740305,
                26.75186689968767
              ],
              [
                56.79043105552937,
                26.97391279812517
              ],
              [
                56.683550867541086,
                26.968356691557787
              ],
              [
                56.66781905601765,
                27.04989584561052
              ],
              [
                56.43094924400593,
                27.106566988188646
              ],
              [
                56.067767176134836,
                27.112168871123217
              ],
              [
                55.89973357628132,
                27.104804598051928
              ],
              [
                55.8053198189571,
                27.005092226225756
              ],
              [
                55.65757277916218,
                26.996945940215014
              ],
              [
                55.42489913414265,
                26.963107668120287
              ],
              [
                55.34008696983601,
                26.79935225125017
              ],
              [
                55.098128351671946,
                26.73744162197771
              ],
              [
                54.92553237388874,
                26.53802641506853
              ],
              [
                54.75987533043171,
                26.41062506313982
              ],
              [
                54.64605620811726,
                26.39131888027849
              ],
              [
                54.064944300158274,
                26.70138319607439
              ],
              [
                53.63393691490437,
                26.74793966885271
              ],
              [
                53.380679163439524,
                26.9095893728322
              ],
              [
                52.89083388756062,
                27.05232390042009
              ],
              [
                52.77987197349812,
                27.18784865017595
              ],
              [
                52.63377669761921,
                27.314601503569506
              ],
              [
                52.41038802574421,
                27.580957018095873
              ],
              [
                51.961550745470774,
                27.776948534209154
              ],
              [
                51.698863062365305,
                27.814521394926928
              ],
              [
                51.611304316027415,
                27.82704123135271
              ],
              [
                51.350134882433665,
                28.03613432522478
              ],
              [
                51.082259211046946,
                28.51201971646013
              ],
              [
                50.796755823595774,
                29.01329382534685
              ],
              [
                50.702456507189524,
                29.133781038481615
              ],
              [
                50.704722437365305,
                29.400607668120287
              ],
              [
                50.359839472277415,
                29.74293478604021
              ],
              [
                50.13237288902546,
                30.06642874355974
              ],
              [
                49.71784881065632,
                30.002053819853685
              ],
              [
                49.51097396324421,
                30.020675264555834
              ],
              [
                49.45236495445515,
                30.07772596951189
              ],
              [
                49.321360620959055,
                30.102862917143725
              ],
              [
                49.235083612902415,
                30.223380647856615
              ],
              [
                49.22222808311726,
                30.47745855923357
              ],
              [
                49.02017119835163,
                30.43257101650896
              ],
              [
                48.945723566515696,
                30.387942873198412
              ],
              [
                48.80132964561726,
                30.08272513027849
              ],
              [
                48.713843378527415,
                29.99996145840349
              ],
              [
                48.55364898155476,
                29.994622789580248
              ],
              [
                48.51058486412312,
                29.993188463408373
              ],
              [
                48.21184829185749,
                29.948093019682787
              ],
              [
                48.028277430041086,
                29.973121248442553
              ],
              [
                47.95715239952351,
                29.947564684111498
              ],
              [
                47.911360773546946,
                29.890292726714037
              ],
              [
                47.935923609240305,
                29.80140646572771
              ],
              [
                47.99603179405476,
                29.490258775908373
              ],
              [
                47.84490874717976,
                29.50315436001482
              ],
              [
                47.61403945396687,
                29.272241197783373
              ],
              [
                47.80355742882038,
                29.184920870024584
              ],
              [
                47.99150756309773,
                29.277490221220873
              ],
              [
                48.1290617317989,
                29.268191896635912
              ],
              [
                48.44353393028523,
                28.4402347433156
              ],
              [
                48.462683710558665,
                28.385850511748217
              ],
              [
                48.58751204918171,
                28.093883119780443
              ],
              [
                48.75173858116413,
                27.871879183012865
              ],
              [
                48.83184340904499,
                27.57345350857439
              ],
              [
                48.85502150963093,
                27.522691332060717
              ],
              [
                49.13191131065632,
                27.53597220059099
              ],
              [
                49.243506464464915,
                27.479030214507006
              ],
              [
                49.151927027209055,
                27.372457109648607
              ],
              [
                49.2391577095821,
                27.28848799343767
              ],
              [
                49.321604761584055,
                27.161550127226732
              ],
              [
                49.427317652209055,
                27.131045900542162
              ],
              [
                49.532542261584055,
                27.009526811797045
              ],
              [
                49.93138411949421,
                26.9341255056447
              ],
              [
                50.12176421592976,
                26.737586580473803
              ],
              [
                50.09017470787312,
                26.61149176235857
              ],
              [
                49.983958277209055,
                26.59574469204607
              ],
              [
                49.93417266319538,
                26.48306807156267
              ],
              [
                50.07624724815632,
                26.311841570097826
              ],
              [
                49.9919767708614,
                26.04484137173357
              ],
              [
                49.93686202476765,
                25.955783449370287
              ],
              [
                50.01140502403523,
                25.835229479033373
              ],
              [
                50.14689162681843,
                25.535644136626146
              ],
              [
                50.21432403038288,
                25.588124834257982
              ],
              [
                50.38191894005085,
                25.461173616606615
              ],
              [
                50.429209742052805,
                25.18402250881853
              ],
              [
                50.61889556358601,
                24.870853029448412
              ],
              [
                50.606543573839915,
                24.68021734829607
              ],
              [
                50.70592025230671,
                24.559718691069506
              ],
              [
                50.77828124473835,
                24.47092970486345
              ],
              [
                50.907393488390696,
                24.433082185942553
              ],
              [
                50.968333277209055,
                24.436244569975756
              ],
              [
                50.96494582603718,
                24.712745271880053
              ],
              [
                50.89617827842976,
                24.909551225859545
              ],
              [
                50.8473234505489,
                25.265224062163256
              ],
              [
                50.93111327598835,
                25.538573824126146
              ],
              [
                51.01538756798054,
                25.588124834257982
              ],
              [
                50.988955530627024,
                25.67209395046892
              ],
              [
                51.06882766197468,
                25.945460878569506
              ],
              [
                51.21702102134968,
                26.066470705229662
              ],
              [
                51.35766509483601,
                26.02896078701677
              ],
              [
                51.388796839220774,
                25.887261949736498
              ],
              [
                51.50592711876179,
                25.845275484282396
              ],
              [
                51.53446486900593,
                25.75584753628435
              ],
              [
                51.586672815783274,
                25.60911902065935
              ],
              [
                51.53905394981648,
                25.420184694487475
              ],
              [
                51.55285552452351,
                25.10153158779802
              ],
              [
                51.606150660021555,
                24.98728712673845
              ],
              [
                51.558917078478586,
                24.815652452666185
              ],
              [
                51.412005457384836,
                24.605685793120287
              ],
              [
                51.287825617296946,
                24.410777651030443
              ],
              [
                51.2914152474239,
                24.28136786099138
              ],
              [
                51.45416930626179,
                24.218226991850756
              ],
              [
                51.52285293052937,
                24.160663210112475
              ],
              [
                51.60644057701374,
                24.202647768217943
              ],
              [
                51.58590224693562,
                24.003221117216967
              ],
              [
                50.85731587293009,
                23.88040675589211
              ],
              [
                48.61717190595118,
                25.686974471197686
              ],
              [
                44.08318025137882,
                30.33699169344677
              ],
              [
                40.0291220249877,
                34.3910499198379
              ],
              [
                38.372162177518426,
                35.14088777601609
              ],
              [
                35.8141377527435,
                36.29849189880415
              ],
              [
                35.81724074791218,
                36.30102881069841
              ],
              [
                36.09526351402546,
                36.48246344204607
              ],
              [
                36.10452178428913,
                36.56117209072771
              ],
              [
                36.0824308724239,
                36.62153204556169
              ],
              [
                35.95679381798054,
                36.74749334927263
              ],
              [
                35.89087584923054,
                36.77111395474138
              ],
              [
                36.78925751864091,
                37.00062660850955
              ],
              [
                36.49442451597273,
                37.36916786184477
              ],
              [
                38.60968854741831,
                38.36804254336075
              ],
              [
                39.14792153998637,
                38.62220812318456
              ],
              [
                41.21175255866366,
                40.243789637859564
              ],
              [
                41.48396209190632,
                41.436542116362475
              ],
              [
                44.454025308090785,
                42.03174258669762
              ],
              [
                45.25983714902755,
                42.43851801493287
              ],
              [
                45.47791961143757,
                42.54860647793474
              ],
              [
                45.648116144640696,
                42.54860647793474
              ],
              [
                45.80767730186726,
                42.53797110195818
              ],
              [
                45.8608618111446,
                42.474147402007006
              ]
            ]
          ]
        ]
      }
    },
    {
      "type": "Feature",
      "properties": {
        "NAME": "Georgia",
        "ABBREVN": "Georgia",
        "SUBJECTO": "Georgia",
        "BORDERPRECISION": 1,
        "PARTOF": "Georgia",
        "entity_id": "georgia",
        "name_en": "Georgia",
        "source": "historical-basemaps",
        "revision_saved_at": "2026-07-05T10:00:53.142Z"
      },
      "geometry": {
        "type": "MultiPolygon",
        "coordinates": [
          [
            [
              [
                41.48396209190632,
                41.436542116362475
              ],
              [
                41.52111342857624,
                41.46583517666521
              ],
              [
                41.666113886339915,
                41.729152284819506
              ],
              [
                41.68046859215046,
                41.79333838101091
              ],
              [
                41.65183547447468,
                42.1206432210988
              ],
              [
                41.502722773058665,
                42.608478151518725
              ],
              [
                41.40974334190632,
                42.78824194546404
              ],
              [
                41.12255385826374,
                43.019088350493334
              ],
              [
                43.54586158676001,
                42.83470520250434
              ],
              [
                45.25983714902755,
                42.43851801493287
              ],
              [
                44.454025308090785,
                42.03174258669762
              ],
              [
                41.48396209190632,
                41.436542116362475
              ]
            ]
          ]
        ]
      }
    },
    {
      "id": "e991ab7945cc40f1683bc4b53685c132",
      "type": "Feature",
      "properties": {
        "NAME": "Khanate of the Golden Horde",
        "ABBREVN": "Golden Horde",
        "SUBJECTO": "Mongol Empire",
        "BORDERPRECISION": 1,
        "PARTOF": "Mongol Empire",
        "entity_id": "golden-horde",
        "name_en": "Khanate of the Golden Horde",
        "source": "historical-basemaps",
        "clipped_by": [
          "moscow",
          "novgorod",
          "ryazan",
          "tver",
          "pskov",
          "smolensk",
          "vladimir-suzdal",
          "galicia-volhynia"
        ],
        "revision_saved_at": "2026-07-05T10:00:53.142Z"
      },
      "geometry": {
        "coordinates": [
          [
            [
              22.468569011537088,
              44.38109000677273
            ],
            [
              22.9257038827411,
              44.18517506197101
            ],
            [
              22.9257038827411,
              43.79334517236757
            ],
            [
              23.513448717146257,
              44.054565098769864
            ],
            [
              24.231803514752556,
              43.79334517236757
            ],
            [
              24.623633404356,
              43.98926011716929
            ],
            [
              25.472598165163447,
              43.728040190767
            ],
            [
              26.45217288917204,
              44.250480043571585
            ],
            [
              27.954187465985218,
              44.250480043571585
            ],
            [
              28.084797429186366,
              44.577004951574445
            ],
            [
              27.82357750278407,
              44.838224877976735
            ],
            [
              28.01860651185924,
              45.3154810971337
            ],
            [
              28.36834704302339,
              45.33088004715959
            ],
            [
              28.402156507925586,
              45.35938606658693
            ],
            [
              29.06437215319496,
              45.1647497859796
            ],
            [
              29.710764917834055,
              45.25833471890154
            ],
            [
              29.683211359484446,
              45.37478979702654
            ],
            [
              29.615916285021555,
              45.4102054464406
            ],
            [
              29.536093744738352,
              45.4521976339406
            ],
            [
              29.500430140002024,
              45.523368440825365
            ],
            [
              29.629511866076243,
              45.750358186919115
            ],
            [
              29.729748758776438,
              45.76999243374529
            ],
            [
              30.06882193992878,
              45.86140020962419
            ],
            [
              30.432847403352774,
              46.175749569852435
            ],
            [
              30.52046111534382,
              46.25140722866716
            ],
            [
              30.832856211169016,
              46.576591097075365
            ],
            [
              31.087231668932688,
              46.6355357992238
            ],
            [
              31.53773406456257,
              46.701381288725756
            ],
            [
              31.78104690025593,
              46.701861940581225
            ],
            [
              31.951270136339915,
              46.86462744351091
            ],
            [
              32.188792261584055,
              46.59223898525896
            ],
            [
              31.925940546496165,
              46.409930788237475
            ],
            [
              32.11410430382038,
              46.215621553618334
            ],
            [
              32.202166590197336,
              46.17036017056169
            ],
            [
              32.51644423912312,
              46.12558325405779
            ],
            [
              32.9729338021114,
              46.14594992275896
            ],
            [
              33.33253386925007,
              46.16611059780779
            ],
            [
              33.52794555137898,
              46.13406332607927
            ],
            [
              33.638838800890696,
              45.92677267666521
            ],
            [
              33.53945830772663,
              45.874713503081225
            ],
            [
              33.19164946983601,
              45.78977545376482
            ],
            [
              32.902258905871165,
              45.67258032437029
            ],
            [
              32.50324157188679,
              45.44510229702654
            ],
            [
              32.575301203234446,
              45.361083589751146
            ],
            [
              32.64344695518757,
              45.380633913237475
            ],
            [
              32.926287683947336,
              45.38767202969255
            ],
            [
              33.013491663439524,
              45.38137014980974
            ],
            [
              33.397872004015696,
              45.25268133755388
            ],
            [
              33.516673120959055,
              45.12350805874529
            ],
            [
              33.55937865684773,
              44.93613775845232
            ],
            [
              33.39549544761921,
              44.600490175444506
            ],
            [
              33.66015532921101,
              44.52365835781755
            ],
            [
              34.01372435997273,
              44.49212225552263
            ],
            [
              34.13495543907429,
              44.53749807949724
            ],
            [
              34.37224105308796,
              44.75717505093279
            ],
            [
              34.61416152427937,
              44.8414684164113
            ],
            [
              35.06732085655476,
              44.86172445889177
            ],
            [
              35.386660608752024,
              45.08192404385271
            ],
            [
              35.59955504844929,
              45.10174139614763
            ],
            [
              35.865454706652415,
              45.031119905669115
            ],
            [
              36.00469878624226,
              45.04433401699724
            ],
            [
              36.264754328234446,
              45.09658774014177
            ],
            [
              36.36711409996296,
              45.161483370024584
            ],
            [
              36.41513350914265,
              45.271571718413256
            ],
            [
              36.52104857872273,
              45.38828619595232
            ],
            [
              36.323164972765696,
              45.439696871001146
            ],
            [
              35.8497648567989,
              45.4452281820363
            ],
            [
              35.54621795128132,
              45.37989386196794
            ],
            [
              35.31667617271687,
              45.32118185635271
            ],
            [
              35.063418421252024,
              45.34009894009294
            ],
            [
              34.9900122017696,
              45.45001562710466
            ],
            [
              35.031897577746165,
              45.53427466030779
            ],
            [
              35.00805190513874,
              45.61194571133318
            ],
            [
              34.12725737999226,
              46.06389959927263
            ],
            [
              33.83908370445515,
              46.193053804594896
            ],
            [
              34.06421569298054,
              46.26487311001482
            ],
            [
              34.49565413902546,
              46.27870138760271
            ],
            [
              34.69234755943562,
              46.25312765713396
            ],
            [
              34.906809839709055,
              46.27302130337419
            ],
            [
              35.04636672447468,
              46.357650362212084
            ],
            [
              35.21237472008015,
              46.63714178677263
            ],
            [
              35.41610244224812,
              46.494689546782396
            ],
            [
              35.624331507189524,
              46.52106054897966
            ],
            [
              35.85055831383015,
              46.66439016934099
            ],
            [
              36.35396865318562,
              46.77579840298357
            ],
            [
              36.86455825279499,
              46.809291444975756
            ],
            [
              37.19263366173054,
              46.89442022915544
            ],
            [
              37.42214492271687,
              47.07688101406755
            ],
            [
              37.85925200889851,
              47.103744112212084
            ],
            [
              38.209727320177805,
              47.15045889492693
            ],
            [
              38.80024627159382,
              47.22916754360857
            ],
            [
              39.159853968127024,
              47.26889380093279
            ],
            [
              39.194094690783274,
              47.24295004482927
            ],
            [
              39.282359156115305,
              47.07403143521013
            ],
            [
              38.72273925255085,
              46.877921663481615
            ],
            [
              38.40109160850788,
              46.7213512289113
            ],
            [
              38.031863245470774,
              46.66868170376482
            ],
            [
              37.8665991158321,
              46.65535696621599
            ],
            [
              37.757098230822336,
              46.60319098110857
            ],
            [
              37.970171961291086,
              46.441283785063646
            ],
            [
              38.2649145455196,
              46.31855734463396
            ],
            [
              38.45897963951374,
              46.07891424771013
            ],
            [
              38.22715285728718,
              46.02009161587419
            ],
            [
              37.98994353721882,
              46.00666006680193
            ],
            [
              37.867877039416086,
              45.79251440640154
            ],
            [
              37.70609572838093,
              45.57840307827654
            ],
            [
              37.661265406115305,
              45.345233522612475
            ],
            [
              37.4609709114864,
              45.31247671719255
            ],
            [
              37.22774795006062,
              45.31201895352068
            ],
            [
              36.95986846397663,
              45.227355562407396
            ],
            [
              37.31793883751179,
              44.92420920010271
            ],
            [
              37.47389129112507,
              44.69235952969255
            ],
            [
              37.62174514244343,
              44.67330893154802
            ],
            [
              37.774050745470774,
              44.74454077358904
            ],
            [
              37.880373987658274,
              44.71894796963396
            ],
            [
              38.10918334434773,
              44.493774019438646
            ],
            [
              38.27700332115437,
              44.42320593472185
            ],
            [
              38.55609038780476,
              44.385097109038256
            ],
            [
              38.92371276329304,
              44.21186026211443
            ],
            [
              39.458689722521555,
              43.832931123930834
            ],
            [
              40.09806350181843,
              43.37755163784685
            ],
            [
              40.25161651085163,
              43.26818426724138
            ],
            [
              40.55709365318562,
              43.14658697720232
            ],
            [
              40.969336542589915,
              43.076659761626146
            ],
            [
              41.12255385826374,
              43.019088350493334
            ],
            [
              43.54586158676001,
              42.83470520250434
            ],
            [
              45.25983714902755,
              42.43851801493287
            ],
            [
              45.47791961143757,
              42.54860647793474
            ],
            [
              45.648116144640696,
              42.54860647793474
            ],
            [
              45.80767730186726,
              42.53797110195818
            ],
            [
              45.8608618111446,
              42.474147402007006
            ],
            [
              47.39487912288488,
              42.58778552685864
            ],
            [
              47.84404281090046,
              42.621059023100756
            ],
            [
              47.79009154747273,
              42.85484655972185
            ],
            [
              47.73614028404499,
              42.899806581694506
            ],
            [
              47.56529525230671,
              43.007709108549975
            ],
            [
              47.58327773521687,
              43.1875491964406
            ],
            [
              47.65521148155476,
              43.277465425688646
            ],
            [
              47.60126403282429,
              43.3224254476613
            ],
            [
              47.57428649376179,
              43.50226172085466
            ],
            [
              47.67319777916218,
              43.664115511137865
            ],
            [
              47.73614028404499,
              43.861938081938646
            ],
            [
              47.6642065377071,
              43.85294684048357
            ],
            [
              47.61025527427937,
              43.75403555508318
            ],
            [
              47.56529525230671,
              43.60117300625505
            ],
            [
              47.520335230334055,
              43.511256777007006
            ],
            [
              47.49336150596882,
              43.583190523344896
            ],
            [
              47.53831771324421,
              43.67311056729021
            ],
            [
              47.56529525230671,
              43.84395559902849
            ],
            [
              47.43940642784382,
              44.03278311367693
            ],
            [
              47.33150771568562,
              44.18564566250505
            ],
            [
              47.22360137413288,
              44.20362814541521
            ],
            [
              47.142676386339915,
              44.33850821133318
            ],
            [
              46.99880507896687,
              44.356490694243334
            ],
            [
              46.84594634483601,
              44.446410738188646
            ],
            [
              46.80997756431843,
              44.53633078213396
            ],
            [
              46.87292006920124,
              44.68019827480974
            ],
            [
              47.02578261802937,
              44.78810080166521
            ],
            [
              47.169653925402415,
              44.860038362700365
            ],
            [
              47.25057891319538,
              44.98592337246599
            ],
            [
              47.39445022056843,
              45.17475088711443
            ],
            [
              47.4753752083614,
              45.318622194487475
            ],
            [
              47.55630401085163,
              45.45349844570818
            ],
            [
              47.65521148155476,
              45.54341848965349
            ],
            [
              47.60126403282429,
              45.66031225796404
            ],
            [
              47.628237757189524,
              45.73224981899919
            ],
            [
              47.67319777916218,
              45.75023230190935
            ],
            [
              47.75412276695515,
              45.71426352139177
            ],
            [
              47.871016535265696,
              45.67829855557146
            ],
            [
              48.01488784263874,
              45.71426352139177
            ],
            [
              48.30262664268757,
              45.768214784819506
            ],
            [
              48.482466730578196,
              45.88510855313005
            ],
            [
              48.63532927940632,
              45.975028597075365
            ],
            [
              48.770205530627024,
              45.88510855313005
            ],
            [
              48.833148035509836,
              45.92107733364763
            ],
            [
              48.833148035509836,
              46.082931123930834
            ],
            [
              48.88709929893757,
              46.082931123930834
            ],
            [
              49.05794433067585,
              46.13688238735857
            ],
            [
              49.23778441856648,
              46.26276739712419
            ],
            [
              49.31320479820515,
              46.352687441069506
            ],
            [
              49.40862945030476,
              46.43361624355974
            ],
            [
              49.53451446007038,
              46.54151877041521
            ],
            [
              49.723345789416086,
              46.532523714262865
            ],
            [
              49.9481420845821,
              46.559501253325365
            ],
            [
              50.27184966514851,
              46.68538626309099
            ],
            [
              50.63152221153523,
              46.910182558257006
            ],
            [
              50.82035354088093,
              46.91917761440935
            ],
            [
              51.117083582384836,
              47.06304510708513
            ],
            [
              51.36885741661335,
              47.09002264614763
            ],
            [
              51.6745825142696,
              47.036071382719896
            ],
            [
              51.79147628258015,
              47.009093843657396
            ],
            [
              51.935347589953196,
              46.89220007534685
            ],
            [
              52.14215758751179,
              46.838248811919115
            ],
            [
              52.37594893883015,
              46.87421759243669
            ],
            [
              52.465865168078196,
              46.910182558257006
            ],
            [
              52.55578521202351,
              46.98212011929216
            ],
            [
              52.86151030967976,
              46.937160097319506
            ],
            [
              53.02336409996296,
              46.91917761440935
            ],
            [
              53.185217890246165,
              46.865226350981615
            ],
            [
              53.23017791221882,
              46.730346285063646
            ],
            [
              53.284129175646555,
              46.67639502163591
            ],
            [
              53.16723159263874,
              46.5864749776906
            ],
            [
              53.12227538536335,
              46.49655874844255
            ],
            [
              53.185217890246165,
              46.424621187407396
            ],
            [
              53.257151636584055,
              46.31672247524919
            ],
            [
              53.20320037315632,
              46.1908336507863
            ],
            [
              53.149249109728586,
              45.95704611416521
            ],
            [
              53.050337824328196,
              45.831161104399584
            ],
            [
              52.92445281456257,
              45.73224981899919
            ],
            [
              52.83453277061726,
              45.64232977505388
            ],
            [
              52.843524012072336,
              45.50745352383318
            ],
            [
              53.059329065783274,
              45.45349844570818
            ],
            [
              53.2121916146114,
              45.36358221646013
            ],
            [
              53.284129175646555,
              45.32761343594255
            ],
            [
              53.059329065783274,
              45.33660467739763
            ],
            [
              52.60973647545124,
              45.39955099697771
            ],
            [
              52.10619262169148,
              45.38156469937029
            ],
            [
              51.99829009483601,
              45.38156469937029
            ],
            [
              51.84542754600788,
              45.43551596279802
            ],
            [
              51.77349379966999,
              45.390555940825365
            ],
            [
              51.629622492296946,
              45.35459097500505
            ],
            [
              51.5127287239864,
              45.37257345791521
            ],
            [
              51.458777460558665,
              45.309630953032396
            ],
            [
              51.37784865806843,
              45.17475088711443
            ],
            [
              51.34188369224812,
              45.05785711880388
            ],
            [
              51.21599486778523,
              45.039874635893725
            ],
            [
              51.09910109947468,
              44.87802084561052
            ],
            [
              51.18902114341999,
              44.77011831875505
            ],
            [
              51.36885741661335,
              44.68019827480974
            ],
            [
              51.4857511849239,
              44.626247011382006
            ],
            [
              51.57567122886921,
              44.554313265044115
            ],
            [
              51.41381743858601,
              44.51834448452654
            ],
            [
              51.332888636095774,
              44.482379518706225
            ],
            [
              51.0901098580196,
              44.56330450649919
            ],
            [
              50.874304804308665,
              44.626247011382006
            ],
            [
              50.72144225548054,
              44.635238252837084
            ],
            [
              50.54160598228718,
              44.64423330898943
            ],
            [
              50.40672591636921,
              44.61725576992693
            ],
            [
              50.33479217003132,
              44.56330450649919
            ],
            [
              50.32580092857624,
              44.36548193569841
            ],
            [
              50.388743433459055,
              44.29354818936052
            ],
            [
              50.70345977257038,
              44.25757940884294
            ],
            [
              50.95522979210163,
              44.20362814541521
            ],
            [
              50.99119857261921,
              44.077743135649584
            ],
            [
              51.17103484581257,
              43.7180667745656
            ],
            [
              51.26095488975788,
              43.61016424771013
            ],
            [
              51.36885741661335,
              43.556212984282396
            ],
            [
              51.458777460558665,
              43.385367952544115
            ],
            [
              51.422808680041086,
              43.25948294277849
            ],
            [
              51.422808680041086,
              43.16956289883318
            ],
            [
              51.58466247032429,
              43.178554140288256
            ],
            [
              51.737525019152415,
              43.178554140288256
            ],
            [
              51.88139632652546,
              43.05266913052263
            ],
            [
              51.980303797228586,
              42.90880163784685
            ],
            [
              52.0702238411739,
              42.827872835356615
            ],
            [
              52.16014388511921,
              42.84585531826677
            ],
            [
              52.295020136339915,
              42.87283285732927
            ],
            [
              52.37594893883015,
              42.800895296294115
            ],
            [
              52.58275893638874,
              42.827872835356615
            ],
            [
              52.76259902427937,
              42.755939089018725
            ],
            [
              52.83453277061726,
              42.648036562163256
            ],
            [
              52.75360778282429,
              42.55811651821794
            ],
            [
              52.73562148521687,
              42.42324026699724
            ],
            [
              52.672678980334055,
              42.27936895962419
            ],
            [
              52.58275893638874,
              42.18944891567888
            ],
            [
              52.51981643150593,
              42.072555147368334
            ],
            [
              52.573767694933665,
              42.0186038839406
            ],
            [
              52.600745233996165,
              41.93767889614763
            ],
            [
              52.55927184532429,
              41.757838808257006
            ],
            [
              52.68262389610554,
              41.693690859038256
            ],
            [
              52.71136001060749,
              41.60749014492693
            ],
            [
              52.692202600939524,
              41.53086432095232
            ],
            [
              52.855025324328196,
              41.38719519253435
            ],
            [
              52.96996215294148,
              41.13817175503435
            ],
            [
              52.96038344810749,
              41.272262178618334
            ],
            [
              52.931651148302805,
              41.37762030239763
            ],
            [
              52.96996215294148,
              41.55960043545427
            ],
            [
              52.998694452746165,
              41.68411215420427
            ],
            [
              52.94122985313679,
              41.7703128683156
            ],
            [
              52.97954085777546,
              41.904403291899584
            ],
            [
              53.06574157188679,
              42.028915010649584
            ],
            [
              53.26687529991413,
              42.086383424956225
            ],
            [
              53.45843413780476,
              42.09596212979021
            ],
            [
              53.73619368980671,
              42.13427313442888
            ],
            [
              53.98521712730671,
              42.10553701992693
            ],
            [
              54.02352813194538,
              42.04807242031755
            ],
            [
              54.02352813194538,
              41.85651358242693
            ],
            [
              54.119307550890696,
              41.779891573149584
            ],
            [
              54.138464960558665,
              41.62664373989763
            ],
            [
              54.16719726036335,
              41.48297461147966
            ],
            [
              54.35875609825398,
              41.38719519253435
            ],
            [
              54.59820464561726,
              41.243529878813646
            ],
            [
              54.751448664171946,
              41.13817175503435
            ],
            [
              54.828074488146555,
              40.984923921782396
            ],
            [
              54.81849578331257,
              40.879569612700365
            ],
            [
              54.72271636436726,
              40.85083349819841
            ],
            [
              54.60778335045124,
              40.81252249355974
            ],
            [
              54.502425226671946,
              40.85083349819841
            ],
            [
              54.45453551719929,
              40.91788061733904
            ],
            [
              54.36833480308796,
              40.89872320767107
            ],
            [
              54.387488398058665,
              40.802943788725756
            ],
            [
              54.45453551719929,
              40.71674307461443
            ],
            [
              54.41622451256062,
              40.65927847500505
            ],
            [
              54.33002379844929,
              40.68801077480974
            ],
            [
              54.22466567466999,
              40.72632177944841
            ],
            [
              54.10973266075398,
              40.678432069975756
            ],
            [
              53.97564223716999,
              40.64969977017107
            ],
            [
              53.84155181358601,
              40.640121065337084
            ],
            [
              53.79366210411335,
              40.72632177944841
            ],
            [
              53.7649259896114,
              40.86999090786638
            ],
            [
              53.69788268516804,
              40.879569612700365
            ],
            [
              53.64999297569538,
              40.879569612700365
            ],
            [
              53.65957168052937,
              40.81252249355974
            ],
            [
              53.61168197105671,
              40.74547918911638
            ],
            [
              53.43927672813679,
              40.802943788725756
            ],
            [
              53.257300409777415,
              40.764632784087084
            ],
            [
              53.180674585802805,
              40.84125479336443
            ],
            [
              53.15194228599812,
              40.89872320767107
            ],
            [
              53.056162867052805,
              41.05197104092302
            ],
            [
              53.01785186241413,
              40.946612917143725
            ],
            [
              52.96996215294148,
              40.822101198393725
            ],
            [
              52.95080474327351,
              40.70716436978044
            ],
            [
              52.90291503380085,
              40.56349905605974
            ],
            [
              52.82629302452351,
              40.46771963711443
            ],
            [
              52.84545043419148,
              40.33362921353044
            ],
            [
              52.84545043419148,
              40.18038138027849
            ],
            [
              52.912493738634836,
              40.046290956694506
            ],
            [
              52.98911574791218,
              39.93135794277849
            ],
            [
              53.04658416221882,
              39.99840124722185
            ],
            [
              53.19025329063679,
              39.96009024258318
            ],
            [
              53.362654718859446,
              39.96009024258318
            ],
            [
              53.506323847277415,
              39.99840124722185
            ],
            [
              53.688303980334055,
              39.979247652251146
            ],
            [
              53.59252456138874,
              39.89304693813982
            ],
            [
              53.5159025521114,
              39.77811010952654
            ],
            [
              53.55421355675007,
              39.65359839077654
            ],
            [
              53.669146570666086,
              39.64401968594255
            ],
            [
              53.812815699084055,
              39.54824026699724
            ],
            [
              53.79366210411335,
              39.4907718526906
            ],
            [
              53.73619368980671,
              39.500350557524584
            ],
            [
              53.544634851916086,
              39.538661562163256
            ],
            [
              53.37223342369343,
              39.51950796719255
            ],
            [
              53.31476500938679,
              39.56739767666521
            ],
            [
              53.24772170494343,
              39.45246084805193
            ],
            [
              53.20941070030476,
              39.40457113857927
            ],
            [
              53.24772170494343,
              39.29921682949724
            ],
            [
              53.33392241905476,
              39.38541754360857
            ],
            [
              53.49674514244343,
              39.33752783413591
            ],
            [
              53.58294585655476,
              39.31837042446794
            ],
            [
              53.65957168052937,
              39.31837042446794
            ],
            [
              53.67872527550007,
              39.251327120024584
            ],
            [
              53.77450469444538,
              39.1363902914113
            ],
            [
              53.91817382286335,
              39.050189577299975
            ],
            [
              54.03310683677937,
              38.992721162993334
            ],
            [
              54.07141784141804,
              38.89694555874529
            ],
            [
              55.6424460095712,
              40.05030547985856
            ],
            [
              56.76865970461873,
              41.37238242621869
            ],
            [
              60.025647028105865,
              42.361594483468096
            ],
            [
              63.54845407295173,
              45.25210282795702
            ],
            [
              70.50373977687818,
              50.129835659282065
            ],
            [
              79.17526481034493,
              49.40720857315983
            ],
            [
              82.42708669789495,
              49.587865344690385
            ],
            [
              85.67890858544497,
              50.310492430812616
            ],
            [
              88.38876015840334,
              50.4008208165779
            ],
            [
              90,
              50.07330645934762
            ],
            [
              93.97500626557478,
              56.89317354345729
            ],
            [
              85.08330579180519,
              58.16341646828151
            ],
            [
              77.03843393458506,
              61.974145242754204
            ],
            [
              70.6872193104639,
              62.538697653787196
            ],
            [
              61.881311869416805,
              59.851680200893746
            ],
            [
              58.293141299587475,
              58.42450462459385
            ],
            [
              55.465224704696695,
              58.13594170674786
            ],
            [
              54.92163183184503,
              58.11297299381046
            ],
            [
              45.96480886560179,
              57.734515685377644
            ],
            [
              45.58653249813992,
              57.31147636368617
            ],
            [
              45.71714246134106,
              55.287021934068406
            ],
            [
              45.325312571737626,
              54.89519204446497
            ],
            [
              43.62738305012273,
              54.96049702606554
            ],
            [
              43.10494319731815,
              54.69927709966325
            ],
            [
              43.62738305012273,
              53.91561732045638
            ],
            [
              43.62738305012273,
              52.21768779884148
            ],
            [
              40.688658878096945,
              50.97689314843059
            ],
            [
              38.79481441168033,
              51.04219813003117
            ],
            [
              38.27237455887575,
              50.91158816683002
            ],
            [
              38.1417645956746,
              49.60548853481856
            ],
            [
              37.03157990846486,
              49.73609849801971
            ],
            [
              34.680600570844234,
              48.56060882920939
            ],
            [
              29.84803193240183,
              49.278963626815695
            ],
            [
              29.456202042798395,
              48.36469388440768
            ],
            [
              27.42832177808028,
              47.38362035754267
            ],
            [
              27.627662557982354,
              46.927984289195074
            ],
            [
              27.366442631580064,
              46.340239454789916
            ],
            [
              26.517477870772616,
              45.81779960198533
            ],
            [
              23.056313845942245,
              45.03413982277846
            ],
            [
              22.664483956338806,
              44.64230993317502
            ],
            [
              22.468569011537088,
              44.38109000677273
            ]
          ]
        ],
        "type": "Polygon"
      }
    },
    {
      "type": "Feature",
      "properties": {
        "NAME": "Aceh",
        "ABBREVN": "Aceh",
        "SUBJECTO": "Aceh",
        "BORDERPRECISION": 1,
        "PARTOF": "Aceh",
        "entity_id": "aceh",
        "name_en": "Aceh",
        "source": "historical-basemaps",
        "revision_saved_at": "2026-07-05T10:00:53.142Z"
      },
      "geometry": {
        "type": "MultiPolygon",
        "coordinates": [
          [
            [
              [
                96.11843398521687,
                3.951094471175097
              ],
              [
                95.82762435386921,
                4.223691068846605
              ],
              [
                95.5609236092403,
                4.534462534148119
              ],
              [
                95.30815413902546,
                4.959623895842455
              ],
              [
                95.20507338951374,
                5.245321356017016
              ],
              [
                95.19055465172077,
                5.410494409758471
              ],
              [
                95.21608260582234,
                5.499504648405932
              ],
              [
                95.28316024254109,
                5.550485693175219
              ],
              [
                95.46405318687702,
                5.569940172392748
              ],
              [
                95.62773421715046,
                5.525817476469896
              ],
              [
                95.74045089195515,
                5.468877874571703
              ],
              [
                96.02468398521687,
                5.215323530394457
              ],
              [
                96.18733504722859,
                5.145788274962328
              ],
              [
                96.60203078697468,
                5.076786600310228
              ],
              [
                96.75271132896687,
                5.064410291869066
              ],
              [
                96.99945357750202,
                5.109420381743334
              ],
              [
                97.20378402183796,
                5.173398100096605
              ],
              [
                97.38407424400593,
                5.180140577513598
              ],
              [
                97.5293302864864,
                5.040668092924975
              ],
              [
                97.94281295250202,
                4.520546041685961
              ],
              [
                98.17378524254109,
                4.381262384611986
              ],
              [
                98.19936660240437,
                4.311420046049975
              ],
              [
                98.14550307701374,
                4.069854341704271
              ],
              [
                98.62529281090046,
                3.657878957945726
              ],
              [
                98.48999954163126,
                3.226732608346248
              ],
              [
                98.64567350539076,
                2.759710717067742
              ],
              [
                99.68061635208952,
                1.517779301029223
              ],
              [
                99.40104964683796,
                0.088420264679812
              ],
              [
                99.1133146614864,
                0.22124772544565
              ],
              [
                98.99888137291218,
                0.557795010764025
              ],
              [
                98.68911269615437,
                1.370494567114733
              ],
              [
                98.71933272789265,
                1.47858592148485
              ],
              [
                98.6710310311153,
                1.618280254561327
              ],
              [
                98.60055068443562,
                1.707089506346605
              ],
              [
                98.30258468101765,
                1.935200058180712
              ],
              [
                97.98250106285359,
                2.112426124770067
              ],
              [
                97.73999312828327,
                2.207213484007738
              ],
              [
                97.59714797447468,
                2.251384102064989
              ],
              [
                97.54329970787312,
                2.41012033100786
              ],
              [
                97.5087004036739,
                2.740469061095141
              ],
              [
                97.42767623375202,
                2.924561105925463
              ],
              [
                97.25448897789265,
                3.140228115279101
              ],
              [
                96.88595870445515,
                3.514327131468676
              ],
              [
                96.72036269615437,
                3.704589210707567
              ],
              [
                96.39438155601765,
                3.646694503981493
              ],
              [
                96.11843398521687,
                3.951094471175097
              ]
            ]
          ]
        ]
      }
    },
    {
      "type": "Feature",
      "properties": {
        "NAME": "Srivijaya Empire",
        "ABBREVN": "Srivijaya E.",
        "SUBJECTO": "Srivijaya Empire",
        "BORDERPRECISION": 1,
        "PARTOF": "Srivijaya Empire",
        "entity_id": "srivijaya-empire",
        "name_en": "Srivijaya Empire",
        "source": "historical-basemaps",
        "revision_saved_at": "2026-07-05T10:00:53.142Z"
      },
      "geometry": {
        "type": "MultiPolygon",
        "coordinates": [
          [
            [
              [
                105.18477920006062,
                -6.865668691437818
              ],
              [
                105.14388564537312,
                -6.781699575226881
              ],
              [
                105.2861662239864,
                -6.771202958863356
              ],
              [
                105.46737960289265,
                -6.813187993805983
              ],
              [
                105.63347152183796,
                -6.755237497132399
              ],
              [
                105.66398909996296,
                -6.519298471253492
              ],
              [
                105.67216781090046,
                -6.456322587769606
              ],
              [
                105.81074813316609,
                -6.481571592133619
              ],
              [
                105.79152968834187,
                -6.256896890442945
              ],
              [
                105.89147475670124,
                -6.150919832032301
              ],
              [
                105.93318465660359,
                -6.0259837282115
              ],
              [
                106.02416518638874,
                -6.080723680298902
              ],
              [
                106.30810073326374,
                -6.130947984498121
              ],
              [
                106.52126601646687,
                -6.109951890748121
              ],
              [
                106.62800887535359,
                -6.309376157563307
              ],
              [
                106.86400130699421,
                -6.269573606293775
              ],
              [
                106.93512252281452,
                -6.135954297822096
              ],
              [
                106.94509414146687,
                -6.0259837282115
              ],
              [
                107.06136611412312,
                -6.07847920779524
              ],
              [
                107.3396330208614,
                -6.154148019593336
              ],
              [
                107.52461532066609,
                -6.35075990084944
              ],
              [
                107.67702773521687,
                -6.330368436616041
              ],
              [
                107.7686872811153,
                -6.451916612427809
              ],
              [
                107.96960738609577,
                -6.438776887696363
              ],
              [
                108.17332747886921,
                -6.355717576783277
              ],
              [
                108.30900100181843,
                -6.450752176087477
              ],
              [
                108.47539046715046,
                -6.685549653809645
              ],
              [
                108.55577376793171,
                -6.920526422303297
              ],
              [
                108.95341018150593,
                -6.938729203980543
              ],
              [
                109.16108993004109,
                -7.023108400147535
              ],
              [
                109.21701476418451,
                -7.014384389671774
              ],
              [
                109.1153493180568,
                -7.738750693331721
              ],
              [
                109.03720382164265,
                -7.720286763947584
              ],
              [
                108.61044600914265,
                -7.702139772217848
              ],
              [
                108.36070540855671,
                -7.836140073578932
              ],
              [
                108.16022780845906,
                -7.85564271334944
              ],
              [
                107.72973159263874,
                -7.786660112183668
              ],
              [
                107.36764052818562,
                -7.564995683472731
              ],
              [
                107.2068205208614,
                -7.533564008515455
              ],
              [
                106.48369887779499,
                -7.503360189240553
              ],
              [
                106.32023909996296,
                -7.433792985718824
              ],
              [
                106.34466842125202,
                -7.370187677186109
              ],
              [
                106.54658797691609,
                -7.16002217654524
              ],
              [
                106.36552718590046,
                -7.039659417908766
              ],
              [
                106.11754897545124,
                -6.995707906525709
              ],
              [
                105.88996413658406,
                -6.932635225098707
              ],
              [
                105.7522306771114,
                -6.920232690613844
              ],
              [
                105.18477920006062,
                -6.865668691437818
              ]
            ]
          ],
          [
            [
              [
                108.9990568489864,
                0.198187835771463
              ],
              [
                108.8409757942989,
                0.331290804106615
              ],
              [
                108.87031081627156,
                0.541057251650713
              ],
              [
                108.81431106041218,
                0.807816826064013
              ],
              [
                108.89605239341999,
                1.100297294814013
              ],
              [
                108.95550063560749,
                1.259293400008104
              ],
              [
                109.14623549888874,
                1.520239554602526
              ],
              [
                109.28236678550984,
                1.882722817618273
              ],
              [
                109.42594436119343,
                1.870326720435045
              ],
              [
                109.51750472496296,
                1.820520602423571
              ],
              [
                109.55395797203327,
                1.800703965384386
              ],
              [
                109.72311690758015,
                1.616803489882372
              ],
              [
                109.90182021568562,
                1.553646527487658
              ],
              [
                110.28948501060749,
                1.516362391669176
              ],
              [
                110.4752302498653,
                1.440501533705614
              ],
              [
                110.81756118248249,
                1.24426122780504
              ],
              [
                110.96831038902546,
                1.225523196417711
              ],
              [
                111.26320936843021,
                0.789785377395276
              ],
              [
                110.6362201540996,
                0.162796163064666
              ],
              [
                110.70588562235857,
                -0.603523987783856
              ],
              [
                111.33287483668917,
                -1.369844138632381
              ],
              [
                110.1023054451778,
                -3.078540958207228
              ],
              [
                110.07638839195515,
                -2.786260999482252
              ],
              [
                110.06593612144734,
                -2.493952907364942
              ],
              [
                109.94623092125202,
                -1.858707822602369
              ],
              [
                109.94090560386921,
                -1.642648614686109
              ],
              [
                109.78280166099812,
                -1.306190170090773
              ],
              [
                109.59978774498249,
                -1.122298039239027
              ],
              [
                109.24452498863484,
                -0.932415403168775
              ],
              [
                109.17891982506062,
                -0.869010366242506
              ],
              [
                109.42858413170124,
                -0.709605909627058
              ],
              [
                109.18953231285359,
                -0.538537539284803
              ],
              [
                109.07335952232624,
                -0.405348337929823
              ],
              [
                109.15776351402546,
                -0.074725050222256
              ],
              [
                109.1241789192989,
                -0.016971982758619
              ],
              [
                108.9990568489864,
                0.198187835771463
              ]
            ]
          ],
          [
            [
              [
                103.71359542320515,
                -0.016971982758619
              ],
              [
                103.68662551353718,
                -0.118340797465422
              ],
              [
                103.5007429451778,
                -0.315737046044447
              ],
              [
                103.40866378258015,
                -0.500223256390669
              ],
              [
                103.23762038658406,
                -0.659467495720961
              ],
              [
                103.31132033775593,
                -0.818175770085432
              ],
              [
                103.3841886849239,
                -0.894272543233015
              ],
              [
                103.74692824791218,
                -1.11590985183058
              ],
              [
                104.12119582603718,
                -1.140521563332655
              ],
              [
                104.2298918099239,
                -1.191118038933851
              ],
              [
                104.29766372154499,
                -1.362546600144483
              ],
              [
                104.35518935631062,
                -1.705587424080946
              ],
              [
                104.3524275154903,
                -1.889892257493116
              ],
              [
                104.47247603843952,
                -2.08027855281172
              ],
              [
                104.56754592369343,
                -2.137265123169996
              ],
              [
                104.81258681724812,
                -2.155803359788038
              ],
              [
                104.60981276939656,
                -2.575665630143263
              ],
              [
                104.67776015709187,
                -2.670844711106398
              ],
              [
                104.99460891197468,
                -2.466801322739698
              ],
              [
                105.36515334556843,
                -2.580394424241163
              ],
              [
                105.44490340660359,
                -2.599284805100538
              ],
              [
                105.56392959068562,
                -2.713410295289137
              ],
              [
                105.6286726326778,
                -2.910283721726515
              ],
              [
                105.94282058189656,
                -3.214655078690626
              ],
              [
                105.7110929817989,
                -4.104884065430738
              ],
              [
                105.69315627525593,
                -4.308285154145338
              ],
              [
                105.79667952965046,
                -4.733882345002272
              ],
              [
                105.78708938072468,
                -4.930913366120436
              ],
              [
                105.79636672447468,
                -5.229591287415602
              ],
              [
                105.79559615562702,
                -5.350346483033277
              ],
              [
                105.72847274254109,
                -5.827141679566481
              ],
              [
                105.68928054283406,
                -5.897135652344801
              ],
              [
                105.64068892906452,
                -5.929026044648268
              ],
              [
                105.47567275474812,
                -5.81498519305525
              ],
              [
                105.30404189537312,
                -5.580207742493727
              ],
              [
                105.18672469566609,
                -5.542331613343336
              ],
              [
                105.06914046715046,
                -5.758665956299879
              ],
              [
                105.03278640220906,
                -5.879498876374342
              ],
              [
                104.56340316246296,
                -5.600874341767408
              ],
              [
                104.46468642662312,
                -5.639219678681471
              ],
              [
                104.64216140220906,
                -5.975669301789381
              ],
              [
                104.56848433922077,
                -6.071165479462721
              ],
              [
                104.47688582847859,
                -5.982384122651197
              ],
              [
                103.87250045250202,
                -5.341800607483961
              ],
              [
                103.52345565269734,
                -4.9993724000865
              ],
              [
                103.06859115074421,
                -4.612679876130201
              ],
              [
                102.46222976158406,
                -4.181821740906813
              ],
              [
                102.28652480552937,
                -3.978840268891432
              ],
              [
                102.19675734947468,
                -3.756602920334913
              ],
              [
                102.11066726158406,
                -3.604252494614698
              ],
              [
                101.65957168052937,
                -3.319250978272535
              ],
              [
                101.34546187828327,
                -3.0148913038188
              ],
              [
                100.81207564781452,
                -2.336048044007399
              ],
              [
                100.77875808189656,
                -2.177243627350904
              ],
              [
                100.79625228355671,
                -2.024697698395826
              ],
              [
                100.6503019661739,
                -1.630999959748365
              ],
              [
                100.2720060677364,
                -0.970915175717451
              ],
              [
                99.97199538658406,
                -0.501324929040052
              ],
              [
                99.69655135582234,
                -0.152409575622656
              ],
              [
                99.53036788414265,
                -0.016971982758619
              ],
              [
                99.40104964683796,
                0.088420264679812
              ],
              [
                99.68061635208952,
                1.517779301029223
              ],
              [
                98.64567350539076,
                2.759710717067742
              ],
              [
                98.48999954163126,
                3.226732608346248
              ],
              [
                98.62529281090046,
                3.657878957945726
              ],
              [
                98.96240523765827,
                3.436213813979052
              ],
              [
                99.49126723716999,
                3.126008592802904
              ],
              [
                99.79594710777546,
                2.980528198439501
              ],
              [
                99.85836318443562,
                2.904411159712694
              ],
              [
                99.8722257942989,
                2.63756402607622
              ],
              [
                99.86316207359577,
                2.567644678313158
              ],
              [
                100.12141707847859,
                2.542796693999193
              ],
              [
                100.45648482750202,
                2.117784582335375
              ],
              [
                100.7319441170528,
                1.870563827711962
              ],
              [
                100.85431960533406,
                1.877182089049242
              ],
              [
                100.85605910728718,
                1.966142975050829
              ],
              [
                100.80060866783406,
                2.067692362028978
              ],
              [
                100.83172133873249,
                2.175784193236254
              ],
              [
                101.05975631187702,
                2.080969177443407
              ],
              [
                101.27575210045124,
                1.719237886626146
              ],
              [
                101.47430709312702,
                1.54809423561754
              ],
              [
                101.67528060386921,
                1.523109518248461
              ],
              [
                101.86814406822468,
                1.434568368155382
              ],
              [
                102.0097990364864,
                1.269662820059679
              ],
              [
                102.13589003990437,
                0.939505957323931
              ],
              [
                102.27828505943562,
                0.742825351912401
              ],
              [
                102.47178176353718,
                0.622509859759234
              ],
              [
                102.70160964439656,
                0.565819166857622
              ],
              [
                103.04658797691609,
                0.528438948351763
              ],
              [
                103.2404890389278,
                0.458958231169603
              ],
              [
                103.46307662437702,
                0.287862710911654
              ],
              [
                103.72215560386921,
                0.0151834192461
              ],
              [
                103.71359542320515,
                -0.016971982758619
              ]
            ]
          ],
          [
            [
              [
                103.33394155585638,
                3.393729771687659
              ],
              [
                103.33925155113484,
                3.312262617308519
              ],
              [
                103.30775741050984,
                3.026256643492601
              ],
              [
                103.35107711265827,
                2.803951345641039
              ],
              [
                103.43956283043171,
                2.632579170424364
              ],
              [
                103.67808822105671,
                2.410706363875292
              ],
              [
                103.83044722984577,
                2.169566951949022
              ],
              [
                104.14766982506062,
                1.445869528014086
              ],
              [
                104.17563918541218,
                1.388738475996874
              ],
              [
                104.01071456383015,
                1.420148454863451
              ],
              [
                103.60840133140827,
                1.444692217070482
              ],
              [
                103.42773726890827,
                1.380763732153795
              ],
              [
                103.34908584068562,
                1.412365876395128
              ],
              [
                103.11473372886921,
                1.608834468085192
              ],
              [
                102.71689895103718,
                1.881211601454638
              ],
              [
                102.44667342613484,
                2.03313001270952
              ],
              [
                101.89264205406452,
                2.336937271315477
              ],
              [
                101.43380263756062,
                2.66636999722185
              ],
              [
                101.33639815758015,
                2.780523143965624
              ],
              [
                101.26427749107624,
                3.225161157805346
              ],
              [
                101.06691268394734,
                3.536084018904589
              ],
              [
                100.66430953453327,
                3.903745018202684
              ],
              [
                100.57663253258015,
                4.202192865569017
              ],
              [
                100.59420302818562,
                4.424622141081713
              ],
              [
                100.60761550377156,
                4.551729284483812
              ],
              [
                100.55932906578327,
                4.7358890401906
              ],
              [
                100.37971785972859,
                5.02142723675432
              ],
              [
                100.22372725914265,
                5.853456102568529
              ],
              [
                100.13910964439656,
                6.177317224699877
              ],
              [
                100.15874007652546,
                6.340098463255785
              ],
              [
                100.1644392342403,
                6.38705452557268
              ],
              [
                100.22198775718952,
                6.520606600005053
              ],
              [
                100.15439895103718,
                6.603053175169848
              ],
              [
                99.96908095787312,
                6.507349573332689
              ],
              [
                99.83384231041218,
                6.538828455168627
              ],
              [
                99.6629972786739,
                6.710008703429125
              ],
              [
                99.61080459068562,
                6.938635431486986
              ],
              [
                99.63965133140827,
                7.0657811986989
              ],
              [
                99.57172683189656,
                7.262594782072924
              ],
              [
                99.46808150718952,
                7.33861645336809
              ],
              [
                99.29392531822468,
                7.319180093962572
              ],
              [
                99.11860183189656,
                7.642843805510424
              ],
              [
                99.02450850914265,
                7.871374689299486
              ],
              [
                98.88945296715046,
                8.017219148833178
              ],
              [
                98.74962142418171,
                8.08681448574724
              ],
              [
                98.54462722252156,
                8.2642675268239
              ],
              [
                99.72404769371296,
                9.257984720427416
              ],
              [
                99.83726027916218,
                9.226458154875658
              ],
              [
                99.89802077720906,
                9.067752443510912
              ],
              [
                99.90211776207234,
                8.92163237209978
              ],
              [
                99.86589339683796,
                8.711874567229174
              ],
              [
                99.92937758873249,
                8.584942423064135
              ],
              [
                100.00934890220906,
                8.490066133696459
              ],
              [
                100.13154128502156,
                8.532050691801928
              ],
              [
                100.20770553062702,
                8.32504805203142
              ],
              [
                100.30192092369343,
                7.886848531920336
              ],
              [
                100.2874861092403,
                7.772442899901293
              ],
              [
                100.34463027427937,
                7.440459810454271
              ],
              [
                100.53962233970906,
                7.048657499510668
              ],
              [
                100.61492446373249,
                6.978928648192309
              ],
              [
                100.97531417320515,
                6.85263594265642
              ],
              [
                101.21749404381062,
                6.802323423582934
              ],
              [
                101.42795852134968,
                6.828196607787035
              ],
              [
                101.55989364097859,
                6.739531599242113
              ],
              [
                101.67956069420124,
                6.46432503338518
              ],
              [
                101.97837356041218,
                6.219416700560473
              ],
              [
                102.07380202720906,
                6.154240690428637
              ],
              [
                102.08966353843952,
                6.143415533263109
              ],
              [
                102.32511428306843,
                6.099444948393725
              ],
              [
                102.80228713463093,
                5.56039150829973
              ],
              [
                103.11419204185749,
                5.148063265044115
              ],
              [
                103.34182265709187,
                4.805444799620531
              ],
              [
                103.3785505623653,
                4.545016847807787
              ],
              [
                103.36812118004109,
                4.182816110808275
              ],
              [
                103.30778029869343,
                3.795101724821947
              ],
              [
                103.33394155585638,
                3.393729771687659
              ]
            ]
          ],
          [
            [
              [
                106.55266097496296,
                -3.175201572220899
              ],
              [
                106.1643171639278,
                -2.998099960129835
              ],
              [
                105.99474624107624,
                -2.890428460877516
              ],
              [
                105.90241530845906,
                -2.725398219864942
              ],
              [
                105.88230422447468,
                -2.560203470032789
              ],
              [
                105.81182387779499,
                -2.382413543503858
              ],
              [
                105.58349898765827,
                -2.204967178147413
              ],
              [
                105.45276168297077,
                -2.160768665116407
              ],
              [
                105.25175765465046,
                -2.173908866685011
              ],
              [
                105.19965651939656,
                -2.110476411622145
              ],
              [
                105.3214216561153,
                -1.817892469208815
              ],
              [
                105.42667678306843,
                -1.709628261368849
              ],
              [
                105.65572646568562,
                -1.956973589699842
              ],
              [
                105.72237685631062,
                -1.747112430375196
              ],
              [
                105.8634367317989,
                -1.626060642045118
              ],
              [
                105.89634231041218,
                -1.80392722014723
              ],
              [
                106.0365324349239,
                -2.203994430344679
              ],
              [
                106.32863906334187,
                -2.571952022355177
              ],
              [
                106.64274886558796,
                -2.711081422608473
              ],
              [
                106.5234480233028,
                -2.793948806565382
              ],
              [
                106.47066024254109,
                -2.92117039088545
              ],
              [
                106.55266097496296,
                -3.175201572220899
              ]
            ]
          ]
        ]
      }
    },
    {
      "type": "Feature",
      "properties": {
        "NAME": "Sukhothai",
        "ABBREVN": "Sukhothai",
        "SUBJECTO": "Sukhothai",
        "BORDERPRECISION": 1,
        "PARTOF": "Sukhothai",
        "entity_id": "sukhothai",
        "name_en": "Sukhothai",
        "source": "historical-basemaps",
        "revision_saved_at": "2026-07-05T10:00:53.142Z"
      },
      "geometry": {
        "type": "MultiPolygon",
        "coordinates": [
          [
            [
              [
                99.84117787222739,
                20.481864939730535
              ],
              [
                99.96538070152546,
                20.420341097075365
              ],
              [
                100.00115493248249,
                20.458650194365404
              ],
              [
                100.22794265390873,
                20.389056301173344
              ],
              [
                100.24482253502156,
                20.383876405913256
              ],
              [
                100.3774748177364,
                20.302108370024584
              ],
              [
                100.43059829185749,
                20.226214967924975
              ],
              [
                100.43525222252156,
                20.035752855498217
              ],
              [
                101.657367324407,
                19.661170456991734
              ],
              [
                101.64604373227175,
                17.998714290853265
              ],
              [
                104.111285899852,
                17.998714290853265
              ],
              [
                104.93303328904541,
                17.45088269805765
              ],
              [
                105.77697441821945,
                15.425669848262032
              ],
              [
                105.87574433746508,
                14.46367893449936
              ],
              [
                101.80252544454719,
                13.980415676017579
              ],
              [
                100.90870955894734,
                13.447337709624193
              ],
              [
                100.93537294120053,
                14.0526783846298
              ],
              [
                100.64632210675163,
                14.197203801854247
              ],
              [
                100.2127458550783,
                14.197203801854247
              ],
              [
                99.85143231201717,
                13.908152967405353
              ],
              [
                99.9303312630489,
                13.261001192290209
              ],
              [
                100.02316573570515,
                12.994373880583666
              ],
              [
                99.97711471031452,
                12.841794573027514
              ],
              [
                99.83370498131062,
                12.523833833891771
              ],
              [
                99.87109664390827,
                12.263434015471361
              ],
              [
                99.89526656578327,
                12.079245172697924
              ],
              [
                99.76342299888874,
                11.780366502959154
              ],
              [
                99.50129989097859,
                11.24612673397722
              ],
              [
                99.18617537925984,
                10.489401422697924
              ],
              [
                99.07134536216999,
                9.898278795439623
              ],
              [
                99.11865523765827,
                9.37104185696306
              ],
              [
                99.19562056968952,
                9.237786852080248
              ],
              [
                99.29845717857624,
                9.16176565762224
              ],
              [
                99.5461759896114,
                9.194064699370287
              ],
              [
                99.72404769371296,
                9.257984720427416
              ],
              [
                98.54462722252156,
                8.2642675268239
              ],
              [
                98.39026168297077,
                8.219458185393236
              ],
              [
                98.29240706871296,
                8.155707918364428
              ],
              [
                98.19523147056843,
                8.327052675444506
              ],
              [
                98.17717269371296,
                8.600222192961596
              ],
              [
                98.25056746910359,
                8.937120996672533
              ],
              [
                98.50175765465046,
                9.71915205593767
              ],
              [
                98.63262465904499,
                10.100653253752611
              ],
              [
                98.59324172447468,
                10.120483003813646
              ],
              [
                98.4316511483028,
                10.201866708952807
              ],
              [
                98.3978605599239,
                10.563940607268236
              ],
              [
                98.60528090904499,
                10.862991892058275
              ],
              [
                98.68356612633015,
                11.085537515837572
              ],
              [
                98.73837569664265,
                11.43508108730974
              ],
              [
                98.86735061119343,
                11.645017229277514
              ],
              [
                98.63706496666218,
                11.657233797270678
              ],
              [
                98.59017470787312,
                11.695243440825365
              ],
              [
                98.58831313560749,
                11.82231196041765
              ],
              [
                98.67653945396687,
                12.051212869841478
              ],
              [
                98.59676650474812,
                12.73718126888933
              ],
              [
                98.48591903160359,
                13.111775957304857
              ],
              [
                98.40265343995057,
                13.266404191269851
              ],
              [
                98.1988859505489,
                13.644810281950853
              ],
              [
                97.97914412925984,
                14.23516710873308
              ],
              [
                97.82298568199421,
                14.616008363921068
              ],
              [
                97.74229720543171,
                15.009702287871264
              ],
              [
                97.6640730233028,
                15.790937029082201
              ],
              [
                97.61144545982624,
                16.095754228789232
              ],
              [
                97.59611037681843,
                16.34982069607439
              ],
              [
                97.57322219322468,
                16.44506987209978
              ],
              [
                98.66999851699818,
                18.397251431507474
              ],
              [
                99.84117787222739,
                20.481864939730535
              ]
            ]
          ]
        ]
      }
    },
    {
      "type": "Feature",
      "properties": {
        "NAME": "Scotland",
        "ABBREVN": "Scotland",
        "SUBJECTO": "Scotland",
        "BORDERPRECISION": 1,
        "PARTOF": "Scotland",
        "entity_id": "scotland",
        "name_en": "Scotland",
        "source": "historical-basemaps",
        "revision_saved_at": "2026-07-05T10:00:53.142Z"
      },
      "geometry": {
        "type": "MultiPolygon",
        "coordinates": [
          [
            [
              [
                -3.152525153653372,
                54.838058077055834
              ],
              [
                -3.308701720731008,
                54.88473471279802
              ],
              [
                -3.576675858990896,
                54.924483858305834
              ],
              [
                -3.907677379147756,
                54.78966864224138
              ],
              [
                -4.121606317059744,
                54.762435518462084
              ],
              [
                -4.460701909558523,
                54.86240347500505
              ],
              [
                -4.500273671643484,
                54.77510794277849
              ],
              [
                -4.599911656872976,
                54.68775519009294
              ],
              [
                -4.902518239514578,
                54.734115205962084
              ],
              [
                -5.111419168011892,
                54.79407461758318
              ],
              [
                -5.066654172436941,
                54.94846686001482
              ],
              [
                -4.909992661969412,
                55.110343538481615
              ],
              [
                -4.638357129590261,
                55.42791327114763
              ],
              [
                -4.770515409009207,
                55.488421999174975
              ],
              [
                -4.907764401929128,
                55.663871370512865
              ],
              [
                -4.895102468030203,
                55.77210577603044
              ],
              [
                -4.758425202862966,
                55.81971319790544
              ],
              [
                -4.623294320599783,
                55.90796240444841
              ],
              [
                -4.710717168347585,
                56.13130911465349
              ],
              [
                -4.848367181317556,
                56.097159944731615
              ],
              [
                -5.134628739850271,
                55.89342840786638
              ],
              [
                -5.333552804486501,
                55.87952002163591
              ],
              [
                -5.570167508618582,
                55.75051840420427
              ],
              [
                -5.633057561413992,
                55.93986090298357
              ],
              [
                -5.497018781201589,
                56.177272402007006
              ],
              [
                -5.300114598767507,
                56.42866095181169
              ],
              [
                -5.270704236523855,
                56.544147096831225
              ],
              [
                -5.458254781262625,
                56.632140718657396
              ],
              [
                -5.546579804913748,
                56.65235098477068
              ],
              [
                -5.644504037396658,
                56.5162845480031
              ],
              [
                -5.821677175061453,
                56.400497041899584
              ],
              [
                -6.043546166913259,
                56.47476538296404
              ],
              [
                -5.908959832684744,
                56.73325689907732
              ],
              [
                -5.665934529797781,
                56.93784292813005
              ],
              [
                -5.625289407269705,
                56.99921377773943
              ],
              [
                -5.726338830487478,
                57.25800665493669
              ],
              [
                -5.561600652234304,
                57.29925879116716
              ],
              [
                -5.460639920727957,
                57.38814505215349
              ],
              [
                -5.762965646283376,
                57.619777284819506
              ],
              [
                -5.568463769452322,
                57.777389131743334
              ],
              [
                -5.229971375958669,
                57.7096439230031
              ],
              [
                -5.055585351483572,
                57.75101812954607
              ],
              [
                -5.345933404462087,
                58.09274252529802
              ],
              [
                -4.907128301160085,
                58.168963991362475
              ],
              [
                -5.11271473457073,
                58.39491995449724
              ],
              [
                -4.925559487836111,
                58.566955171782396
              ],
              [
                -4.50985189964031,
                58.40292700405779
              ],
              [
                -4.138885226742971,
                58.444816194731615
              ],
              [
                -3.830548015134084,
                58.50719030972185
              ],
              [
                -3.440544810788381,
                58.528548799712084
              ],
              [
                -3.165008988873709,
                58.522201143462084
              ],
              [
                -3.028389659421194,
                58.405746065337084
              ],
              [
                -3.166374650494802,
                58.27510794277849
              ],
              [
                -3.943202701108206,
                57.958419405180834
              ],
              [
                -4.15045568038677,
                57.83481558438005
              ],
              [
                -4.24850460578655,
                57.63632925625505
              ],
              [
                -4.14842554618572,
                57.55452688809099
              ],
              [
                -3.795819249646414,
                57.541530214507006
              ],
              [
                -3.400818553464163,
                57.57644613857927
              ],
              [
                -3.092637029187429,
                57.577025972563646
              ],
              [
                -2.853980508343923,
                57.543319307524584
              ],
              [
                -2.1503629355595,
                57.571979128081225
              ],
              [
                -1.944626775281179,
                57.4016605245656
              ],
              [
                -2.107808676259268,
                57.21033056851091
              ],
              [
                -2.203161802785147,
                57.064811311919115
              ],
              [
                -2.158947673337209,
                57.0143199789113
              ],
              [
                -2.41314050246929,
                56.71725424404802
              ],
              [
                -2.514751401440847,
                56.66733893032732
              ],
              [
                -2.667135921017874,
                56.471000276762865
              ],
              [
                -2.980528798596609,
                56.35358389492693
              ],
              [
                -3.152406898038137,
                56.336818300444506
              ],
              [
                -2.949428287045706,
                56.25300558682146
              ],
              [
                -2.720856156842459,
                56.17819174404802
              ],
              [
                -2.77286025573467,
                56.1713138448781
              ],
              [
                -2.89533945609783,
                56.085502229887865
              ],
              [
                -3.169811215893972,
                56.06210669155779
              ],
              [
                -3.293507066266287,
                55.9739147054738
              ],
              [
                -3.894964662091482,
                55.98506888027849
              ],
              [
                -3.713039603726614,
                55.884696565825365
              ],
              [
                -3.577178683774221,
                55.884696565825365
              ],
              [
                -3.355851378934133,
                55.8426891195363
              ],
              [
                -3.161462274090994,
                55.84568365688982
              ],
              [
                -2.927901473538626,
                55.94603308315935
              ],
              [
                -2.742131438748586,
                55.95718725796404
              ],
              [
                -2.540346112744558,
                55.884696565825365
              ],
              [
                -2.245011058346975,
                55.810966097075365
              ],
              [
                -3.152525153653372,
                54.838058077055834
              ]
            ]
          ],
          [
            [
              [
                -5.698169675366628,
                55.3307262289113
              ],
              [
                -5.755679574506033,
                55.47726782437029
              ],
              [
                -5.688657250897634,
                55.62812002773943
              ],
              [
                -5.517836537854421,
                55.668021761137865
              ],
              [
                -5.482397046582449,
                55.44269903774919
              ],
              [
                -5.620342221753347,
                55.329520784575365
              ],
              [
                -5.698169675366628,
                55.3307262289113
              ]
            ]
          ]
        ]
      }
    },
    {
      "type": "Feature",
      "properties": {
        "NAME": "English territory",
        "ABBREVN": "English territory",
        "SUBJECTO": "English territory",
        "BORDERPRECISION": 1,
        "PARTOF": "English territory",
        "entity_id": "england",
        "name_en": "English territory",
        "source": "historical-basemaps",
        "revision_saved_at": "2026-07-05T10:00:53.142Z"
      },
      "geometry": {
        "type": "MultiPolygon",
        "coordinates": [
          [
            [
              [
                -0.409914609687078,
                42.785567842680834
              ],
              [
                -0.468836572663534,
                42.7513919698781
              ],
              [
                -0.586789485709417,
                42.765060030180834
              ],
              [
                -0.611982133881796,
                42.73087652798357
              ],
              [
                -0.840018358723867,
                42.90865286465349
              ],
              [
                -0.907353666321981,
                42.88129767056169
              ],
              [
                -1.397272315518606,
                43.031756960112475
              ],
              [
                -1.447552409665334,
                42.983878694731615
              ],
              [
                -1.515127864377249,
                42.99756201382341
              ],
              [
                -1.557671156422842,
                43.04543264980974
              ],
              [
                -1.465651360051382,
                43.15488775845232
              ],
              [
                -1.491382804410208,
                43.209621034819506
              ],
              [
                -1.702391829983938,
                43.19593771572771
              ],
              [
                -1.914577808873403,
                43.30541571255388
              ],
              [
                -1.746070232884634,
                43.360160433012865
              ],
              [
                -1.561407771603811,
                43.52442511196794
              ],
              [
                -1.314379182355154,
                44.55896338101091
              ],
              [
                -1.135849919812429,
                44.60010107632341
              ],
              [
                -1.230320539967764,
                44.73041113491716
              ],
              [
                -1.331778016583669,
                44.61382635708513
              ],
              [
                -1.27551409293865,
                45.12873037930193
              ],
              [
                -1.175191727177847,
                45.50050314541521
              ],
              [
                -1.123440351979482,
                45.43161734219255
              ],
              [
                -0.90036418725704,
                45.293910585600756
              ],
              [
                -0.814226654069174,
                45.12184103604021
              ],
              [
                -0.728486028210867,
                45.018642030913256
              ],
              [
                -0.854702380196798,
                45.3214488851613
              ],
              [
                -1.138394918935049,
                45.58316382046404
              ],
              [
                -1.247395124928701,
                45.6881481039113
              ],
              [
                -1.236505594746816,
                45.80004461880388
              ],
              [
                -1.075199690358389,
                46.01461752529802
              ],
              [
                -1.165981498257864,
                46.183681093413256
              ],
              [
                -1.256056633488882,
                46.30683096523943
              ],
              [
                -0.718946381164052,
                46.03285851209982
              ],
              [
                0.131044478565933,
                46.03285851209982
              ],
              [
                0.362860167583204,
                46.30331014928663
              ],
              [
                1.29012292365228,
                46.30331014928663
              ],
              [
                1.637846457178183,
                46.03285851209982
              ],
              [
                1.637846457178183,
                45.80104282308255
              ],
              [
                -0.409914609687078,
                42.785567842680834
              ]
            ]
          ],
          [
            [
              [
                -0.203663793103445,
                53.52328451748552
              ],
              [
                0.081015858156931,
                53.38622625942888
              ],
              [
                0.174518886311304,
                53.29305990811052
              ],
              [
                0.267848494751703,
                53.12666281338396
              ],
              [
                0.250867608292353,
                53.04005392666521
              ],
              [
                0.005501198871386,
                52.786666475493334
              ],
              [
                0.326831850512278,
                52.707477174956225
              ],
              [
                0.504670116408121,
                52.84751089688005
              ],
              [
                0.741839024527323,
                52.90119513149919
              ],
              [
                1.012664350970041,
                52.88841589565935
              ],
              [
                1.375926765902292,
                52.8092418539113
              ],
              [
                1.585714611513865,
                52.650043092924975
              ],
              [
                1.691691669924509,
                52.311420046049975
              ],
              [
                1.656872066958201,
                52.211783968169115
              ],
              [
                1.511889729006541,
                52.025756441313646
              ],
              [
                1.031286153300059,
                51.81272085781755
              ],
              [
                0.686218056185496,
                51.56038626309099
              ],
              [
                0.254172805054438,
                51.453597627837084
              ],
              [
                0.80425361107136,
                51.37826880093279
              ],
              [
                1.030067357523691,
                51.35884817715349
              ],
              [
                1.189365777476084,
                51.40547140713396
              ],
              [
                1.364680680735361,
                51.352904878813646
              ],
              [
                1.334964427454722,
                51.12069662686052
              ],
              [
                0.886016640169871,
                50.981891237456225
              ],
              [
                0.888346943362009,
                50.89267309780779
              ],
              [
                0.672568890555155,
                50.93066748257341
              ],
              [
                0.191810223562968,
                50.73128470059099
              ],
              [
                -0.203663793103445,
                50.79532965298357
              ],
              [
                -0.335705709354627,
                50.81671484585466
              ],
              [
                -0.839040127293813,
                50.721801363188646
              ],
              [
                -1.103359904782522,
                50.81671484585466
              ],
              [
                -1.37251218845104,
                50.7662731039113
              ],
              [
                -2.085358706013906,
                50.70282324429216
              ],
              [
                -2.023685899274099,
                50.57001074429216
              ],
              [
                -2.431994643704641,
                50.64588888760271
              ],
              [
                -2.550505128400076,
                50.57001074429216
              ],
              [
                -2.960618939892996,
                50.721801363188646
              ],
              [
                -3.110884395138967,
                50.65736349697771
              ],
              [
                -3.521466937558401,
                50.617431246001146
              ],
              [
                -3.563183036343801,
                50.361434541899584
              ],
              [
                -3.71503612090801,
                50.21933706875505
              ],
              [
                -3.881743398205984,
                50.200397096831225
              ],
              [
                -4.004238095776785,
                50.31406363125505
              ],
              [
                -4.242629018323171,
                50.39146002407732
              ],
              [
                -4.303295102612722,
                50.32354315396013
              ],
              [
                -4.540565457837332,
                50.35795172329607
              ],
              [
                -4.967033830182302,
                50.212245546538256
              ],
              [
                -5.282338586346853,
                49.963824831206225
              ],
              [
                -5.429218259351003,
                50.06785162563982
              ],
              [
                -5.777813401715505,
                50.13411673184099
              ],
              [
                -5.237766232983816,
                50.34629400845232
              ],
              [
                -5.016647305981863,
                50.56051977749529
              ],
              [
                -4.815270391003835,
                50.60416754360857
              ],
              [
                -4.604564633862722,
                50.778747163969896
              ],
              [
                -4.551536527173269,
                50.997157655913256
              ],
              [
                -4.442557302014578,
                50.96866186733904
              ],
              [
                -4.277284589307058,
                51.06367071743669
              ],
              [
                -4.28099390556072,
                51.18723639126482
              ],
              [
                -3.825231519238699,
                51.2347789632863
              ],
              [
                -3.482996192471731,
                51.181109987456225
              ],
              [
                -3.066043344037283,
                51.17773779507341
              ],
              [
                -3.033148971097219,
                51.329894624907396
              ],
              [
                -2.894663301007498,
                51.3938480245656
              ],
              [
                -2.750154700772512,
                51.644027315337084
              ],
              [
                -3.172751632230032,
                51.46690710659685
              ],
              [
                -3.49911757995342,
                51.459655367094896
              ],
              [
                -4.159330811993826,
                51.67681463833513
              ],
              [
                -4.998957601086843,
                51.70170172329607
              ],
              [
                -5.178603139416921,
                51.78747137661638
              ],
              [
                -5.248757806317556,
                51.860213838774584
              ],
              [
                -5.061464276807058,
                52.006434999663256
              ],
              [
                -4.619082894818533,
                52.09351690884294
              ],
              [
                -4.294657674329031,
                52.20032080288591
              ],
              [
                -4.123608317868459,
                52.37326391812029
              ],
              [
                -4.093874898450125,
                52.745509706694506
              ],
              [
                -4.147546020047415,
                52.83189734097185
              ],
              [
                -4.468318429486501,
                52.81130179043474
              ],
              [
                -4.621350255505789,
                52.8309818136281
              ],
              [
                -4.491883245007742,
                52.99097784634294
              ],
              [
                -4.317542043225515,
                53.09120901699724
              ],
              [
                -3.956724610821951,
                53.20515020962419
              ],
              [
                -3.329535689847219,
                53.233016573149584
              ],
              [
                -2.914475408093679,
                53.267142854887865
              ],
              [
                -3.056740966336477,
                53.51361425991716
              ],
              [
                -2.97954126884197,
                53.820853792387865
              ],
              [
                -2.865320411221731,
                54.02827414150896
              ],
              [
                -2.885938134686697,
                54.168666444975756
              ],
              [
                -3.261474338071096,
                54.14118155117693
              ],
              [
                -3.479265180127371,
                54.27460058804216
              ],
              [
                -3.569233384625662,
                54.41502722378435
              ],
              [
                -3.430405822293508,
                54.64308127041521
              ],
              [
                -3.152525153653372,
                54.838058077055834
              ],
              [
                -2.245011058346975,
                55.810966097075365
              ],
              [
                -1.941995468632925,
                55.55607184048357
              ],
              [
                -1.719010558621633,
                55.45374258633318
              ],
              [
                -1.66597982932781,
                55.37958868618669
              ],
              [
                -1.695988979832876,
                55.27250250454607
              ],
              [
                -1.555618610875356,
                54.92161139126482
              ],
              [
                -1.388892021672476,
                54.680480562407396
              ],
              [
                -1.192056861417043,
                54.595355592924975
              ],
              [
                -0.870595899121511,
                54.5471683370656
              ],
              [
                -0.60480349947666,
                54.300162874419115
              ],
              [
                -0.295500931040991,
                54.033168398100756
              ],
              [
                -0.234880952806819,
                53.79938467617693
              ],
              [
                -0.319215585188616,
                53.57891424771013
              ],
              [
                -0.203663793103445,
                53.52328451748552
              ]
            ]
          ],
          [
            [
              [
                -6.206393208997,
                53.95674856777849
              ],
              [
                -6.343146768109548,
                53.93964346523943
              ],
              [
                -6.443396058575857,
                53.899379335600756
              ],
              [
                -6.334980454938162,
                53.78598364468279
              ],
              [
                -6.172213521497,
                53.43919714565935
              ],
              [
                -6.043061223523367,
                52.89308889980974
              ],
              [
                -6.070682969586599,
                52.76660498257341
              ],
              [
                -6.23211285163616,
                52.613334261137865
              ],
              [
                -6.34089609672283,
                52.427062593657396
              ],
              [
                -6.405971017377126,
                52.21443899746599
              ],
              [
                -6.489150014416921,
                52.19435843105974
              ],
              [
                -6.616821256177175,
                52.22066458340349
              ],
              [
                -6.893897023694265,
                52.206649385649584
              ],
              [
                -6.961679425732839,
                52.11120184536638
              ],
              [
                -7.372407880322683,
                52.09211310024919
              ],
              [
                -7.75064894248699,
                52.032706819731615
              ],
              [
                -7.861649480359304,
                51.96809347744646
              ],
              [
                -8.158813920514334,
                51.839644991118334
              ],
              [
                -8.565231290356863,
                51.61545141812029
              ],
              [
                -8.847757306592214,
                51.59982260342302
              ],
              [
                -9.243309941785085,
                51.47262915249529
              ],
              [
                -9.819109883801687,
                51.434554659087084
              ],
              [
                -9.79524418403362,
                51.604632936674975
              ],
              [
                -9.835420575635183,
                51.80326422329607
              ],
              [
                -10.216907468335378,
                51.7583499776906
              ],
              [
                -10.294031110303152,
                51.977626405913256
              ],
              [
                -9.963774648205984,
                52.09211310024919
              ],
              [
                -10.497328725354421,
                52.10165365811052
              ],
              [
                -10.469237294690359,
                52.206649385649584
              ],
              [
                -9.890640225903738,
                52.19443091030779
              ],
              [
                -9.801606145398367,
                52.24108465786638
              ],
              [
                -9.78400322486614,
                52.34070547695818
              ],
              [
                -9.735718694226492,
                52.48028143521013
              ],
              [
                -9.503988233105886,
                52.54054983730974
              ],
              [
                -9.192634549634207,
                52.55445822354021
              ],
              [
                -9.134288754956472,
                52.68089636440935
              ],
              [
                -9.615690198437918,
                52.6366344320363
              ],
              [
                -9.441564527051199,
                52.833278261382006
              ],
              [
                -9.525756803052175,
                52.90455587979021
              ],
              [
                -9.309349980847585,
                53.11526831265154
              ],
              [
                -8.996998754040945,
                53.12044485684099
              ],
              [
                -8.923582997815359,
                53.160575472075365
              ],
              [
                -9.001670804517019,
                53.30037649746599
              ],
              [
                -9.15815922309612,
                53.22069891567888
              ],
              [
                -9.29735943366741,
                53.279803835112475
              ],
              [
                -9.440665212170828,
                53.26620825405779
              ],
              [
                -9.616703954236257,
                53.345878206450365
              ],
              [
                -9.802919354932058,
                53.34535177822771
              ],
              [
                -9.884814229504812,
                53.29739721890154
              ],
              [
                -10.159825292126882,
                53.37412222500505
              ],
              [
                -10.021073308484304,
                53.51185568447771
              ],
              [
                -10.151425328747976,
                53.575641237456225
              ],
              [
                -9.809599843518484,
                53.63241537686052
              ],
              [
                -9.872389760510671,
                53.767718874174975
              ],
              [
                -9.696483579175222,
                53.87342032070818
              ],
              [
                -9.912850347058523,
                53.96955832119646
              ],
              [
                -10.17853733588909,
                53.91187246914568
              ],
              [
                -10.159675565259207,
                54.13307150479021
              ],
              [
                -9.988787618176687,
                54.253715120512865
              ],
              [
                -9.89197441627239,
                54.32558401699724
              ],
              [
                -9.474293675915945,
                54.24130972500505
              ],
              [
                -9.322905507580984,
                54.275069795805834
              ],
              [
                -9.085844960705984,
                54.25818976040544
              ],
              [
                -8.590084996716726,
                54.20284994717302
              ],
              [
                -8.686731305615652,
                54.36411245938005
              ],
              [
                -8.300579991833914,
                54.48934897061052
              ],
              [
                -8.211479154126394,
                54.63391836758318
              ],
              [
                -8.829358068005789,
                54.63391836758318
              ],
              [
                -8.760042157666433,
                54.70142706509294
              ],
              [
                -8.503739324109304,
                54.74964483853044
              ],
              [
                -8.47625347663616,
                54.87985190029802
              ],
              [
                -8.34538075019573,
                55.09528311367693
              ],
              [
                -8.118318048016775,
                55.17663153286638
              ],
              [
                -7.756225076215017,
                55.25272711392107
              ],
              [
                -7.657281365887869,
                55.11682852383318
              ],
              [
                -7.497830834882009,
                55.04973944302263
              ],
              [
                -7.42751547385906,
                55.06380423184099
              ],
              [
                -7.225492921368826,
                55.10419043179216
              ],
              [
                -6.996823754803884,
                55.172023378569506
              ],
              [
                -6.645197835461843,
                55.20642813320818
              ],
              [
                -6.454310384289968,
                55.186549745757006
              ],
              [
                -6.279264417187918,
                55.139693819243334
              ],
              [
                -6.116521325604666,
                55.16022451992693
              ],
              [
                -6.018187966840017,
                55.093001924712084
              ],
              [
                -5.784886327283132,
                54.737418733794115
              ],
              [
                -5.76368376304363,
                54.65699347134294
              ],
              [
                -5.799925771252859,
                54.522887788969896
              ],
              [
                -5.661512818829763,
                54.32224615688982
              ],
              [
                -5.731388535992849,
                54.17486914272966
              ],
              [
                -5.912154164807546,
                54.02737768765154
              ],
              [
                -6.071708169476736,
                53.973590456206225
              ],
              [
                -6.206393208997,
                53.95674856777849
              ]
            ]
          ]
        ]
      }
    },
    {
      "type": "Feature",
      "properties": {
        "NAME": "Holy Roman Empire",
        "ABBREVN": "Holy Roman E",
        "SUBJECTO": "Holy Roman Empire",
        "BORDERPRECISION": 1,
        "PARTOF": "Holy Roman Empire",
        "entity_id": "holy-roman-empire",
        "name_en": "Holy Roman Empire",
        "source": "historical-basemaps",
        "revision_saved_at": "2026-07-05T10:00:53.142Z"
      },
      "geometry": {
        "type": "MultiPolygon",
        "coordinates": [
          [
            [
              [
                14.174167665941965,
                53.90676077480974
              ],
              [
                14.205406221850168,
                53.81320532437029
              ],
              [
                14.145425829394114,
                53.8264537679738
              ],
              [
                14.068350824816477,
                53.84347494717302
              ],
              [
                14.02871707390095,
                53.86548193569841
              ],
              [
                13.827770266039622,
                53.82971914883318
              ],
              [
                13.777402910692942,
                53.94862326260271
              ],
              [
                13.778410944445383,
                54.04440649624529
              ],
              [
                14.069946321947825,
                53.917769991118334
              ],
              [
                14.174167665941965,
                53.90676077480974
              ]
            ]
          ],
          [
            [
              [
                14.459070238573801,
                53.81871374722185
              ],
              [
                14.333859476549875,
                53.82971914883318
              ],
              [
                14.247895273669016,
                53.815963350493334
              ],
              [
                14.227241548998606,
                53.909511171538256
              ],
              [
                14.305262598498118,
                53.91501959438982
              ],
              [
                14.424838098986399,
                53.91501959438982
              ],
              [
                14.472936663134348,
                53.87677725430193
              ],
              [
                14.459070238573801,
                53.81871374722185
              ]
            ]
          ],
          [
            [
              [
                8.539542231066477,
                53.80068167324724
              ],
              [
                8.585600878480877,
                53.79307781558178
              ],
              [
                8.848478350146067,
                53.749679170805834
              ],
              [
                9.125039133532297,
                53.79047735806169
              ],
              [
                8.857097658617747,
                53.866988741118334
              ],
              [
                8.818971666796457,
                53.969039522368334
              ],
              [
                8.94634059379841,
                54.014972292143725
              ],
              [
                8.832654032213938,
                54.06601675625505
              ],
              [
                8.778787645800364,
                54.132403932768725
              ],
              [
                8.853296312792551,
                54.16815527554216
              ],
              [
                8.884012255175364,
                54.229449831206225
              ],
              [
                8.961682962363703,
                54.27590912757962
              ],
              [
                9.056175542623786,
                54.34859572777968
              ],
              [
                9.136130802843853,
                54.29771510763964
              ],
              [
                9.16520544292388,
                54.319521087699655
              ],
              [
                9.216086063063923,
                54.29044644761963
              ],
              [
                9.25969802318396,
                54.30498376765964
              ],
              [
                9.29604132328399,
                54.2468344874996
              ],
              [
                9.441414523684116,
                54.2468344874996
              ],
              [
                9.448683183704123,
                54.188685207339546
              ],
              [
                9.674011644324317,
                54.188685207339546
              ],
              [
                9.739429584504371,
                54.27590912757962
              ],
              [
                9.826653504744447,
                54.27590912757962
              ],
              [
                9.884802784904497,
                54.2541031475196
              ],
              [
                10.141728434069407,
                54.33675345059099
              ],
              [
                10.212877306444895,
                54.37191732998552
              ],
              [
                10.340239557726633,
                54.36231573696794
              ],
              [
                10.44597438286091,
                54.29203375454607
              ],
              [
                10.648594889147532,
                54.25897558804216
              ],
              [
                11.038605722887766,
                54.313251100737475
              ],
              [
                11.073005709154856,
                54.219630800444506
              ],
              [
                11.041366610033762,
                54.15269812222185
              ],
              [
                11.015887293322336,
                54.09665640469255
              ],
              [
                10.716716799242747,
                53.96393164272966
              ],
              [
                10.770921983372684,
                53.930865647944174
              ],
              [
                10.858920130236399,
                53.87718542690935
              ],
              [
                10.883711053577752,
                53.88237572131042
              ],
              [
                10.893506027075915,
                53.88442642331155
              ],
              [
                10.960404311878579,
                53.89843242818161
              ],
              [
                11.151377710802805,
                53.938415132719896
              ],
              [
                11.202488932116282,
                53.85678442593279
              ],
              [
                11.407822641833079,
                53.8592906820363
              ],
              [
                11.56501964042927,
                54.035384737212084
              ],
              [
                12.041073832018625,
                54.09665640469255
              ],
              [
                12.311884912951243,
                54.2019420492238
              ],
              [
                12.462536566113506,
                54.2547861175406
              ],
              [
                12.652518305285227,
                54.32142599697771
              ],
              [
                12.764800104601633,
                54.27032812710466
              ],
              [
                12.943138155443918,
                54.346984468657396
              ],
              [
                13.02581122825886,
                54.265216432768725
              ],
              [
                13.063765558703196,
                54.19368704434099
              ],
              [
                13.349167856676829,
                54.06348761196794
              ],
              [
                13.431016001208079,
                54.03024633999529
              ],
              [
                13.667614969713938,
                54.084167085844896
              ],
              [
                13.737782511217844,
                54.03028830166521
              ],
              [
                13.76432612846638,
                53.87718542690935
              ],
              [
                13.780499491198313,
                53.77517660732927
              ],
              [
                13.850170168383372,
                53.72928961392107
              ],
              [
                14.009740862353098,
                53.673209749419115
              ],
              [
                14.176863703234446,
                53.68340643521013
              ],
              [
                14.189576181872141,
                53.6247936117238
              ],
              [
                14.280191454394114,
                53.61341818447771
              ],
              [
                14.433155092699778,
                53.59421499844255
              ],
              [
                14.537060770495188,
                53.538165651518725
              ],
              [
                14.495303186877024,
                53.6247936117238
              ],
              [
                14.56530097435261,
                53.69359930630388
              ],
              [
                14.556940111620676,
                53.75988348599138
              ],
              [
                14.482524904711497,
                53.8185306417531
              ],
              [
                14.472936663134348,
                53.87677725430193
              ],
              [
                14.467412027819407,
                53.91035040493669
              ],
              [
                14.580244322217482,
                53.9290180912011
              ],
              [
                14.885758432848704,
                53.97956427212419
              ],
              [
                15.079682383044016,
                54.00251730557146
              ],
              [
                15.31168940971638,
                54.071002565581225
              ],
              [
                15.898360285265696,
                54.128402315337084
              ],
              [
                16.114680323107493,
                54.19960745449724
              ],
              [
                16.473248514635813,
                54.41503485317888
              ],
              [
                16.975901636584055,
                54.549308382231615
              ],
              [
                17.65761283348347,
                54.6854625570363
              ],
              [
                17.746761135398433,
                54.4325082722837
              ],
              [
                17.111405742429262,
                54.12995808515552
              ],
              [
                16.99038566757799,
                54.19046812258115
              ],
              [
                16.687835480449813,
                54.03919302901707
              ],
              [
                16.808855555301083,
                53.85766291674016
              ],
              [
                16.808855555301083,
                53.464347673473526
              ],
              [
                16.657580461736995,
                53.85766291674016
              ],
              [
                16.203755181044727,
                53.70638782317607
              ],
              [
                16.41554031203445,
                53.52485771089917
              ],
              [
                16.203755181044727,
                53.34332759862226
              ],
              [
                16.053120673865045,
                52.71644728729599
              ],
              [
                15.843905101217622,
                52.71029388810048
              ],
              [
                15.815994658908938,
                52.57074167655705
              ],
              [
                15.760173774291564,
                52.57074167655705
              ],
              [
                15.764534780902293,
                52.265471213805796
              ],
              [
                16.095099081995798,
                52.12417459961807
              ],
              [
                16.505905904726767,
                52.00381081716186
              ],
              [
                16.505905904726767,
                52.178251081591156
              ],
              [
                16.854786433585346,
                51.916590684947224
              ],
              [
                16.854786433585346,
                51.65493028830329
              ],
              [
                17.20366696244392,
                51.61132022219597
              ],
              [
                17.290887094658565,
                51.78576048662526
              ],
              [
                17.552547491302498,
                51.65493028830329
              ],
              [
                17.63976762351714,
                51.43687995776668
              ],
              [
                18.14006119968632,
                50.987658935098196
              ],
              [
                18.64603658024246,
                50.64451035817146
              ],
              [
                18.745633522312637,
                50.266041978304784
              ],
              [
                18.7690687689537,
                50.176988041068746
              ],
              [
                18.796315226061594,
                49.71344717617693
              ],
              [
                18.896451846485505,
                49.71272535308413
              ],
              [
                18.926706865198327,
                49.62196029694568
              ],
              [
                18.522176655414874,
                49.561071513417694
              ],
              [
                18.25037324176715,
                49.18054673431089
              ],
              [
                18.22319290040238,
                48.99028434475748
              ],
              [
                18.11447153494329,
                48.99028434475748
              ],
              [
                18.11447153494329,
                48.85438263793362
              ],
              [
                17.869848462660343,
                48.80002195520407
              ],
              [
                17.35342197672967,
                48.96310400339271
              ],
              [
                17.190339928541036,
                48.446677517462035
              ],
              [
                17.21752026990581,
                48.06615273835522
              ],
              [
                17.46214334218876,
                48.06615273835522
              ],
              [
                17.407782659459215,
                47.82152966607227
              ],
              [
                16.796224978751837,
                47.843273939164085
              ],
              [
                16.622270794017293,
                47.734552573704995
              ],
              [
                16.55703797474184,
                47.495365569695004
              ],
              [
                16.644015067109112,
                47.299667111868644
              ],
              [
                16.55703797474184,
                47.190945746409554
              ],
              [
                16.55703797474184,
                47.060480107858645
              ],
              [
                16.448316609282752,
                46.930014469307736
              ],
              [
                16.448316609282752,
                46.777804557665014
              ],
              [
                16.513549428558203,
                46.62559464602229
              ],
              [
                16.296106697640028,
                46.40815191510411
              ],
              [
                16.535293701650023,
                46.364663368920475
              ],
              [
                16.448316609282752,
                46.103732091818664
              ],
              [
                16.209129605272757,
                46.147220638002295
              ],
              [
                16.078663966721848,
                45.886289360900484
              ],
              [
                16.209129605272757,
                45.73407944925776
              ],
              [
                16.122152512905483,
                45.581869537615034
              ],
              [
                15.46982432015095,
                45.73407944925776
              ],
              [
                15.423617739830839,
                45.42965962597231
              ],
              [
                14.880010912535393,
                45.48402030870186
              ],
              [
                14.798469888441076,
                45.864545087808665
              ],
              [
                14.526666474793355,
                45.78300406371435
              ],
              [
                14.354488405688059,
                45.32289084072771
              ],
              [
                14.238621744616282,
                45.06235464688005
              ],
              [
                14.174608263476145,
                45.01038702603044
              ],
              [
                13.908055294522592,
                44.979106770575456
              ],
              [
                13.799213658521637,
                45.30563167857832
              ],
              [
                13.951591948922974,
                45.39270498737908
              ],
              [
                13.995128603323355,
                45.45800996897966
              ],
              [
                13.799984011156809,
                45.566371523100756
              ],
              [
                13.673180613024485,
                45.71450766201677
              ],
              [
                13.564614328844797,
                45.72652395840349
              ],
              [
                13.437729868395579,
                45.63843115444841
              ],
              [
                13.36769584129597,
                45.69448813076677
              ],
              [
                13.080858860915335,
                45.98044982178424
              ],
              [
                12.645492316911515,
                45.91514484018367
              ],
              [
                12.144820791307122,
                45.762766549782334
              ],
              [
                11.970674173705593,
                45.43624164177947
              ],
              [
                12.176189455492747,
                45.21429022427263
              ],
              [
                12.312513384325754,
                45.17829474087419
              ],
              [
                12.32213691185261,
                45.04236563320818
              ],
              [
                12.408988031847727,
                44.98900946255388
              ],
              [
                12.523090395434153,
                44.882751070219896
              ],
              [
                12.476044687731516,
                44.78708609219255
              ],
              [
                12.377765212618076,
                44.73152979906547
              ],
              [
                12.273584398730051,
                44.67263754482927
              ],
              [
                12.2807312340572,
                44.55012472744646
              ],
              [
                12.345076593859446,
                44.30104025479021
              ],
              [
                12.508117008049474,
                44.131458090135354
              ],
              [
                12.697230371935618,
                43.93475683804216
              ],
              [
                12.30220603682903,
                43.344016475945445
              ],
              [
                12.30220603682903,
                43.27759966912398
              ],
              [
                12.219185028302192,
                43.22778706400788
              ],
              [
                12.152768221480724,
                43.0617450469542
              ],
              [
                12.16937242318609,
                42.912307231605894
              ],
              [
                12.185976624891458,
                42.912307231605894
              ],
              [
                12.152768221480724,
                42.696452609436115
              ],
              [
                12.16937242318609,
                42.63003580261464
              ],
              [
                12.129717682642681,
                42.596046025006004
              ],
              [
                12.053143011248519,
                42.53041059238244
              ],
              [
                12.069747212953885,
                42.297951768507296
              ],
              [
                12.003330406132417,
                42.248139163391194
              ],
              [
                12.019934607837783,
                42.09870134804289
              ],
              [
                11.960132972273152,
                42.00737273979235
              ],
              [
                11.497365030749094,
                42.37635382290544
              ],
              [
                11.104763063891184,
                42.54908331509294
              ],
              [
                10.742755922777903,
                42.850509248930834
              ],
              [
                10.487745317919504,
                43.23593863125505
              ],
              [
                10.337910145780597,
                43.59620282818045
              ],
              [
                10.292479547961008,
                43.705436311919115
              ],
              [
                10.261382707897827,
                43.74523947500629
              ],
              [
                10.155236147666242,
                43.8811043680133
              ],
              [
                10.136747393114817,
                43.904769502837084
              ],
              [
                9.909300837023508,
                44.11047705288591
              ],
              [
                9.82549804887671,
                44.152548314494645
              ],
              [
                9.69193557213093,
                44.21960028286638
              ],
              [
                9.157044443590891,
                44.37323721523943
              ],
              [
                8.896585497362864,
                44.437186800200365
              ],
              [
                8.671724352343332,
                44.417403780180834
              ],
              [
                8.18636039207722,
                44.12639959927263
              ],
              [
                8.089567661774733,
                44.050829496605
              ],
              [
                7.979526552660715,
                43.96491583462419
              ],
              [
                7.689120325548899,
                43.88704641934099
              ],
              [
                7.552810224993479,
                43.867450319487475
              ],
              [
                7.467525371293709,
                43.81083423046961
              ],
              [
                7.397118601305735,
                43.76409491177263
              ],
              [
                7.355150497319446,
                43.90151100140032
              ],
              [
                6.92279037238042,
                43.81503897641252
              ],
              [
                6.885730933099932,
                43.90151100140032
              ],
              [
                6.959849811660908,
                43.91386414782715
              ],
              [
                6.92279037238042,
                43.975629879961296
              ],
              [
                6.996909250941396,
                44.04974875852227
              ],
              [
                6.972202958087737,
                44.0621019049491
              ],
              [
                6.93514351880725,
                44.136220783510076
              ],
              [
                6.885730933099932,
                44.14857392993691
              ],
              [
                6.836318347392615,
                44.11151449065642
              ],
              [
                6.786905761685297,
                44.197986515644224
              ],
              [
                6.786905761685297,
                44.29681168705886
              ],
              [
                6.869778189165842,
                44.3491702901906
              ],
              [
                6.782917532427561,
                44.54787405605974
              ],
              [
                6.924694094164622,
                44.715018831450365
              ],
              [
                7.003469976885569,
                44.719535433012865
              ],
              [
                6.942603620989573,
                44.868651949126146
              ],
              [
                6.665318045122874,
                44.954520784575365
              ],
              [
                6.507319483263743,
                45.115707002837084
              ],
              [
                6.280426758185294,
                45.1985913762174
              ],
              [
                6.243367318904806,
                45.29741654763204
              ],
              [
                6.268073611758465,
                45.3221228404857
              ],
              [
                6.218661026051148,
                45.346829133339355
              ],
              [
                6.144542147490172,
                45.3221228404857
              ],
              [
                6.082776415356025,
                45.37153542619301
              ],
              [
                6.033363829648708,
                45.33447598691252
              ],
              [
                6.058070122502366,
                45.22329766907106
              ],
              [
                5.946891804660902,
                45.26035710835155
              ],
              [
                5.934538658234073,
                45.3221228404857
              ],
              [
                5.823360340392609,
                45.39624171904667
              ],
              [
                5.60708315962433,
                45.84657830947206
              ],
              [
                5.356666000126862,
                45.87603915176587
              ],
              [
                5.356666000126862,
                46.052804205528794
              ],
              [
                5.53343105388978,
                46.008612942088064
              ],
              [
                5.53343105388978,
                46.096995468969524
              ],
              [
                5.268283473245402,
                46.31795178617317
              ],
              [
                5.415587684714501,
                46.52417768222991
              ],
              [
                5.645716162473713,
                46.45672279658608
              ],
              [
                5.724926528799609,
                46.47998641878918
              ],
              [
                5.739656949946519,
                46.59782978796446
              ],
              [
                5.625539563292284,
                46.64907846096145
              ],
              [
                5.646444113934752,
                46.84980832233856
              ],
              [
                5.757015581792151,
                46.88666547829103
              ],
              [
                5.793872737744618,
                46.997236946148426
              ],
              [
                5.667288567628574,
                47.10831750866064
              ],
              [
                5.736870241522391,
                47.233564521669514
              ],
              [
                5.778619245858682,
                47.35881153467838
              ],
              [
                5.792535580637445,
                47.51189121724478
              ],
              [
                5.917782593646315,
                47.59538922591736
              ],
              [
                5.820368250194973,
                47.734552573704995
              ],
              [
                5.959531597982606,
                47.80413424759881
              ],
              [
                5.959531597982606,
                47.985046599722736
              ],
              [
                6.056945941433949,
                47.95721393016521
              ],
              [
                6.098694945770239,
                48.026795604059025
              ],
              [
                6.251774628336637,
                47.95721393016521
              ],
              [
                6.237858293557874,
                48.29120596485553
              ],
              [
                5.945615263203843,
                48.34687130397059
              ],
              [
                6.015196937097659,
                48.65303066910338
              ],
              [
                5.834284584973735,
                48.77827768211225
              ],
              [
                6.001280602318896,
                48.90352469512112
              ],
              [
                5.876033589310025,
                49.07052071246628
              ],
              [
                5.722953906743628,
                48.95919003423617
              ],
              [
                5.611623228513521,
                49.20968406025391
              ],
              [
                5.903866258867552,
                49.19576772547515
              ],
              [
                5.90925621463087,
                49.20085986849826
              ],
              [
                5.36112920249578,
                49.69675577751063
              ],
              [
                4.255215473045926,
                49.887235609794956
              ],
              [
                3.82033001120957,
                50.039445521437685
              ],
              [
                3.482680234843423,
                49.92046040791431
              ],
              [
                2.907273158792256,
                49.94347669095636
              ],
              [
                2.677110328371789,
                50.15062323833478
              ],
              [
                2.400914931867229,
                50.196655804418874
              ],
              [
                2.147735818404716,
                50.05855810616659
              ],
              [
                1.986621837110389,
                50.08157438920864
              ],
              [
                1.986621837110389,
                50.21967208746092
              ],
              [
                1.825507855816062,
                50.24268837050297
              ],
              [
                1.796177011821849,
                50.92141446466973
              ],
              [
                1.823555263979685,
                50.934562288481615
              ],
              [
                2.030328068239939,
                51.00665625210466
              ],
              [
                2.442595991595041,
                51.04803045864763
              ],
              [
                2.522131952746165,
                51.09112127896013
              ],
              [
                2.995262178881418,
                51.31347998257341
              ],
              [
                3.213605198366892,
                51.353568636137865
              ],
              [
                3.472019943697703,
                51.314391695219896
              ],
              [
                3.681297096712839,
                51.32141836758318
              ],
              [
                3.77504685829426,
                51.3877445089406
              ],
              [
                3.74347594688679,
                51.46045263882341
              ],
              [
                3.520320448382151,
                51.57913550015154
              ],
              [
                3.878135714037668,
                51.79172857876482
              ],
              [
                4.264411482317698,
                52.07089193936052
              ],
              [
                4.387240442736399,
                52.230365358549975
              ],
              [
                4.641012701494944,
                52.75569876309099
              ],
              [
                4.718774351580393,
                52.8024173605031
              ],
              [
                5.008403810961497,
                52.856193147856615
              ],
              [
                5.17328551719929,
                52.74341925259294
              ],
              [
                5.234628233416331,
                52.6228519308156
              ],
              [
                5.108244451983225,
                52.53150137539568
              ],
              [
                5.006087812884104,
                52.556884371001146
              ],
              [
                5.035744223101389,
                52.33371695156755
              ],
              [
                4.949828180773508,
                52.277946077544115
              ],
              [
                5.473186525805247,
                52.17660482998552
              ],
              [
                5.574368986590159,
                52.28301581021013
              ],
              [
                5.756913218004954,
                52.33371695156755
              ],
              [
                5.817143949969065,
                52.521361910063646
              ],
              [
                5.611254724962961,
                52.53150137539568
              ],
              [
                5.555709871752512,
                52.58732184048357
              ],
              [
                5.546892675860178,
                52.678695284087084
              ],
              [
                5.653440508349192,
                52.74977835293474
              ],
              [
                5.57638266990925,
                52.759933077055834
              ],
              [
                5.325746092303049,
                52.79040869351091
              ],
              [
                5.358019384844553,
                52.93774756069841
              ],
              [
                5.34275344322468,
                52.99631079312029
              ],
              [
                5.33211997459675,
                53.01144751187029
              ],
              [
                5.389523062212717,
                53.13857229824724
              ],
              [
                5.647349867327463,
                53.22775992031755
              ],
              [
                5.966306719286692,
                53.3350101339406
              ],
              [
                6.260716471178782,
                53.321742616850756
              ],
              [
                6.750721964342844,
                53.38986166592302
              ],
              [
                6.86104539345051,
                53.26576193447771
              ],
              [
                7.009059462054026,
                53.2454105245656
              ],
              [
                7.043283495409739,
                53.16400488491716
              ],
              [
                7.159938845141184,
                53.164001070219896
              ],
              [
                7.189745459063303,
                53.2301402914113
              ],
              [
                6.980709108813059,
                53.31665762539568
              ],
              [
                7.037332090838206,
                53.51014670010271
              ],
              [
                7.165639433367502,
                53.59167059536638
              ],
              [
                7.332391771776926,
                53.60442694302263
              ],
              [
                7.836380991442454,
                53.63209494229021
              ],
              [
                7.875028892811025,
                53.63368572603227
              ],
              [
                7.968539270861399,
                53.63753470059099
              ],
              [
                8.011022600634348,
                53.565692506987475
              ],
              [
                8.098732981188547,
                53.443934999663256
              ],
              [
                8.029082331164133,
                53.37264975186052
              ],
              [
                8.174986872179758,
                53.321742616850756
              ],
              [
                8.24193385551716,
                53.35229071255388
              ],
              [
                8.260771784289133,
                53.43884619351091
              ],
              [
                8.189001116259348,
                53.53052099819841
              ],
              [
                8.305650743944895,
                53.52543219204607
              ],
              [
                8.501803431017649,
                53.449027620512865
              ],
              [
                8.428657564623606,
                53.61204870815935
              ],
              [
                8.516240577802122,
                53.76104174747834
              ],
              [
                8.539542231066477,
                53.80068167324724
              ]
            ]
          ]
        ]
      }
    },
    {
      "type": "Feature",
      "properties": {
        "NAME": "Shogun Japan (Kamakura)",
        "ABBREVN": "Japan",
        "SUBJECTO": "Shogun Japan (Kamakura)",
        "BORDERPRECISION": 1,
        "PARTOF": "Shogun Japan (Kamakura)",
        "entity_id": "kamakura-japan",
        "name_en": "Shogun Japan (Kamakura)",
        "source": "historical-basemaps",
        "revision_saved_at": "2026-07-05T10:00:53.142Z"
      },
      "geometry": {
        "type": "MultiPolygon",
        "coordinates": [
          [
            [
              [
                130.5541334481075,
                30.969977937895678
              ],
              [
                130.6745405525997,
                31.211490236479662
              ],
              [
                130.73246291588094,
                31.478250108916185
              ],
              [
                130.58191970299032,
                31.528737627226732
              ],
              [
                130.47443679283407,
                31.439628206450365
              ],
              [
                130.4043989510372,
                31.229978166777514
              ],
              [
                130.23293593834188,
                31.026460252959154
              ],
              [
                130.08626845787313,
                31.121388994414232
              ],
              [
                130.06011489342,
                31.216558061797045
              ],
              [
                130.20514968345907,
                31.426370226103685
              ],
              [
                130.21932509849813,
                31.559724413115404
              ],
              [
                130.05887893150594,
                31.97206266995134
              ],
              [
                130.1349439949825,
                32.023002229887865
              ],
              [
                130.44396499107626,
                32.28393133755388
              ],
              [
                130.48116591881063,
                32.347499452788256
              ],
              [
                130.49653151939657,
                32.55701788540544
              ],
              [
                130.25739577720907,
                32.9120365011281
              ],
              [
                130.1075239510372,
                32.930778108794115
              ],
              [
                130.03458693931844,
                32.81000097866716
              ],
              [
                129.84591201256063,
                32.587421022612475
              ],
              [
                129.73372939537313,
                32.637984834868334
              ],
              [
                129.63033584068563,
                32.86631353970232
              ],
              [
                129.4608717293575,
                32.98657950039568
              ],
              [
                129.34337905357626,
                33.15138968105974
              ],
              [
                129.52804091881063,
                33.297774873930834
              ],
              [
                129.8582563729122,
                33.260367952544115
              ],
              [
                130.17615798424032,
                33.33719977017107
              ],
              [
                130.31766799400594,
                33.546989046294115
              ],
              [
                130.426569971545,
                33.67417105313005
              ],
              [
                130.64440444420126,
                33.7000003683156
              ],
              [
                130.8594770760372,
                33.67505987759294
              ],
              [
                130.97111037681844,
                33.50388678188982
              ],
              [
                131.0925093025997,
                33.427962862212084
              ],
              [
                131.28603652427938,
                33.39026220913591
              ],
              [
                131.56875136802938,
                33.48606451626482
              ],
              [
                131.66982558677938,
                33.308532320219896
              ],
              [
                131.4135542244747,
                33.11121710415544
              ],
              [
                131.59562209556844,
                33.00366552944841
              ],
              [
                131.79528335045126,
                32.80728491421404
              ],
              [
                131.8309889168575,
                32.69308813687029
              ],
              [
                131.56299880455282,
                32.43224676724138
              ],
              [
                131.45362380455282,
                32.24792822476091
              ],
              [
                131.40685561607626,
                32.08277472134294
              ],
              [
                131.36873916099813,
                31.803355776030443
              ],
              [
                131.31928542564657,
                31.51120527859392
              ],
              [
                131.2106275887325,
                31.35226973171892
              ],
              [
                131.12311843345907,
                31.307637773711107
              ],
              [
                131.04879287193563,
                31.275754533965014
              ],
              [
                130.95968154381063,
                31.193025194365404
              ],
              [
                130.74401381920126,
                30.88783415432634
              ],
              [
                130.57931045006063,
                30.906545244414232
              ],
              [
                130.5541334481075,
                30.969977937895678
              ]
            ]
          ],
          [
            [
              [
                137.30964187095907,
                37.43265112515154
              ],
              [
                137.33492568443563,
                37.27354010220232
              ],
              [
                137.11817458580282,
                37.14577444668474
              ],
              [
                137.0137739510372,
                37.037353121001146
              ],
              [
                136.98302749107626,
                36.83360632534685
              ],
              [
                137.04532912681844,
                36.668258272368334
              ],
              [
                137.1762037606075,
                36.643066011626146
              ],
              [
                137.27591994713094,
                36.69418676968279
              ],
              [
                137.46403029869344,
                36.85367926235857
              ],
              [
                137.57181838463094,
                36.892081819731615
              ],
              [
                138.3172407479122,
                37.20550879116716
              ],
              [
                138.49203017662313,
                37.301349245268725
              ],
              [
                138.69896987388876,
                37.44820364590349
              ],
              [
                138.85615066002157,
                37.73505743618669
              ],
              [
                139.1979322762325,
                37.92043264980974
              ],
              [
                139.35387710045126,
                38.06723745938005
              ],
              [
                139.43984511802938,
                38.18843802090349
              ],
              [
                139.50393203209188,
                38.4178844320363
              ],
              [
                139.74572280357626,
                38.679584108549975
              ],
              [
                139.74141982506063,
                38.74329718228044
              ],
              [
                139.89608291099813,
                38.99850424404802
              ],
              [
                139.96793654869344,
                39.208968721587084
              ],
              [
                140.030085596545,
                39.48317679043474
              ],
              [
                140.0110884041622,
                39.69351156826677
              ],
              [
                139.86213210533407,
                39.78246649380388
              ],
              [
                139.80463698814657,
                39.890746675688646
              ],
              [
                139.91034987877157,
                39.98660620327654
              ],
              [
                139.98502639244344,
                40.11461981411638
              ],
              [
                139.91515639732626,
                40.57495459194841
              ],
              [
                140.15972426842,
                40.72901495571794
              ],
              [
                140.2391157479122,
                40.83798941250505
              ],
              [
                140.3864088387325,
                40.98550375576677
              ],
              [
                140.47280410240438,
                40.98567923184099
              ],
              [
                140.56716445396688,
                40.825831972319506
              ],
              [
                140.65697768638876,
                40.72361334438982
              ],
              [
                140.79334548424032,
                40.74948843594255
              ],
              [
                141.15255263756063,
                40.865417085844896
              ],
              [
                141.0766401619747,
                41.102138124663256
              ],
              [
                140.936823877795,
                41.1146617757863
              ],
              [
                140.77450087974813,
                41.25522574063005
              ],
              [
                141.0870161385372,
                41.44161947842302
              ],
              [
                141.28579238365438,
                41.371539674956225
              ],
              [
                141.43688491295126,
                41.26935537930193
              ],
              [
                141.44829848717,
                41.179713808257006
              ],
              [
                141.44120315025594,
                40.78918036099138
              ],
              [
                141.4671430916622,
                40.5140872823781
              ],
              [
                141.56624892662313,
                40.456718050200365
              ],
              [
                141.67560866783407,
                40.316222749907396
              ],
              [
                141.99811843345907,
                39.671989046294115
              ],
              [
                141.9985151619747,
                39.448878847319506
              ],
              [
                141.88782790611532,
                39.12996634121599
              ],
              [
                141.5685835213497,
                38.785209261137865
              ],
              [
                141.467097315295,
                38.58749350186052
              ],
              [
                141.496394190295,
                38.42189749355974
              ],
              [
                141.42873671959188,
                38.389918886382006
              ],
              [
                141.0966596932247,
                38.26184424038591
              ],
              [
                141.02447036217,
                38.2107425558156
              ],
              [
                140.95058730552938,
                38.12141378994646
              ],
              [
                140.87221816490438,
                37.91744955654802
              ],
              [
                140.88086989830282,
                37.73915060635271
              ],
              [
                140.92322829674032,
                37.62462195034685
              ],
              [
                140.98220351646688,
                37.26819952603044
              ],
              [
                140.96393874595907,
                36.95626028652849
              ],
              [
                140.65560439537313,
                36.618312441069506
              ],
              [
                140.54662612388876,
                36.287223421294115
              ],
              [
                140.55544570396688,
                35.969142519194506
              ],
              [
                140.6447553963497,
                35.835753999907396
              ],
              [
                140.83425429771688,
                35.677123628813646
              ],
              [
                140.5568647713497,
                35.5430065023488
              ],
              [
                140.4699049324825,
                35.485587679106615
              ],
              [
                140.39493850181844,
                35.40912207241716
              ],
              [
                140.31661513756063,
                35.03381689663591
              ],
              [
                139.83010390709188,
                34.835982881743334
              ],
              [
                139.78809646080282,
                34.96284445400896
              ],
              [
                139.92046645592,
                35.261901460844896
              ],
              [
                140.00289443443563,
                35.497359834868334
              ],
              [
                139.91370681236532,
                35.55441244717302
              ],
              [
                139.68267348717,
                35.44583090420427
              ],
              [
                139.42260268638876,
                35.165511690337084
              ],
              [
                139.20864394615438,
                35.16507300015154
              ],
              [
                139.0529127449825,
                35.024886690337084
              ],
              [
                139.02283767174032,
                34.68834265347185
              ],
              [
                138.86382583092,
                34.5674320089406
              ],
              [
                138.77944472740438,
                34.579948030669115
              ],
              [
                138.74982741783407,
                34.649703584868334
              ],
              [
                138.75103286217,
                34.92264898892107
              ],
              [
                138.68374160240438,
                34.99233969326677
              ],
              [
                138.5889692635372,
                34.97309073086443
              ],
              [
                138.45016005943563,
                34.9029918539113
              ],
              [
                138.29520705650594,
                34.763026796538256
              ],
              [
                138.14905837486532,
                34.5278812276906
              ],
              [
                137.75918105552938,
                34.55247076626482
              ],
              [
                137.53174880455282,
                34.52661856289568
              ],
              [
                137.2482252449825,
                34.48160894985857
              ],
              [
                137.04178908775594,
                34.72873648281755
              ],
              [
                136.73385146568563,
                34.87408789272966
              ],
              [
                136.61693862388876,
                34.759601198393725
              ],
              [
                136.58658889244344,
                34.67703207607927
              ],
              [
                136.5070600838497,
                34.51817663784685
              ],
              [
                136.52367690513876,
                34.49281271572771
              ],
              [
                136.71134475181844,
                34.40433844204607
              ],
              [
                136.89858535240438,
                34.25873144741716
              ],
              [
                136.76687148521688,
                34.16959723110857
              ],
              [
                136.39376357506063,
                34.11170538540544
              ],
              [
                136.19922927330282,
                34.00339087124529
              ],
              [
                135.99099257896688,
                33.72367437954607
              ],
              [
                135.755671534045,
                33.34231527920427
              ],
              [
                135.44600966881063,
                33.50672491665544
              ],
              [
                135.1915083260372,
                33.60141714688005
              ],
              [
                135.0629225106075,
                33.69002493496599
              ],
              [
                135.05695632408407,
                33.76618918057146
              ],
              [
                134.96924880455282,
                34.13417013760271
              ],
              [
                135.013972315295,
                34.204093538481615
              ],
              [
                135.23673537681844,
                34.35053595181169
              ],
              [
                135.31702712486532,
                34.471313081938646
              ],
              [
                135.28681472252157,
                34.5981937276906
              ],
              [
                135.20571425865438,
                34.617084108549975
              ],
              [
                134.93567946861532,
                34.54035147305193
              ],
              [
                134.78246596763876,
                34.55273779507341
              ],
              [
                134.42731765220907,
                34.62817724819841
              ],
              [
                134.21349624107626,
                34.570617281157396
              ],
              [
                134.02172378013876,
                34.46866949673357
              ],
              [
                133.8252973885372,
                34.385741792876146
              ],
              [
                133.70426467369344,
                34.429931246001146
              ],
              [
                133.58913711021688,
                34.442374788481615
              ],
              [
                132.84772780845907,
                34.26313360806169
              ],
              [
                132.4811811775997,
                34.12908514614763
              ],
              [
                132.3866529793575,
                34.268539034087084
              ],
              [
                132.18348220299032,
                34.287170015532396
              ],
              [
                131.99730971763876,
                34.09000738735857
              ],
              [
                131.99495986412313,
                33.80434378262224
              ],
              [
                131.65487197349813,
                33.91156347866716
              ],
              [
                131.39416030357626,
                33.93642386074724
              ],
              [
                130.89904311607626,
                33.90366705532732
              ],
              [
                130.77932265709188,
                33.966903291899584
              ],
              [
                130.8116255135372,
                34.1193118917531
              ],
              [
                130.89232924888876,
                34.24644049282732
              ],
              [
                131.10976699302938,
                34.24053534146013
              ],
              [
                131.33410170982626,
                34.291774355132006
              ],
              [
                131.67228225181844,
                34.501952730376146
              ],
              [
                132.66285232017782,
                35.38062628384294
              ],
              [
                132.78869155357626,
                35.38724859829607
              ],
              [
                132.980769190295,
                35.444869600493334
              ],
              [
                133.0062055916622,
                35.254149996001146
              ],
              [
                133.2286177010372,
                35.31183584805193
              ],
              [
                133.8040571541622,
                35.427482210356615
              ],
              [
                134.2235670418575,
                35.4537731039113
              ],
              [
                134.7558393807247,
                35.531173311430834
              ],
              [
                135.15697768638876,
                35.646468721587084
              ],
              [
                135.18804458092,
                35.443011842924975
              ],
              [
                135.35766128013876,
                35.32253988857927
              ],
              [
                135.4324751229122,
                35.360839449126146
              ],
              [
                135.72710708092,
                35.45048102017107
              ],
              [
                135.928034815295,
                35.60351904507341
              ],
              [
                135.92652419517782,
                35.76252707119646
              ],
              [
                135.9778852791622,
                35.97254904385271
              ],
              [
                136.18726638267782,
                36.20200308438005
              ],
              [
                136.50152114342,
                36.46351202603044
              ],
              [
                136.66849807213094,
                36.66749533291521
              ],
              [
                136.64042190025594,
                37.17027624722185
              ],
              [
                136.7218580574825,
                37.26593359585466
              ],
              [
                136.810847315295,
                37.31068380947771
              ],
              [
                137.30964187095907,
                37.43265112515154
              ]
            ]
          ],
          [
            [
              [
                132.56757644127157,
                32.63746603604021
              ],
              [
                132.46705153892782,
                32.75788076992693
              ],
              [
                132.4218550057247,
                32.929183565337084
              ],
              [
                132.34257033775594,
                33.10677298184099
              ],
              [
                132.12111953209188,
                33.34754904385271
              ],
              [
                132.44994643638876,
                33.51961477871599
              ],
              [
                132.57937148521688,
                33.640494905669115
              ],
              [
                132.78431228111532,
                33.907523714262865
              ],
              [
                132.9686842293575,
                33.79364355679216
              ],
              [
                133.24547866295126,
                33.80055960293474
              ],
              [
                133.46291640709188,
                33.88352163906755
              ],
              [
                133.6030073494747,
                34.036159120757006
              ],
              [
                133.8056440682247,
                34.17622336025896
              ],
              [
                134.0102339119747,
                34.189330660063646
              ],
              [
                134.15267470787313,
                34.113456331450365
              ],
              [
                134.54041579674032,
                34.01269873257341
              ],
              [
                134.60976699302938,
                33.898578249174975
              ],
              [
                134.564753565295,
                33.8413463460988
              ],
              [
                134.51912978599813,
                33.650817476469896
              ],
              [
                134.38769057701376,
                33.54264410610857
              ],
              [
                133.99859145592,
                33.14826925869646
              ],
              [
                133.91749099205282,
                33.24331625576677
              ],
              [
                133.72689345787313,
                33.37623556729021
              ],
              [
                133.51652053306844,
                33.39485128994646
              ],
              [
                133.24097732017782,
                33.299056612212084
              ],
              [
                133.1541548104122,
                33.21636541958513
              ],
              [
                133.04386428306844,
                32.9939456808156
              ],
              [
                132.96967605064657,
                32.76526220913591
              ],
              [
                132.900691065295,
                32.66990240688982
              ],
              [
                132.69875625084188,
                32.54885824795427
              ],
              [
                132.56757644127157,
                32.63746603604021
              ]
            ]
          ]
        ]
      }
    },
    {
      "type": "Feature",
      "properties": {
        "NAME": "Byzantine Empire",
        "ABBREVN": "Byzantine E.",
        "SUBJECTO": "Byzantine Empire",
        "BORDERPRECISION": 1,
        "PARTOF": "Byzantine Empire",
        "entity_id": "byzantine-empire",
        "name_en": "Byzantine Empire",
        "source": "historical-basemaps",
        "revision_saved_at": "2026-07-05T10:00:53.142Z"
      },
      "geometry": {
        "type": "MultiPolygon",
        "coordinates": [
          [
            [
              [
                25.872782270282734,
                36.35592882884054
              ],
              [
                25.76635112135116,
                36.33755930622052
              ],
              [
                25.713135546885383,
                36.34980613615219
              ],
              [
                25.73594222165643,
                36.38653506822634
              ],
              [
                25.789157796122215,
                36.40489303146257
              ],
              [
                25.872782270282734,
                36.35592882884054
              ]
            ]
          ],
          [
            [
              [
                25.492671024098556,
                36.42324665835019
              ],
              [
                25.492671024098556,
                36.331435169041356
              ],
              [
                25.386239875166982,
                36.319185450416924
              ],
              [
                25.31781985085383,
                36.39877419215787
              ],
              [
                25.3330243007012,
                36.45994089964729
              ],
              [
                25.37103542531962,
                36.49661778527289
              ],
              [
                25.492671024098556,
                36.42324665835019
              ]
            ]
          ],
          [
            [
              [
                25.94880451951957,
                36.91107409621058
              ],
              [
                26.024826768756405,
                36.95968659606273
              ],
              [
                26.085644568145874,
                36.89891612690345
              ],
              [
                25.956406744443257,
                36.84418129487496
              ],
              [
                25.834771145664316,
                36.78331883149609
              ],
              [
                25.751146671503797,
                36.78331883149609
              ],
              [
                25.751146671503797,
                36.81375611186905
              ],
              [
                25.857577820435367,
                36.83809722624421
              ],
              [
                25.94880451951957,
                36.91107409621058
              ]
            ]
          ],
          [
            [
              [
                24.588006258180208,
                36.86851272864293
              ],
              [
                24.67923295726441,
                36.75896029963509
              ],
              [
                24.46637065940127,
                36.649251177336765
              ],
              [
                24.29912171108023,
                36.75286945753905
              ],
              [
                24.42835953478285,
                36.79549519508755
              ],
              [
                24.588006258180208,
                36.86851272864293
              ]
            ]
          ],
          [
            [
              [
                24.876890805280183,
                36.679741640978875
              ],
              [
                24.97571972928807,
                36.637051610171376
              ],
              [
                24.94531082959334,
                36.56991946228899
              ],
              [
                24.8236752308144,
                36.637051610171376
              ],
              [
                24.8236752308144,
                36.661448812220584
              ],
              [
                24.876890805280183,
                36.679741640978875
              ]
            ]
          ],
          [
            [
              [
                25.196184252074893,
                36.673644514576154
              ],
              [
                25.10495755299069,
                36.637051610171376
              ],
              [
                25.05934420344859,
                36.618748636935905
              ],
              [
                25.044139753601222,
                36.661448812220584
              ],
              [
                25.16577535238016,
                36.74068632260297
              ],
              [
                25.196184252074893,
                36.673644514576154
              ]
            ]
          ],
          [
            [
              [
                25.29501317608278,
                36.807669623462985
              ],
              [
                25.431853224709084,
                36.6980301207178
              ],
              [
                25.386239875166982,
                36.637051610171376
              ],
              [
                25.26460427638805,
                36.704125314038706
              ],
              [
                25.241797601616994,
                36.75286945753905
              ],
              [
                25.249399826540678,
                36.75896029963509
              ],
              [
                25.29501317608278,
                36.807669623462985
              ]
            ]
          ],
          [
            [
              [
                24.44356398463022,
                37.0992747162255
              ],
              [
                24.42835953478285,
                37.20833853996449
              ],
              [
                24.534790683714423,
                37.11746294371295
              ],
              [
                24.44356398463022,
                37.0992747162255
              ]
            ]
          ],
          [
            [
              [
                24.382746185240748,
                37.570746906161986
              ],
              [
                24.261110586461815,
                37.540613155635555
              ],
              [
                24.29912171108023,
                37.66107502189996
              ],
              [
                24.39795063508812,
                37.667092994189616
              ],
              [
                24.382746185240748,
                37.570746906161986
              ]
            ]
          ],
          [
            [
              [
                24.3599395104697,
                37.30515202694268
              ],
              [
                24.3599395104697,
                37.39580161737422
              ],
              [
                24.39795063508812,
                37.46824245164144
              ],
              [
                24.48917733417232,
                37.39580161737422
              ],
              [
                24.3599395104697,
                37.30515202694268
              ]
            ]
          ],
          [
            [
              [
                25.044139753601222,
                37.377680456560746
              ],
              [
                24.84648190558545,
                37.36559724964213
              ],
              [
                24.861686355432816,
                37.52855624381453
              ],
              [
                24.94531082959334,
                37.51046722146939
              ],
              [
                25.044139753601222,
                37.377680456560746
              ]
            ]
          ],
          [
            [
              [
                25.27220650131173,
                37.56472113091166
              ],
              [
                25.469864349327505,
                37.43806729073237
              ],
              [
                25.31781985085383,
                37.40184103098311
              ],
              [
                24.922504154822285,
                37.69116000393879
              ],
              [
                24.65642628249336,
                37.901413077728705
              ],
              [
                24.76285743142493,
                38.003319956303606
              ],
              [
                25.27220650131173,
                37.56472113091166
              ]
            ]
          ],
          [
            [
              [
                24.78566410619598,
                36.947536378182036
              ],
              [
                24.67923295726441,
                36.90499535372954
              ],
              [
                24.648824057569676,
                37.014338584785854
              ],
              [
                24.71724408188283,
                37.050751425742014
              ],
              [
                24.78566410619598,
                36.947536378182036
              ]
            ]
          ],
          [
            [
              [
                25.31021762593015,
                37.00219709179456
              ],
              [
                25.112559777914374,
                36.94146054239683
              ],
              [
                24.937708604669652,
                36.95968659606273
              ],
              [
                25.15057090253279,
                37.17200141281893
              ],
              [
                25.31021762593015,
                37.19622810717101
              ],
              [
                25.31021762593015,
                37.00219709179456
              ]
            ]
          ],
          [
            [
              [
                25.60670439795381,
                37.12352471549815
              ],
              [
                25.599102173030126,
                37.026478138264174
              ],
              [
                25.545886598564337,
                36.95968659606273
              ],
              [
                25.454659899480134,
                36.9232301280182
              ],
              [
                25.36343320039593,
                37.00826808071462
              ],
              [
                25.34062652562488,
                37.087146804747654
              ],
              [
                25.378637650243302,
                37.11746294371295
              ],
              [
                25.538284373640657,
                37.220447029530426
              ],
              [
                25.60670439795381,
                37.12352471549815
              ]
            ]
          ],
          [
            [
              [
                28.469845804674875,
                36.738307558257006
              ],
              [
                28.266922983629954,
                36.71240957852068
              ],
              [
                28.014189753039133,
                36.52716406460466
              ],
              [
                27.911902460558665,
                36.69894369717302
              ],
              [
                27.941855463488352,
                36.756339632231615
              ],
              [
                28.05103972862507,
                36.83301504727068
              ],
              [
                27.998808893664133,
                36.90936621304216
              ],
              [
                27.553477320177805,
                36.91482504482927
              ],
              [
                27.308110270006907,
                36.920707308012865
              ],
              [
                27.26863006065632,
                37.04168280239763
              ],
              [
                27.525639566881907,
                37.13141211147966
              ],
              [
                27.492524179919016,
                37.2396732198781
              ],
              [
                27.364632639391672,
                37.328631960112475
              ],
              [
                27.16040709923054,
                37.36008032437029
              ],
              [
                27.122561487658274,
                37.49385031338396
              ],
              [
                27.14108565758015,
                37.64686545010271
              ],
              [
                27.17978385399128,
                37.77442892666521
              ],
              [
                27.139773401720774,
                37.889091097075365
              ],
              [
                26.961377176745188,
                37.946105562407396
              ],
              [
                26.679331812365305,
                38.104938112456225
              ],
              [
                26.512320551378977,
                38.06634863491716
              ],
              [
                26.393214258654368,
                38.104362093169115
              ],
              [
                26.391598734362375,
                38.21912726040544
              ],
              [
                26.468710932238352,
                38.44475897427263
              ],
              [
                26.52741149376179,
                38.41824301357927
              ],
              [
                26.74245170067097,
                38.27838858242693
              ],
              [
                26.997431787951243,
                38.40005835171404
              ],
              [
                26.81967452476765,
                38.52725180264177
              ],
              [
                26.828822168810618,
                38.58296164150896
              ],
              [
                26.695696863634836,
                38.640765749174975
              ],
              [
                26.70947173546101,
                38.698573671538256
              ],
              [
                26.966380152209055,
                38.76993139858904
              ],
              [
                27.03491309593464,
                38.821097933012865
              ],
              [
                27.004220041735422,
                38.884826265532396
              ],
              [
                26.93680289696003,
                38.92456396694841
              ],
              [
                26.785336527331125,
                38.940333925444506
              ],
              [
                26.789847406847727,
                39.02442511196794
              ],
              [
                26.870751413805735,
                39.055968843657396
              ],
              [
                26.79713920067097,
                39.12955816860857
              ],
              [
                26.707943949206125,
                39.182128511626146
              ],
              [
                26.70405486534382,
                39.250472627837084
              ],
              [
                26.602242502672922,
                39.255729280669115
              ],
              [
                26.720158609850657,
                39.33724936123552
              ],
              [
                26.853512796862375,
                39.46076925869646
              ],
              [
                26.926152262194407,
                39.476546846587084
              ],
              [
                26.95751861046101,
                39.54832800503435
              ],
              [
                26.804265055163157,
                39.56715353604021
              ],
              [
                26.54617789696003,
                39.51334723110857
              ],
              [
                26.13897612999226,
                39.43973883267107
              ],
              [
                26.064057383044016,
                39.45551260586443
              ],
              [
                26.08488753746296,
                39.60400732632341
              ],
              [
                26.141903910143625,
                39.660583101469896
              ],
              [
                26.14070609520222,
                39.74998053188982
              ],
              [
                26.127575907213938,
                39.878558717924975
              ],
              [
                26.18600943992878,
                39.99719580288591
              ],
              [
                26.320334467394602,
                39.99192389126482
              ],
              [
                26.403052362902415,
                40.17649038906755
              ],
              [
                26.481711420519602,
                40.187038027007006
              ],
              [
                26.765282663805735,
                40.37694128628435
              ],
              [
                26.99647429893757,
                40.371661745268725
              ],
              [
                27.05612472008015,
                40.42969473477068
              ],
              [
                27.271754297716868,
                40.45080908413591
              ],
              [
                27.329234156115305,
                40.355834566313646
              ],
              [
                27.449610743029368,
                40.30979498501482
              ],
              [
                27.52599433372761,
                40.297137819487475
              ],
              [
                27.763894114001047,
                40.28725393887224
              ],
              [
                27.830164942248118,
                40.34528311367693
              ],
              [
                27.799843821032297,
                40.403319917876146
              ],
              [
                27.67928794334675,
                40.4613529073781
              ],
              [
                27.807831797106516,
                40.50357016201677
              ],
              [
                27.953805002672922,
                40.48773916836443
              ],
              [
                28.006459269030344,
                40.45080908413591
              ],
              [
                27.90821746300007,
                40.35055502529802
              ],
              [
                28.003991159899485,
                40.36212881680193
              ],
              [
                28.477719339831125,
                40.39510305996599
              ],
              [
                28.756440195544016,
                40.37645300503435
              ],
              [
                28.92675689171101,
                40.355834566313646
              ],
              [
                29.052424463732493,
                40.33473166104021
              ],
              [
                29.12228682945515,
                40.413871370512865
              ],
              [
                29.083527597887766,
                40.45607718105974
              ],
              [
                28.87321570823933,
                40.471908174712084
              ],
              [
                28.777958902819407,
                40.524676881987475
              ],
              [
                28.901621851427805,
                40.62010534878435
              ],
              [
                29.525197061999094,
                40.68828924771013
              ],
              [
                29.713147196276438,
                40.693561159331225
              ],
              [
                29.882718119128,
                40.746356569487475
              ],
              [
                29.68344596336628,
                40.7516361105031
              ],
              [
                29.417172464831125,
                40.741073213774584
              ],
              [
                29.320355448229563,
                40.741073213774584
              ],
              [
                29.289643320544016,
                40.806686006743334
              ],
              [
                29.01453307579304,
                40.97867163296404
              ],
              [
                29.16120818565632,
                41.21636541958513
              ],
              [
                29.577780756457102,
                41.153365694243334
              ],
              [
                30.137623819811594,
                41.131835542876146
              ],
              [
                30.256087336046946,
                41.18466528530779
              ],
              [
                30.74480536888386,
                41.04032477017107
              ],
              [
                31.217682871325266,
                41.05409201260271
              ],
              [
                31.404126200182688,
                41.163539491850756
              ],
              [
                31.38566688011433,
                41.28504141445818
              ],
              [
                31.66638854454304,
                41.3948131429738
              ],
              [
                31.871287378771555,
                41.49144323940935
              ],
              [
                32.418982538683665,
                41.74916800137224
              ],
              [
                32.687911066515696,
                41.845973573882006
              ],
              [
                33.15546325157429,
                41.94960745449724
              ],
              [
                33.55554107139851,
                41.982501589018725
              ],
              [
                33.89665511558796,
                41.95108374233904
              ],
              [
                34.30390075157429,
                41.89411886807146
              ],
              [
                34.66290954063679,
                41.87558325405779
              ],
              [
                34.491863347059976,
                40.91709509455431
              ],
              [
                31.983906489737542,
                39.663116665893085
              ],
              [
                30.729928061076322,
                39.663116665893085
              ],
              [
                30.59059712455841,
                37.78214902290126
              ],
              [
                29.00225165794636,
                36.69479712124529
              ],
              [
                28.813527140124094,
                36.535155855376146
              ],
              [
                28.469845804674875,
                36.738307558257006
              ]
            ]
          ],
          [
            [
              [
                27.836163553698313,
                42.7355228292531
              ],
              [
                27.654044184191477,
                42.68373831387224
              ],
              [
                27.501950296862375,
                42.51634558315935
              ],
              [
                27.494702372057688,
                42.40090139980974
              ],
              [
                27.607871088488352,
                42.41677816982927
              ],
              [
                27.72253325889851,
                42.316215120512865
              ],
              [
                27.737710031969797,
                42.247001253325365
              ],
              [
                27.913407358629954,
                42.07810171719255
              ],
              [
                27.917952570421946,
                41.97767218228044
              ],
              [
                28.026202234728586,
                41.882384859282396
              ],
              [
                28.018178019030344,
                41.75320776577654
              ],
              [
                28.06983855675007,
                41.62496908779802
              ],
              [
                28.104397806628,
                41.59297140713396
              ],
              [
                28.371457132799875,
                41.43312796230974
              ],
              [
                28.74022201011921,
                41.324828706938646
              ],
              [
                29.012368235094797,
                41.25483282681169
              ],
              [
                29.081099543078196,
                41.20051153774919
              ],
              [
                28.964453730089915,
                40.98923834438982
              ],
              [
                28.82780745933796,
                40.914699159819506
              ],
              [
                28.59615043113972,
                40.946986757475756
              ],
              [
                28.17331412742878,
                41.05789526577654
              ],
              [
                28.02636817405964,
                41.02620657559099
              ],
              [
                27.93218329857136,
                40.95754965420427
              ],
              [
                27.47416976402546,
                40.96283300991716
              ],
              [
                27.313046488268625,
                40.78991278286638
              ],
              [
                27.263756784899485,
                40.66717108364763
              ],
              [
                26.888926538927805,
                40.524676881987475
              ],
              [
                26.61357215355183,
                40.39804037686052
              ],
              [
                26.513939890368235,
                40.281974397856615
              ],
              [
                26.375863108141672,
                40.21340902920427
              ],
              [
                26.255158457262766,
                40.081561647612475
              ],
              [
                26.140885385973704,
                40.04465445156755
              ],
              [
                26.214289698107493,
                40.16066702480974
              ],
              [
                26.222796473009836,
                40.223956667143725
              ],
              [
                26.194821390612375,
                40.30307348843279
              ],
              [
                26.457545313341868,
                40.4349742757863
              ],
              [
                26.55647757957722,
                40.498290621001146
              ],
              [
                26.454838785631907,
                40.584308229643725
              ],
              [
                26.418061289294016,
                40.57782324429216
              ],
              [
                26.124041590197336,
                40.60284765835466
              ],
              [
                26.02072432945515,
                40.66932257290544
              ],
              [
                25.992875132067454,
                40.85245855923357
              ],
              [
                25.635705027086985,
                40.87737616177263
              ],
              [
                25.30111411522175,
                40.89594229336443
              ],
              [
                25.046317133410227,
                40.95227392788591
              ],
              [
                25.018929514391672,
                41.01714666958513
              ],
              [
                24.812115702135813,
                40.93342169399919
              ],
              [
                24.70066359947468,
                40.878341280180834
              ],
              [
                24.519127878649485,
                40.873065553862475
              ],
              [
                24.504952463610422,
                40.984069429594896
              ],
              [
                24.35430243919636,
                40.97096212979021
              ],
              [
                24.219058069689524,
                40.82968481655779
              ],
              [
                24.025155100329172,
                40.74636038418474
              ],
              [
                23.88595298240925,
                40.732894502837084
              ],
              [
                23.748394999010813,
                40.80443152065935
              ],
              [
                23.63469794700886,
                40.7727542745656
              ],
              [
                23.632977518542063,
                40.71316870327654
              ],
              [
                23.709055933459055,
                40.63003500576677
              ],
              [
                23.785174402697336,
                40.477191530424975
              ],
              [
                23.923703226549875,
                40.45080908413591
              ],
              [
                24.295352015002024,
                40.17649038906755
              ],
              [
                24.22063544700886,
                40.14484747524919
              ],
              [
                24.054778131945383,
                40.260882936674975
              ],
              [
                24.04777816246296,
                40.30835684414568
              ],
              [
                23.923533472521555,
                40.34528311367693
              ],
              [
                23.77477363060261,
                40.39276465054216
              ],
              [
                23.72216895530964,
                40.34824331875505
              ],
              [
                23.627234491808665,
                40.34528311367693
              ],
              [
                23.65880111168171,
                40.28726156826677
              ],
              [
                23.651745829088938,
                40.22922857876482
              ],
              [
                23.80366424034382,
                40.15539129849138
              ],
              [
                23.86865905235554,
                40.16067465420427
              ],
              [
                23.920109781725657,
                40.05519827480974
              ],
              [
                23.90661719749714,
                39.99719580288591
              ],
              [
                23.796032938463938,
                39.986651979643725
              ],
              [
                23.595772776110422,
                40.19231756802263
              ],
              [
                23.442486795885813,
                40.255607210356615
              ],
              [
                23.349078211291086,
                40.28197821255388
              ],
              [
                23.291760477526438,
                40.28726156826677
              ],
              [
                23.29313949058796,
                40.245055757719896
              ],
              [
                23.259058985216868,
                40.22922857876482
              ],
              [
                23.321034464342844,
                40.15539129849138
              ],
              [
                23.366839441759836,
                40.107928835112475
              ],
              [
                23.436467203600657,
                40.04465445156755
              ],
              [
                23.5233488411739,
                40.01828726406755
              ],
              [
                23.592185053332102,
                40.00246389980974
              ],
              [
                23.63858512352253,
                39.96034201260271
              ],
              [
                23.59689048240925,
                39.93405493374529
              ],
              [
                23.374392542345774,
                39.95508917446794
              ],
              [
                23.2605257363155,
                39.970870577055834
              ],
              [
                23.276309046252024,
                40.04992254849138
              ],
              [
                23.214777979357493,
                40.18176611538591
              ],
              [
                23.1411409706905,
                40.26615484829607
              ],
              [
                22.960160288317454,
                40.31470831509294
              ],
              [
                22.748055490954172,
                40.482467256743334
              ],
              [
                22.863902124865305,
                40.53522833462419
              ],
              [
                22.87546256492878,
                40.59632452603044
              ],
              [
                22.851946863634836,
                40.65133627529802
              ],
              [
                22.769967112047922,
                40.66717108364763
              ],
              [
                22.701254877550852,
                40.57744940396013
              ],
              [
                22.49206641624714,
                40.498290621001146
              ],
              [
                22.602265390856516,
                40.39723929043474
              ],
              [
                22.48961738060261,
                40.23052557583513
              ],
              [
                22.467362436754954,
                40.11848028774919
              ],
              [
                22.525612864001047,
                40.064166628081225
              ],
              [
                22.55512908409382,
                39.986651979643725
              ],
              [
                22.695097956164133,
                39.83448370571794
              ],
              [
                22.754473719103586,
                39.81834753628435
              ],
              [
                22.813431772692454,
                39.602740846831225
              ],
              [
                23.074168238146555,
                39.413451753813646
              ],
              [
                23.23608497093464,
                39.20315893765154
              ],
              [
                23.158499750597727,
                39.14007910366716
              ],
              [
                23.051917108996165,
                39.10328634854021
              ],
              [
                23.09980681846882,
                39.18738516445818
              ],
              [
                23.045252832873118,
                39.27149923916521
              ],
              [
                22.981301340563547,
                39.329330049712084
              ],
              [
                22.91898635338093,
                39.34510382290544
              ],
              [
                22.850853952868235,
                39.36613043423357
              ],
              [
                22.720257791979563,
                39.2872691976613
              ],
              [
                22.76605895469929,
                39.20278891201677
              ],
              [
                22.834883722765696,
                39.16636236782732
              ],
              [
                22.871062311632883,
                39.02434881802263
              ],
              [
                22.7842130989864,
                38.940333925444506
              ],
              [
                22.49049857567097,
                38.87685354824724
              ],
              [
                22.602313074572336,
                38.8562389242238
              ],
              [
                22.723288568957102,
                38.793170534331225
              ],
              [
                22.89937308738972,
                38.766891084868334
              ],
              [
                22.984231028063547,
                38.6670413839406
              ],
              [
                23.099801096422922,
                38.67229803677263
              ],
              [
                23.169491800768625,
                38.6670413839406
              ],
              [
                23.190995249254954,
                38.610343538481615
              ],
              [
                23.356156382067454,
                38.489501558501146
              ],
              [
                23.493844065172922,
                38.48313101406755
              ],
              [
                23.55576613853718,
                38.351764284331225
              ],
              [
                23.682751688463938,
                38.34651144619646
              ],
              [
                23.80394843529011,
                38.34651144619646
              ],
              [
                23.960743936999094,
                38.20991476650896
              ],
              [
                23.966990503771555,
                38.15213354702654
              ],
              [
                23.88002494285847,
                38.115356050688646
              ],
              [
                23.987299952013743,
                37.763427339751146
              ],
              [
                23.918181452257883,
                37.68464239712419
              ],
              [
                23.835513147814524,
                37.68464239712419
              ],
              [
                23.73368361900593,
                37.85785635586443
              ],
              [
                23.63414863060261,
                37.87897833462419
              ],
              [
                23.540715250475657,
                38.00410040493669
              ],
              [
                23.49570182274128,
                38.06807669277849
              ],
              [
                23.41925719688679,
                38.06807669277849
              ],
              [
                23.19584182213093,
                38.00503882046404
              ],
              [
                22.980614695055735,
                37.95776709194841
              ],
              [
                22.89805701683308,
                37.899989687163256
              ],
              [
                23.039967569811594,
                37.85796698208513
              ],
              [
                23.045392069323313,
                37.773578249174975
              ],
              [
                23.04887488792683,
                37.642631136137865
              ],
              [
                23.151383432848704,
                37.59012182827654
              ],
              [
                23.22054770897175,
                37.601825319487475
              ],
              [
                23.321707758410227,
                37.637382112700365
              ],
              [
                23.312159571154368,
                37.54810675259294
              ],
              [
                23.4181242317989,
                37.46934088345232
              ],
              [
                23.184979471667063,
                37.427333437163256
              ],
              [
                23.18579200218464,
                37.37482794399919
              ],
              [
                23.10956481407429,
                37.34664114590349
              ],
              [
                22.970976862414133,
                37.38532217617693
              ],
              [
                23.025345835192454,
                37.479842745024584
              ],
              [
                22.942069086535227,
                37.518390260893725
              ],
              [
                22.7132902474239,
                37.54343374844255
              ],
              [
                22.642317804796946,
                37.584865175444506
              ],
              [
                22.638745340807688,
                37.49228628750505
              ],
              [
                22.726239237292063,
                37.28850897427263
              ],
              [
                22.813349756701243,
                37.212054811674975
              ],
              [
                22.793108973009836,
                37.13855703945818
              ],
              [
                22.88688758323933,
                37.0466800558156
              ],
              [
                22.982552561266672,
                36.61475332852068
              ],
              [
                22.673554453356516,
                36.75428351040544
              ],
              [
                22.5244474739864,
                36.722125612456225
              ],
              [
                22.390296015246165,
                36.524371706206225
              ],
              [
                22.19140723655964,
                36.85523565884294
              ],
              [
                21.98417190025593,
                37.02048071499529
              ],
              [
                21.780915293200266,
                36.82254370327654
              ],
              [
                21.5881681771114,
                36.98144110317888
              ],
              [
                21.531443628771555,
                37.11514624233904
              ],
              [
                21.62650016258503,
                37.306518160063646
              ],
              [
                21.61370757530476,
                37.414847933012865
              ],
              [
                21.51731399009968,
                37.535758577544115
              ],
              [
                21.296347650988352,
                37.72654303188982
              ],
              [
                21.22113135765339,
                37.828395448882006
              ],
              [
                21.228430780871165,
                37.904906831938646
              ],
              [
                21.440451654894602,
                38.17951544399919
              ],
              [
                21.714499506457102,
                38.13544043179216
              ],
              [
                21.905766520006907,
                38.26973684902849
              ],
              [
                21.996687921984446,
                38.2507816183156
              ],
              [
                22.747214350207102,
                37.95260580654802
              ],
              [
                22.89865592430378,
                37.99755438442888
              ],
              [
                23.116345438463938,
                38.157394014555834
              ],
              [
                22.996743235094797,
                38.17934378262224
              ],
              [
                22.875638041003,
                38.20460089321794
              ],
              [
                22.33374122093464,
                38.42670782681169
              ],
              [
                21.826472315294993,
                38.46395834561052
              ],
              [
                21.661257776720774,
                38.438109956938646
              ],
              [
                21.36445525596882,
                38.412005983549975
              ],
              [
                21.17240432213093,
                38.347838960844896
              ],
              [
                20.77183059166218,
                38.85093268032732
              ],
              [
                20.89259818504597,
                38.895831667143725
              ],
              [
                21.006508860094797,
                38.870544038969896
              ],
              [
                21.104685816271555,
                38.92177542324724
              ],
              [
                21.159516367419016,
                39.00482519741716
              ],
              [
                21.007184061510813,
                39.11298712368669
              ],
              [
                20.901148828966868,
                39.061732851225756
              ],
              [
                20.677752527697336,
                39.08042486782732
              ],
              [
                20.211808237536204,
                39.404925905424975
              ],
              [
                20.12238219688679,
                39.551009737212084
              ],
              [
                20.090828928454172,
                39.602531038481615
              ],
              [
                20.028559717638743,
                39.813781343657396
              ],
              [
                19.80364898155476,
                40.01696356411638
              ],
              [
                19.36906722496296,
                40.260280214507006
              ],
              [
                19.380225214464915,
                40.32358130093279
              ],
              [
                19.483712229235422,
                40.295890413481615
              ],
              [
                19.494483026964915,
                40.40271719570818
              ],
              [
                19.339222940905344,
                40.588737093169115
              ],
              [
                19.5272550911739,
                40.865890108305834
              ],
              [
                19.445403131945383,
                40.964896761137865
              ],
              [
                19.529950174792063,
                41.218444429594896
              ],
              [
                19.41699126671101,
                41.3452525960988
              ],
              [
                19.49891570518757,
                41.523620210844896
              ],
              [
                19.61938384483601,
                41.55930288906755
              ],
              [
                19.606965097887766,
                41.76153906460466
              ],
              [
                20.70533450832162,
                42.81377044835897
              ],
              [
                21.4889942875285,
                42.87907542995954
              ],
              [
                24.297108496353133,
                42.030110669152094
              ],
              [
                26.060342999568604,
                42.09541565075267
              ],
              [
                26.582782852373185,
                41.83419572435038
              ],
              [
                26.64808783397376,
                42.55255052195668
              ],
              [
                27.887320551378977,
                43.0635257589406
              ],
              [
                27.86990836571003,
                42.79987677212419
              ],
              [
                27.836163553698313,
                42.7355228292531
              ]
            ]
          ],
          [
            [
              [
                24.690066370470774,
                35.09244116421404
              ],
              [
                24.324357065661204,
                35.207789980132006
              ],
              [
                24.01319793175007,
                35.210414491850756
              ],
              [
                23.785594019396555,
                35.26285132046404
              ],
              [
                23.56772330711628,
                35.25498160000505
              ],
              [
                23.513134989245188,
                35.275958620268725
              ],
              [
                23.46688559959675,
                35.31790503140154
              ],
              [
                23.52943900535847,
                35.569625459868334
              ],
              [
                23.671465906603586,
                35.572249971587084
              ],
              [
                23.66908744285847,
                35.61158331509294
              ],
              [
                23.66513350914265,
                35.66665609951677
              ],
              [
                23.69665625999714,
                35.69812353726091
              ],
              [
                23.73367789696003,
                35.627318941313646
              ],
              [
                23.742875132067454,
                35.561759554106615
              ],
              [
                23.879452738268625,
                35.5524173605031
              ],
              [
                23.956812891466868,
                35.52767141934099
              ],
              [
                24.039004358752024,
                35.561759554106615
              ],
              [
                24.03326323936726,
                35.59847220059099
              ],
              [
                24.081856760485422,
                35.61158331509294
              ],
              [
                24.15267661522175,
                35.5643802511281
              ],
              [
                24.13581756065632,
                35.522426210600756
              ],
              [
                24.091456446154368,
                35.519801698882006
              ],
              [
                24.07332328270222,
                35.49620398159685
              ],
              [
                24.113204035265696,
                35.485717378813646
              ],
              [
                24.177744898302805,
                35.46998556729021
              ],
              [
                24.219702753527415,
                35.449000917632006
              ],
              [
                24.229603800280344,
                35.39131888027849
              ],
              [
                24.388283762438547,
                35.37296637173357
              ],
              [
                24.768567118151438,
                35.4280277120656
              ],
              [
                24.997481379015696,
                35.421020113188646
              ],
              [
                25.013600382311594,
                35.362479768950365
              ],
              [
                25.10009101341511,
                35.34674795742693
              ],
              [
                25.374018702013743,
                35.31790503140154
              ],
              [
                25.511635813219797,
                35.294765077788256
              ],
              [
                25.673207315905344,
                35.34936865444841
              ],
              [
                25.7135343880489,
                35.327010713774584
              ],
              [
                25.668467554552805,
                35.186820589262865
              ],
              [
                25.741803202135813,
                35.13700445767107
              ],
              [
                25.7889738411739,
                35.13700445767107
              ],
              [
                25.93549254844929,
                35.21303518887224
              ],
              [
                26.064152750475657,
                35.239249788481615
              ],
              [
                26.09935286949421,
                35.21564825649919
              ],
              [
                26.168826136095774,
                35.2471080648488
              ],
              [
                26.273509058459055,
                35.3126598226613
              ],
              [
                26.236044916613352,
                35.22876318569841
              ],
              [
                26.242667231066477,
                35.14487417813005
              ],
              [
                26.160485300524485,
                35.024283968169115
              ],
              [
                25.89868071983601,
                35.04525717373552
              ],
              [
                25.741736444933665,
                35.00885351772966
              ],
              [
                25.590724024279368,
                35.016418062407396
              ],
              [
                24.69346717308308,
                34.94047125454607
              ],
              [
                24.71563819359089,
                35.03477057095232
              ],
              [
                24.690066370470774,
                35.09244116421404
              ]
            ]
          ],
          [
            [
              [
                23.014345698977706,
                38.961408842619434
              ],
              [
                23.242412446688213,
                39.04411813294447
              ],
              [
                23.409661395009252,
                38.943672845059965
              ],
              [
                23.78977264119343,
                38.71863293758614
              ],
              [
                24.131872762759194,
                38.65335708482884
              ],
              [
                24.207895011996026,
                38.5523591317064
              ],
              [
                24.291519486156545,
                38.19476089687233
              ],
              [
                24.588006258180208,
                38.15292605377605
              ],
              [
                24.527188458790736,
                37.967368965721576
              ],
              [
                24.3143261609276,
                37.98534666287396
              ],
              [
                24.192690562148663,
                38.15292605377605
              ],
              [
                24.02544161382762,
                38.38569989188942
              ],
              [
                23.660534817490806,
                38.40357465937644
              ],
              [
                23.59971701810134,
                38.45717244335585
              ],
              [
                23.63772814271976,
                38.52262680680808
              ],
              [
                23.462876969475033,
                38.62366656002873
              ],
              [
                23.120776847909273,
                38.86676557896794
              ],
              [
                22.869903425427715,
                38.83716368115139
              ],
              [
                23.014345698977706,
                38.961408842619434
              ]
            ]
          ]
        ]
      }
    },
    {
      "id": "9e3494e0c435c1217cc2c2dc1813240b",
      "type": "Feature",
      "properties": {
        "NAME": "Grand Duchy of Moscow",
        "ABBREVN": "Muscovy",
        "SUBJECTO": "Grand Duchy of Moscow",
        "BORDERPRECISION": 1,
        "PARTOF": "Grand Duchy of Moscow",
        "entity_id": "moscow",
        "name_en": "Grand Duchy of Moscow",
        "source": "historical-basemaps",
        "clipped_by": [
          "vladimir-suzdal"
        ],
        "revision_saved_at": "2026-07-05T10:00:53.142Z"
      },
      "geometry": {
        "coordinates": [
          [
            [
              36.34620213324689,
              56.61112306038615
            ],
            [
              36.98114829531505,
              55.895352217783845
            ],
            [
              37.15919405903897,
              55.40918656855406
            ],
            [
              37.78629712386593,
              55.35896290660426
            ],
            [
              37.8124885559082,
              55.36180877685547
            ],
            [
              37.84450149536133,
              55.498252868652344
            ],
            [
              38.29768233499002,
              55.60916529723311
            ],
            [
              38.4137361777882,
              55.68166079458724
            ],
            [
              38.4354133605957,
              55.77145767211914
            ],
            [
              38.42457476919195,
              55.776118609712434
            ],
            [
              38.42457476919195,
              55.870896658445176
            ],
            [
              38.31197683350376,
              55.8444354505353
            ],
            [
              38.33517333781222,
              55.96443644953527
            ],
            [
              38.16678237915039,
              56.11355972290039
            ],
            [
              37.84767150878906,
              56.25059127807617
            ],
            [
              37.79916000366211,
              57.14401626586914
            ],
            [
              37.283103942871094,
              57.21294021606445
            ],
            [
              37.072513580322266,
              57.07511901855469
            ],
            [
              36.80635070800781,
              57.07511901855469
            ],
            [
              36.66921615600586,
              56.86860656738281
            ],
            [
              36.34620213324689,
              56.80857334643753
            ],
            [
              36.34620213324689,
              56.61112306038615
            ]
          ]
        ],
        "type": "Polygon"
      }
    },
    {
      "type": "Feature",
      "properties": {
        "NAME": "Denmark",
        "ABBREVN": "Denmark",
        "SUBJECTO": "Denmark",
        "BORDERPRECISION": 1,
        "PARTOF": "Denmark",
        "entity_id": "denmark",
        "name_en": "Denmark",
        "source": "historical-basemaps",
        "revision_saved_at": "2026-07-05T10:00:53.142Z"
      },
      "geometry": {
        "type": "MultiPolygon",
        "coordinates": [
          [
            [
              [
                24.029559168322336,
                59.23541601772966
              ],
              [
                24.281945261461985,
                59.28414114590349
              ],
              [
                24.34156707237507,
                59.368880830962084
              ],
              [
                24.537568125231516,
                59.323409639555834
              ],
              [
                24.57092383812214,
                59.374328218657396
              ],
              [
                24.71381286094929,
                59.351832948882006
              ],
              [
                24.75122168968464,
                59.44846304531755
              ],
              [
                25.24829009483601,
                59.36179693813982
              ],
              [
                25.448794397814524,
                59.49396093960466
              ],
              [
                25.489993128283274,
                59.420043550688646
              ],
              [
                25.721121820910227,
                59.45984228726091
              ],
              [
                26.343258890612375,
                59.446647249419115
              ],
              [
                26.861901316149485,
                59.371749483305834
              ],
              [
                26.99901679466511,
                59.31772955532732
              ],
              [
                27.265091928942454,
                59.33804281826677
              ],
              [
                27.702038797838938,
                59.297504030424975
              ],
              [
                27.663288210999713,
                58.95605697043894
              ],
              [
                26.546285625628208,
                58.66271956910061
              ],
              [
                26.458204484654857,
                59.11780840527421
              ],
              [
                25.313149652001265,
                59.151698987422826
              ],
              [
                24.52041938324108,
                58.708498299585365
              ],
              [
                23.948000017243686,
                59.16888370404382
              ],
              [
                24.032107386095774,
                59.17574270840349
              ],
              [
                24.029559168322336,
                59.23541601772966
              ]
            ]
          ],
          [
            [
              [
                10.401182207567942,
                57.505878053862475
              ],
              [
                10.450728449328196,
                57.45803030605974
              ],
              [
                10.462837252123606,
                57.24166067715349
              ],
              [
                10.333290132982981,
                57.17146261807146
              ],
              [
                10.256552729113352,
                57.005912386137865
              ],
              [
                9.503004106982004,
                56.975062929350756
              ],
              [
                9.333761248095286,
                57.02273901577654
              ],
              [
                9.141241106493723,
                57.008712373930834
              ],
              [
                9.078547510607493,
                57.036761842924975
              ],
              [
                8.970880541308176,
                57.000297151762865
              ],
              [
                8.847024950487864,
                56.98628195400896
              ],
              [
                8.778081926806223,
                56.798480592924975
              ],
              [
                8.665981325609934,
                56.700458131987475
              ],
              [
                8.50712111900593,
                56.6472659933156
              ],
              [
                8.470928225023997,
                56.596889101225756
              ],
              [
                8.36822894523884,
                56.66685827847185
              ],
              [
                8.183486971361887,
                56.798480592924975
              ],
              [
                8.358873400194895,
                57.02273901577654
              ],
              [
                8.534035715563547,
                57.140582643706225
              ],
              [
                8.661300692065012,
                57.10409887905779
              ],
              [
                8.95985892723347,
                57.13216360684099
              ],
              [
                9.302420649035227,
                57.16584356899919
              ],
              [
                9.448685678942454,
                57.22761496182146
              ],
              [
                9.849259409411204,
                57.581786714751146
              ],
              [
                10.289521250231516,
                57.671859346587084
              ],
              [
                10.390136751635325,
                57.66059454556169
              ],
              [
                10.479459795458567,
                57.75913199063005
              ],
              [
                10.558055910570872,
                57.74505194302263
              ],
              [
                10.401182207567942,
                57.505878053862475
              ]
            ]
          ],
          [
            [
              [
                8.183429750902903,
                56.43146475430193
              ],
              [
                8.308830294115793,
                56.479205690581225
              ],
              [
                8.452236208422434,
                56.41160162563982
              ],
              [
                8.674888643725168,
                56.357745729643725
              ],
              [
                8.868578943712961,
                56.61611136074724
              ],
              [
                9.002701792223704,
                56.657157503325365
              ],
              [
                9.135852846606028,
                56.46041830654802
              ],
              [
                9.311874422533762,
                56.481124483305834
              ],
              [
                9.32206252525593,
                56.71893652554216
              ],
              [
                9.370146784289133,
                56.88226660366716
              ],
              [
                9.834623369677317,
                56.8899417745656
              ],
              [
                10.216188463671457,
                56.84984930630388
              ],
              [
                10.229683908922922,
                56.60512503262224
              ],
              [
                10.313760790331614,
                56.469474397856615
              ],
              [
                10.825824770434153,
                56.443290315825365
              ],
              [
                10.88867572258259,
                56.36874731655779
              ],
              [
                10.750668558581125,
                56.097282015044115
              ],
              [
                10.496092829211008,
                56.03362616177263
              ],
              [
                10.442480120165598,
                56.15090139980974
              ],
              [
                10.293446573717844,
                56.137069307524584
              ],
              [
                10.175156626208079,
                56.07587393398943
              ],
              [
                10.22987845848347,
                55.950893007475756
              ],
              [
                10.14714625786091,
                55.764892183501146
              ],
              [
                10.007120165331614,
                55.73038824673357
              ],
              [
                9.975747141344797,
                55.62034948940935
              ],
              [
                9.690073046190989,
                55.60486563320818
              ],
              [
                9.738321065656145,
                55.534428382081465
              ],
              [
                9.749,
                55.54
              ],
              [
                9.813,
                55.547
              ],
              [
                9.824,
                55.547
              ],
              [
                9.832,
                55.545
              ],
              [
                9.835,
                55.54
              ],
              [
                9.835,
                55.527
              ],
              [
                9.838,
                55.522
              ],
              [
                9.843,
                55.519
              ],
              [
                9.856,
                55.512
              ],
              [
                9.865,
                55.51
              ],
              [
                9.883,
                55.506
              ],
              [
                9.895,
                55.506
              ],
              [
                9.905,
                55.506
              ],
              [
                9.922,
                55.51
              ],
              [
                9.936,
                55.515
              ],
              [
                10,
                55.541
              ],
              [
                10.074,
                55.557
              ],
              [
                10.125,
                55.568
              ],
              [
                10.149,
                55.574
              ],
              [
                10.165,
                55.579
              ],
              [
                10.178,
                55.584
              ],
              [
                10.213,
                55.599
              ],
              [
                10.29,
                55.615
              ],
              [
                10.299,
                55.617
              ],
              [
                10.31,
                55.617
              ],
              [
                10.327,
                55.612
              ],
              [
                10.399,
                55.589
              ],
              [
                10.406,
                55.586
              ],
              [
                10.485,
                55.532
              ],
              [
                10.474,
                55.515
              ],
              [
                10.452,
                55.482
              ],
              [
                10.445,
                55.479
              ],
              [
                10.428,
                55.468
              ],
              [
                10.422,
                55.464
              ],
              [
                10.416,
                55.453
              ],
              [
                10.418,
                55.447
              ],
              [
                10.42,
                55.442
              ],
              [
                10.426,
                55.439
              ],
              [
                10.437,
                55.438
              ],
              [
                10.469,
                55.437
              ],
              [
                10.479,
                55.438
              ],
              [
                10.6,
                55.483
              ],
              [
                10.606,
                55.486
              ],
              [
                10.609,
                55.492
              ],
              [
                10.614,
                55.519
              ],
              [
                10.617,
                55.564
              ],
              [
                10.613,
                55.592
              ],
              [
                10.607,
                55.602
              ],
              [
                10.603,
                55.607
              ],
              [
                10.611,
                55.617
              ],
              [
                10.614,
                55.619
              ],
              [
                10.619,
                55.619
              ],
              [
                10.627,
                55.617
              ],
              [
                10.634,
                55.61
              ],
              [
                10.658,
                55.59
              ],
              [
                10.662,
                55.585
              ],
              [
                10.744,
                55.497
              ],
              [
                10.747,
                55.491
              ],
              [
                10.745,
                55.482
              ],
              [
                10.791,
                55.363
              ],
              [
                10.828,
                55.307
              ],
              [
                10.835,
                55.294
              ],
              [
                10.834,
                55.29
              ],
              [
                10.816,
                55.205
              ],
              [
                10.812,
                55.186
              ],
              [
                10.786,
                55.128
              ],
              [
                10.783,
                55.122
              ],
              [
                10.779,
                55.118
              ],
              [
                10.74,
                55.067
              ],
              [
                10.733,
                55.064
              ],
              [
                10.726,
                55.062
              ],
              [
                10.666,
                55.061
              ],
              [
                10.627,
                55.061
              ],
              [
                10.616,
                55.061
              ],
              [
                10.599,
                55.058
              ],
              [
                10.584,
                55.053
              ],
              [
                10.529,
                55.029
              ],
              [
                10.519,
                55.029
              ],
              [
                10.498,
                55.029
              ],
              [
                10.153,
                55.084
              ],
              [
                10.135,
                55.117
              ],
              [
                10.151,
                55.122
              ],
              [
                10.154,
                55.127
              ],
              [
                10.153,
                55.133
              ],
              [
                10.15,
                55.137
              ],
              [
                10.119,
                55.179
              ],
              [
                10.108,
                55.186
              ],
              [
                10.099,
                55.188
              ],
              [
                10.006,
                55.193
              ],
              [
                9.897,
                55.28
              ],
              [
                9.897,
                55.286
              ],
              [
                9.888,
                55.337
              ],
              [
                9.887,
                55.342
              ],
              [
                9.811,
                55.437
              ],
              [
                9.768,
                55.467
              ],
              [
                9.729,
                55.474
              ],
              [
                9.704480526428771,
                55.483473432970705
              ],
              [
                9.630183252794993,
                55.45940741177263
              ],
              [
                9.543865236742747,
                55.35126455898943
              ],
              [
                9.516561541064036,
                55.223067842680834
              ],
              [
                9.517821344836008,
                55.128680788237475
              ],
              [
                9.421020540697825,
                54.97648199673357
              ],
              [
                9.495982202990305,
                54.938293062407396
              ],
              [
                9.610262903673899,
                54.8800426351613
              ],
              [
                9.864443811877024,
                54.72629126187029
              ],
              [
                9.98668769310261,
                54.5924449789113
              ],
              [
                9.97801021049763,
                54.49014624233904
              ],
              [
                9.864808115465891,
                54.41139944668474
              ],
              [
                10.064928087694895,
                54.43389471646013
              ],
              [
                10.141728434069407,
                54.33675345059099
              ],
              [
                9.884802784904497,
                54.2541031475196
              ],
              [
                9.826653504744447,
                54.27590912757962
              ],
              [
                9.739429584504371,
                54.27590912757962
              ],
              [
                9.674011644324317,
                54.188685207339546
              ],
              [
                9.448683183704123,
                54.188685207339546
              ],
              [
                9.441414523684116,
                54.2468344874996
              ],
              [
                9.29604132328399,
                54.2468344874996
              ],
              [
                9.25969802318396,
                54.30498376765964
              ],
              [
                9.216086063063923,
                54.29044644761963
              ],
              [
                9.16520544292388,
                54.319521087699655
              ],
              [
                9.136130802843853,
                54.29771510763964
              ],
              [
                9.056175542623786,
                54.34859572777968
              ],
              [
                8.961682962363703,
                54.27590912757962
              ],
              [
                8.884012255175364,
                54.229449831206225
              ],
              [
                8.580725702746165,
                54.19368704434099
              ],
              [
                8.553946527941477,
                54.2754398214406
              ],
              [
                8.852422747118723,
                54.331649385649584
              ],
              [
                8.950601610644114,
                54.41855581875505
              ],
              [
                8.742068323595774,
                54.60780295010271
              ],
              [
                8.595986399157297,
                54.761352144438646
              ],
              [
                8.616097483141672,
                54.88736303921404
              ],
              [
                8.645074877245676,
                55.06904562588396
              ],
              [
                8.559559854967844,
                55.356124483305834
              ],
              [
                8.481338533861887,
                55.34923895474138
              ],
              [
                8.318970713122141,
                55.48107489224138
              ],
              [
                8.214038881762278,
                55.3985973226613
              ],
              [
                8.034566912157786,
                55.47591360684099
              ],
              [
                8.125073465807688,
                55.635829530913256
              ],
              [
                8.320030245287668,
                55.76773413296404
              ],
              [
                8.316974672777903,
                55.8489147054738
              ],
              [
                8.116614374621165,
                56.09225805874529
              ],
              [
                8.124479326708567,
                56.207477174956225
              ],
              [
                8.183429750902903,
                56.43146475430193
              ]
            ]
          ],
          [
            [
              [
                11.969614061815989,
                54.95418509121599
              ],
              [
                11.907332453234446,
                55.021293245512865
              ],
              [
                11.767222437365305,
                55.17599829312029
              ],
              [
                11.584776911242258,
                55.16218145962419
              ],
              [
                11.285398516161692,
                55.18856772061052
              ],
              [
                11.230098757250559,
                55.33680685635271
              ],
              [
                11.101924929125559,
                55.63367041226091
              ],
              [
                11.296261820299875,
                55.67459448452654
              ],
              [
                11.567736658556711,
                55.88477667446794
              ],
              [
                11.728052172167551,
                55.661883913237475
              ],
              [
                11.962490114672434,
                55.581264101225756
              ],
              [
                12.052621874315989,
                55.70307882900896
              ],
              [
                12.087997469408762,
                55.96697577114763
              ],
              [
                12.237717661364329,
                55.98757132168474
              ],
              [
                12.44404796074177,
                55.967650972563646
              ],
              [
                12.469224962694895,
                55.710631929594896
              ],
              [
                12.409100565417063,
                55.548331819731615
              ],
              [
                12.344366106493723,
                55.50770529385271
              ],
              [
                12.158434900744211,
                55.37909277554216
              ],
              [
                12.429719004137766,
                55.24469336147966
              ],
              [
                12.301355394823801,
                55.170280061919115
              ],
              [
                12.076974901659739,
                54.994689546782396
              ],
              [
                11.969614061815989,
                54.95418509121599
              ]
            ]
          ],
          [
            [
              [
                11.723,
                54.651
              ],
              [
                11.694,
                54.656
              ],
              [
                11.641,
                54.662
              ],
              [
                11.588,
                54.664
              ],
              [
                11.579,
                54.663
              ],
              [
                11.522,
                54.642
              ],
              [
                11.473,
                54.623
              ],
              [
                11.466,
                54.62
              ],
              [
                11.461,
                54.619
              ],
              [
                11.456,
                54.619
              ],
              [
                11.451,
                54.621
              ],
              [
                11.377,
                54.647
              ],
              [
                11.35,
                54.659
              ],
              [
                11.315,
                54.676
              ],
              [
                11.278,
                54.7
              ],
              [
                11.262,
                54.707
              ],
              [
                11.246,
                54.712
              ],
              [
                11.191,
                54.726
              ],
              [
                11.144,
                54.737
              ],
              [
                11.126,
                54.74
              ],
              [
                11.099,
                54.742
              ],
              [
                11.032,
                54.756
              ],
              [
                11.026,
                54.759
              ],
              [
                11.02,
                54.763
              ],
              [
                10.995,
                54.783
              ],
              [
                10.991,
                54.787
              ],
              [
                10.99,
                54.791
              ],
              [
                11.025,
                54.814
              ],
              [
                11.014,
                54.89
              ],
              [
                11.014,
                54.896
              ],
              [
                11.027,
                54.91
              ],
              [
                11.032,
                54.915
              ],
              [
                11.042,
                54.923
              ],
              [
                11.058,
                54.935
              ],
              [
                11.071,
                54.941
              ],
              [
                11.119,
                54.951
              ],
              [
                11.136,
                54.954
              ],
              [
                11.164,
                54.957
              ],
              [
                11.193,
                54.957
              ],
              [
                11.24,
                54.957
              ],
              [
                11.276,
                54.95
              ],
              [
                11.288,
                54.943
              ],
              [
                11.331,
                54.919
              ],
              [
                11.336,
                54.916
              ],
              [
                11.34,
                54.911
              ],
              [
                11.347,
                54.896
              ],
              [
                11.351,
                54.892
              ],
              [
                11.361,
                54.884
              ],
              [
                11.393,
                54.868
              ],
              [
                11.409,
                54.862
              ],
              [
                11.514,
                54.83
              ],
              [
                11.564,
                54.822
              ],
              [
                11.643,
                54.878
              ],
              [
                11.642,
                54.901
              ],
              [
                11.642,
                54.904
              ],
              [
                11.644,
                54.906
              ],
              [
                11.649,
                54.907
              ],
              [
                11.657,
                54.904
              ],
              [
                11.709,
                54.875
              ],
              [
                11.735,
                54.855
              ],
              [
                11.845,
                54.77
              ],
              [
                11.849,
                54.766
              ],
              [
                11.862,
                54.746
              ],
              [
                11.862,
                54.743
              ],
              [
                11.858,
                54.689
              ],
              [
                11.856,
                54.683
              ],
              [
                11.844,
                54.669
              ],
              [
                11.834,
                54.661
              ],
              [
                11.785,
                54.64
              ],
              [
                11.776,
                54.641
              ],
              [
                11.736,
                54.645
              ],
              [
                11.723,
                54.651
              ]
            ]
          ],
          [
            [
              [
                12.055,
                54.775
              ],
              [
                11.981,
                54.71
              ],
              [
                11.97,
                54.699
              ],
              [
                11.963,
                54.685
              ],
              [
                11.961,
                54.676
              ],
              [
                11.959,
                54.663
              ],
              [
                11.96,
                54.648
              ],
              [
                11.963,
                54.63
              ],
              [
                11.968,
                54.609
              ],
              [
                11.974,
                54.587
              ],
              [
                11.979,
                54.576
              ],
              [
                11.98,
                54.57
              ],
              [
                11.979,
                54.567
              ],
              [
                11.969,
                54.562
              ],
              [
                11.964,
                54.562
              ],
              [
                11.945,
                54.567
              ],
              [
                11.929,
                54.573
              ],
              [
                11.923,
                54.576
              ],
              [
                11.872,
                54.651
              ],
              [
                11.871,
                54.667
              ],
              [
                11.878,
                54.688
              ],
              [
                11.892,
                54.701
              ],
              [
                11.899,
                54.719
              ],
              [
                11.856,
                54.774
              ],
              [
                11.802,
                54.839
              ],
              [
                11.793,
                54.845
              ],
              [
                11.782,
                54.849
              ],
              [
                11.756,
                54.855
              ],
              [
                11.752,
                54.859
              ],
              [
                11.709,
                54.937
              ],
              [
                11.713,
                54.942
              ],
              [
                11.732,
                54.954
              ],
              [
                11.742,
                54.959
              ],
              [
                11.751,
                54.961
              ],
              [
                11.767,
                54.962
              ],
              [
                11.847,
                54.956
              ],
              [
                11.851,
                54.955
              ],
              [
                11.865,
                54.948
              ],
              [
                11.997,
                54.904
              ],
              [
                12.02,
                54.896
              ],
              [
                12.038,
                54.892
              ],
              [
                12.061,
                54.891
              ],
              [
                12.079,
                54.894
              ],
              [
                12.085,
                54.894
              ],
              [
                12.096,
                54.892
              ],
              [
                12.104,
                54.89
              ],
              [
                12.111,
                54.887
              ],
              [
                12.119,
                54.882
              ],
              [
                12.137,
                54.869
              ],
              [
                12.168,
                54.842
              ],
              [
                12.169,
                54.839
              ],
              [
                12.169,
                54.836
              ],
              [
                12.167,
                54.834
              ],
              [
                12.158,
                54.829
              ],
              [
                12.12,
                54.806
              ],
              [
                12.107,
                54.8
              ],
              [
                12.089,
                54.794
              ],
              [
                12.078,
                54.789
              ],
              [
                12.072,
                54.786
              ],
              [
                12.055,
                54.775
              ]
            ]
          ],
          [
            [
              [
                14.82,
                55.261
              ],
              [
                14.825,
                55.257
              ],
              [
                14.839,
                55.251
              ],
              [
                14.887,
                55.229
              ],
              [
                14.997,
                55.187
              ],
              [
                15.065,
                55.162
              ],
              [
                15.074,
                55.16
              ],
              [
                15.091,
                55.155
              ],
              [
                15.123,
                55.149
              ],
              [
                15.134,
                55.144
              ],
              [
                15.141,
                55.139
              ],
              [
                15.149,
                55.129
              ],
              [
                15.15,
                55.089
              ],
              [
                15.148,
                55.082
              ],
              [
                15.107,
                55.026
              ],
              [
                15.103,
                55.021
              ],
              [
                15.077,
                55.001
              ],
              [
                15.061,
                54.996
              ],
              [
                15.052,
                54.995
              ],
              [
                15.043,
                54.995
              ],
              [
                14.942,
                55.013
              ],
              [
                14.882,
                55.029
              ],
              [
                14.747,
                55.065
              ],
              [
                14.729,
                55.073
              ],
              [
                14.68,
                55.1
              ],
              [
                14.678,
                55.102
              ],
              [
                14.699,
                55.215
              ],
              [
                14.744,
                55.292
              ],
              [
                14.746,
                55.296
              ],
              [
                14.76,
                55.304
              ],
              [
                14.764,
                55.306
              ],
              [
                14.77,
                55.306
              ],
              [
                14.799,
                55.282
              ],
              [
                14.806,
                55.276
              ],
              [
                14.813,
                55.269
              ],
              [
                14.82,
                55.261
              ]
            ]
          ],
          [
            [
              [
                13.679,
                54.542
              ],
              [
                13.678,
                54.532
              ],
              [
                13.675,
                54.526
              ],
              [
                13.67,
                54.522
              ],
              [
                13.667,
                54.521
              ],
              [
                13.647,
                54.516
              ],
              [
                13.641,
                54.513
              ],
              [
                13.591,
                54.486
              ],
              [
                13.585,
                54.483
              ],
              [
                13.581,
                54.478
              ],
              [
                13.578,
                54.472
              ],
              [
                13.576,
                54.462
              ],
              [
                13.577,
                54.46
              ],
              [
                13.578,
                54.454
              ],
              [
                13.584,
                54.442
              ],
              [
                13.617,
                54.404
              ],
              [
                13.621,
                54.402
              ],
              [
                13.631,
                54.401
              ],
              [
                13.646,
                54.401
              ],
              [
                13.667,
                54.402
              ],
              [
                13.676,
                54.401
              ],
              [
                13.702,
                54.388
              ],
              [
                13.707,
                54.384
              ],
              [
                13.714,
                54.378
              ],
              [
                13.731,
                54.355
              ],
              [
                13.744,
                54.331
              ],
              [
                13.731,
                54.276
              ],
              [
                13.727,
                54.274
              ],
              [
                13.715,
                54.272
              ],
              [
                13.711,
                54.272
              ],
              [
                13.696,
                54.281
              ],
              [
                13.694,
                54.283
              ],
              [
                13.696,
                54.284
              ],
              [
                13.711,
                54.297
              ],
              [
                13.713,
                54.321
              ],
              [
                13.712,
                54.324
              ],
              [
                13.689,
                54.348
              ],
              [
                13.684,
                54.349
              ],
              [
                13.508,
                54.343
              ],
              [
                13.504,
                54.342
              ],
              [
                13.469,
                54.328
              ],
              [
                13.359,
                54.275
              ],
              [
                13.357,
                54.273
              ],
              [
                13.355,
                54.27
              ],
              [
                13.357,
                54.26
              ],
              [
                13.403,
                54.265
              ],
              [
                13.408,
                54.265
              ],
              [
                13.413,
                54.265
              ],
              [
                13.42,
                54.261
              ],
              [
                13.422,
                54.259
              ],
              [
                13.426,
                54.252
              ],
              [
                13.429,
                54.244
              ],
              [
                13.429,
                54.238
              ],
              [
                13.424,
                54.234
              ],
              [
                13.398,
                54.222
              ],
              [
                13.393,
                54.221
              ],
              [
                13.319,
                54.249
              ],
              [
                13.268,
                54.255
              ],
              [
                13.257,
                54.256
              ],
              [
                13.25,
                54.258
              ],
              [
                13.156,
                54.306
              ],
              [
                13.122,
                54.331
              ],
              [
                13.118,
                54.334
              ],
              [
                13.117,
                54.339
              ],
              [
                13.118,
                54.343
              ],
              [
                13.129,
                54.368
              ],
              [
                13.131,
                54.371
              ],
              [
                13.134,
                54.372
              ],
              [
                13.142,
                54.374
              ],
              [
                13.151,
                54.375
              ],
              [
                13.157,
                54.375
              ],
              [
                13.201,
                54.373
              ],
              [
                13.217,
                54.37
              ],
              [
                13.223,
                54.369
              ],
              [
                13.236,
                54.372
              ],
              [
                13.261,
                54.379
              ],
              [
                13.265,
                54.38
              ],
              [
                13.268,
                54.383
              ],
              [
                13.239,
                54.411
              ],
              [
                13.208,
                54.428
              ],
              [
                13.165,
                54.434
              ],
              [
                13.229,
                54.465
              ],
              [
                13.232,
                54.486
              ],
              [
                13.167,
                54.513
              ],
              [
                13.147,
                54.546
              ],
              [
                13.231,
                54.552
              ],
              [
                13.256,
                54.551
              ],
              [
                13.304,
                54.55
              ],
              [
                13.338,
                54.566
              ],
              [
                13.367,
                54.58
              ],
              [
                13.378,
                54.558
              ],
              [
                13.395,
                54.542
              ],
              [
                13.42,
                54.522
              ],
              [
                13.447,
                54.489
              ],
              [
                13.484,
                54.484
              ],
              [
                13.503,
                54.493
              ],
              [
                13.517,
                54.513
              ],
              [
                13.503,
                54.55
              ],
              [
                13.459,
                54.551
              ],
              [
                13.426,
                54.57
              ],
              [
                13.384,
                54.578
              ],
              [
                13.375,
                54.61
              ],
              [
                13.355,
                54.604
              ],
              [
                13.33,
                54.583
              ],
              [
                13.311,
                54.573
              ],
              [
                13.286,
                54.565
              ],
              [
                13.282,
                54.564
              ],
              [
                13.251,
                54.558
              ],
              [
                13.246,
                54.558
              ],
              [
                13.245,
                54.559
              ],
              [
                13.225,
                54.634
              ],
              [
                13.225,
                54.64
              ],
              [
                13.226,
                54.643
              ],
              [
                13.231,
                54.648
              ],
              [
                13.245,
                54.657
              ],
              [
                13.263,
                54.667
              ],
              [
                13.279,
                54.671
              ],
              [
                13.292,
                54.673
              ],
              [
                13.364,
                54.679
              ],
              [
                13.384,
                54.681
              ],
              [
                13.424,
                54.683
              ],
              [
                13.43,
                54.682
              ],
              [
                13.438,
                54.68
              ],
              [
                13.443,
                54.676
              ],
              [
                13.444,
                54.673
              ],
              [
                13.442,
                54.671
              ],
              [
                13.429,
                54.66
              ],
              [
                13.422,
                54.657
              ],
              [
                13.397,
                54.652
              ],
              [
                13.391,
                54.649
              ],
              [
                13.386,
                54.645
              ],
              [
                13.383,
                54.639
              ],
              [
                13.391,
                54.607
              ],
              [
                13.407,
                54.589
              ],
              [
                13.433,
                54.578
              ],
              [
                13.456,
                54.573
              ],
              [
                13.482,
                54.575
              ],
              [
                13.516,
                54.577
              ],
              [
                13.593,
                54.585
              ],
              [
                13.618,
                54.586
              ],
              [
                13.634,
                54.586
              ],
              [
                13.639,
                54.585
              ],
              [
                13.647,
                54.583
              ],
              [
                13.672,
                54.569
              ],
              [
                13.677,
                54.565
              ],
              [
                13.678,
                54.563
              ],
              [
                13.679,
                54.542
              ]
            ]
          ],
          [
            [
              [
                13.38089124559939,
                56.668232909389644
              ],
              [
                13.432448474618765,
                56.52387266813539
              ],
              [
                14.175412094711515,
                56.81280296483813
              ],
              [
                14.48498026975016,
                56.68010333591191
              ],
              [
                15.426993333232243,
                56.765740887137554
              ],
              [
                16.063150608488804,
                56.39623928230259
              ],
              [
                16.031445536120188,
                56.353072725493334
              ],
              [
                15.770541223986399,
                56.03321035977068
              ],
              [
                15.696229013903391,
                56.0609622823781
              ],
              [
                15.497040781481516,
                56.16724356289568
              ],
              [
                15.220801386339915,
                56.08036383267107
              ],
              [
                14.652893099291575,
                56.12061651821794
              ],
              [
                14.605230364306223,
                55.98078497524919
              ],
              [
                14.49182799766804,
                56.01803930874529
              ],
              [
                14.25892547081257,
                55.89928015347185
              ],
              [
                14.126021418078196,
                55.666583620268725
              ],
              [
                14.286350283129465,
                55.515494905669115
              ],
              [
                14.117195162279856,
                55.34711416836443
              ],
              [
                13.901111635668528,
                55.40515478726091
              ],
              [
                13.823299440844309,
                55.42181738491716
              ],
              [
                13.301851305468332,
                55.3006969320363
              ],
              [
                12.80237201164509,
                55.35291250820818
              ],
              [
                12.801919970019114,
                55.416766725737475
              ],
              [
                12.887555155260813,
                55.45160635586443
              ],
              [
                12.859313997729075,
                55.532916628081225
              ],
              [
                12.985865625841868,
                55.666583620268725
              ],
              [
                12.699014696581614,
                55.90509756680193
              ],
              [
                12.51335719536091,
                56.12061651821794
              ],
              [
                12.414413485033762,
                56.243041597563646
              ],
              [
                12.652379068835032,
                56.295531831938646
              ],
              [
                12.615435633166086,
                56.435607515532396
              ],
              [
                12.804806742174875,
                56.40119894619646
              ],
              [
                12.87157538841511,
                56.51151617642107
              ],
              [
                12.812482381214837,
                56.58401885178842
              ],
              [
                13.38089124559939,
                56.668232909389644
              ]
            ]
          ]
        ]
      }
    },
    {
      "type": "Feature",
      "properties": {
        "NAME": "Sweden",
        "ABBREVN": "Sweden",
        "SUBJECTO": "Sweden",
        "BORDERPRECISION": 1,
        "PARTOF": "Sweden",
        "entity_id": "sweden",
        "name_en": "Sweden",
        "source": "historical-basemaps",
        "revision_saved_at": "2026-07-05T10:00:53.142Z"
      },
      "geometry": {
        "type": "MultiPolygon",
        "coordinates": [
          [
            [
              [
                18.784991297228586,
                63.13801153774919
              ],
              [
                18.486624750597727,
                62.98124273892107
              ],
              [
                18.3889494271114,
                62.85337408657732
              ],
              [
                18.303191217882883,
                62.78942450161638
              ],
              [
                17.9674406380489,
                62.774623476225756
              ],
              [
                17.868168863756907,
                62.788619600493334
              ],
              [
                17.936255487902415,
                62.54800375576677
              ],
              [
                17.71811202476765,
                62.356734834868334
              ],
              [
                17.290240320666086,
                62.4407230245656
              ],
              [
                17.3873625130489,
                62.20076712246599
              ],
              [
                17.49677184532429,
                62.088100038725756
              ],
              [
                17.386973413927805,
                61.65843542690935
              ],
              [
                17.162642511828196,
                61.62990530605974
              ],
              [
                17.065176996691477,
                61.5383792745656
              ],
              [
                17.150189432604563,
                61.19770773525896
              ],
              [
                17.146208796007883,
                60.95282705898943
              ],
              [
                17.31762793968464,
                60.753070436674975
              ],
              [
                17.188498529894602,
                60.67429312344255
              ],
              [
                17.604964289171946,
                60.637538515288256
              ],
              [
                17.70645621727253,
                60.553580843169115
              ],
              [
                17.930748972399485,
                60.59030874844255
              ],
              [
                18.224387201769602,
                60.32296713467302
              ],
              [
                18.416865381701243,
                60.181624971587084
              ],
              [
                18.804085764391672,
                60.108398042876146
              ],
              [
                18.893071207506907,
                59.92568930264177
              ],
              [
                19.037323984606516,
                59.86324270840349
              ],
              [
                19.04355147789265,
                59.71242483730974
              ],
              [
                18.86789229820515,
                59.71242483730974
              ],
              [
                18.639250788195383,
                59.56692846890154
              ],
              [
                18.251421961291086,
                59.431937776762865
              ],
              [
                18.03008368919636,
                59.35928305264177
              ],
              [
                17.795283350451243,
                59.36447485562029
              ],
              [
                17.72995284508015,
                59.41636236782732
              ],
              [
                17.367983850939524,
                59.46826513882341
              ],
              [
                17.07059768150593,
                59.54614981289568
              ],
              [
                16.785538706286204,
                59.577315889555834
              ],
              [
                16.724089655382883,
                59.530570589262865
              ],
              [
                16.52320769737507,
                59.58251532192888
              ],
              [
                16.407576593859446,
                59.44749792690935
              ],
              [
                16.77647498558308,
                59.478656374174975
              ],
              [
                16.999835047228586,
                59.35928305264177
              ],
              [
                17.265778574450266,
                59.33853491421404
              ],
              [
                17.358122858507883,
                59.245177828032396
              ],
              [
                17.574921640856516,
                59.21407278652849
              ],
              [
                17.58441260765339,
                59.27111395474138
              ],
              [
                17.861731562121165,
                59.23999365444841
              ],
              [
                17.97763541649128,
                59.328151308257006
              ],
              [
                18.111378702624094,
                59.32297476406755
              ],
              [
                18.328169855578196,
                59.3696666585988
              ],
              [
                18.429560694201243,
                59.33334692593279
              ],
              [
                18.441370996935618,
                59.40079077358904
              ],
              [
                18.51546958397175,
                59.40079077358904
              ],
              [
                18.61132720421101,
                59.33334692593279
              ],
              [
                18.598195108874094,
                59.297042452055834
              ],
              [
                18.273371729357493,
                59.286666475493334
              ],
              [
                18.371960672838938,
                59.157069765288256
              ],
              [
                18.015667948229563,
                59.03791006680193
              ],
              [
                17.940136942370188,
                58.90848883267107
              ],
              [
                17.76646521995808,
                58.87226828213396
              ],
              [
                17.726422342760813,
                58.913661562163256
              ],
              [
                17.745200190050852,
                58.986129366118334
              ],
              [
                17.73910811851765,
                59.11042364712419
              ],
              [
                17.623181375963938,
                59.10007055874529
              ],
              [
                17.58218863914753,
                58.89296682949724
              ],
              [
                17.35667518089558,
                58.7429691183156
              ],
              [
                17.2453890175655,
                58.71711691494646
              ],
              [
                17.082999262316477,
                58.748134218413256
              ],
              [
                17.080731424792063,
                58.649928652007006
              ],
              [
                16.442866358263743,
                58.63442190762224
              ],
              [
                16.513194117052805,
                58.42811545010271
              ],
              [
                16.744044336779368,
                58.311950288969896
              ],
              [
                16.77354529808308,
                58.037902437407396
              ],
              [
                16.724585566027415,
                57.88932379360857
              ],
              [
                16.59776404808308,
                57.866454683501146
              ],
              [
                16.459530863268625,
                57.89520605679216
              ],
              [
                16.476531061632883,
                57.70212896938982
              ],
              [
                16.6072054238155,
                57.66581305142107
              ],
              [
                16.550478968127024,
                57.545150362212084
              ],
              [
                16.65867904136921,
                57.442950807768725
              ],
              [
                16.494158777697336,
                57.278922640044115
              ],
              [
                16.39452460716511,
                57.07430227871599
              ],
              [
                16.37617400596882,
                56.82242163296404
              ],
              [
                16.063150608488804,
                56.39623928230259
              ],
              [
                15.426993333232243,
                56.765740887137554
              ],
              [
                14.48498026975016,
                56.68010333591191
              ],
              [
                14.175412094711515,
                56.81280296483813
              ],
              [
                13.432448474618765,
                56.52387266813539
              ],
              [
                13.38089124559939,
                56.668232909389644
              ],
              [
                12.812482381214837,
                56.58401885178842
              ],
              [
                12.785859140856516,
                56.616683565337084
              ],
              [
                12.657481226427805,
                56.610839449126146
              ],
              [
                12.526032480700266,
                56.780395113188646
              ],
              [
                12.288620981676829,
                56.87985571499529
              ],
              [
                12.005142244799387,
                57.32520636196794
              ],
              [
                11.876622232897532,
                57.32520636196794
              ],
              [
                11.881114038927805,
                57.508964143950365
              ],
              [
                11.766084703905832,
                57.67267950649919
              ],
              [
                11.736376187990079,
                57.69820870971917
              ],
              [
                12.487895457193446,
                58.56291949268917
              ],
              [
                12.422772440417063,
                60.03877981777849
              ],
              [
                12.435860666735422,
                60.27809866543474
              ],
              [
                12.547958406908762,
                60.43387182827654
              ],
              [
                12.431030306322825,
                60.625846468169115
              ],
              [
                12.17403891990925,
                60.956405245024584
              ],
              [
                12.5973816246822,
                61.02862127896013
              ],
              [
                12.791736635668528,
                61.329948030669115
              ],
              [
                13.154899574856213,
                62.024227120754574
              ],
              [
                15.049652873144248,
                63.52575508701183
              ],
              [
                16.66070930557667,
                63.75590600593075
              ],
              [
                17.260903495737743,
                64.20605164855155
              ],
              [
                20.873273399290948,
                64.03282247139006
              ],
              [
                20.866480860216868,
                64.02561529751482
              ],
              [
                20.700659784777415,
                63.81812628384294
              ],
              [
                19.984885248644602,
                63.51726873989763
              ],
              [
                19.67027572105671,
                63.388541780669115
              ],
              [
                19.46501258323933,
                63.480704866606615
              ],
              [
                19.31822493980671,
                63.44482763882341
              ],
              [
                19.07592681358601,
                63.202498995024584
              ],
              [
                18.784991297228586,
                63.13801153774919
              ]
            ]
          ]
        ]
      }
    },
    {
      "type": "Feature",
      "properties": {
        "NAME": "Aragón",
        "ABBREVN": "Aragón",
        "SUBJECTO": "Aragón",
        "BORDERPRECISION": 1,
        "PARTOF": "Aragón",
        "entity_id": "aragon",
        "name_en": "Aragón",
        "source": "historical-basemaps",
        "revision_saved_at": "2026-07-05T10:00:53.142Z"
      },
      "geometry": {
        "type": "MultiPolygon",
        "coordinates": [
          [
            [
              [
                -1.664297551499534,
                42.12541942266957
              ],
              [
                -0.907353666321981,
                42.88129767056169
              ],
              [
                -0.840018358723867,
                42.90865286465349
              ],
              [
                -0.611982133881796,
                42.73087652798357
              ],
              [
                -0.586789485709417,
                42.765060030180834
              ],
              [
                -0.468836572663534,
                42.7513919698781
              ],
              [
                -0.409914609687078,
                42.785567842680834
              ],
              [
                -0.216141254352081,
                42.7172008382863
              ],
              [
                -0.203663793103445,
                42.70031317349138
              ],
              [
                -0.165626824544418,
                42.64883764858904
              ],
              [
                0.179550382597697,
                42.66251715298357
              ],
              [
                0.196265372736704,
                42.6078258382863
              ],
              [
                0.347843679888499,
                42.63517340298357
              ],
              [
                0.591923627360117,
                42.6283336507863
              ],
              [
                0.584142002566111,
                42.77189215298357
              ],
              [
                0.744199428065073,
                42.77189215298357
              ],
              [
                1.307450088961374,
                42.63517340298357
              ],
              [
                1.320455842331889,
                42.60500633270461
              ],
              [
                1.320455842331295,
                42.60500633270455
              ],
              [
                1.45631185806913,
                42.61895371848023
              ],
              [
                1.577167183604798,
                42.64785062076061
              ],
              [
                1.755428788769909,
                42.596716202383234
              ],
              [
                1.79168538643061,
                42.57892047388559
              ],
              [
                1.731257723662776,
                42.54553979026787
              ],
              [
                1.728236340524384,
                42.501004432498135
              ],
              [
                2.102887849684956,
                42.61450685035179
              ],
              [
                2.272085305434892,
                42.69006041846055
              ],
              [
                2.48056074198392,
                42.68561863167925
              ],
              [
                2.489624891399095,
                42.71892429041346
              ],
              [
                2.701121711086515,
                42.73002220618929
              ],
              [
                2.824998419760575,
                42.849753178372794
              ],
              [
                2.948875128434636,
                42.882970675163364
              ],
              [
                3.039267615601351,
                42.8691948199401
              ],
              [
                3.001891169158203,
                42.77080877871875
              ],
              [
                3.045898947325927,
                42.53945501895313
              ],
              [
                3.087081465331298,
                42.36864431949024
              ],
              [
                3.087081465224882,
                42.36864431951921
              ],
              [
                3.086528334124338,
                42.32911261196794
              ],
              [
                3.086286100847971,
                42.12072332974138
              ],
              [
                3.1565537781551,
                42.0757213460988
              ],
              [
                3.128878864748728,
                41.8572269308156
              ],
              [
                2.628259214861643,
                41.61954077358904
              ],
              [
                2.200590166552317,
                41.44614752407732
              ],
              [
                2.080724749071848,
                41.298488222319506
              ],
              [
                1.609828624232065,
                41.2091556417531
              ],
              [
                1.311244878275645,
                41.157252870757006
              ],
              [
                0.879201921923411,
                41.02173575039568
              ],
              [
                0.733751806719553,
                40.87495382900896
              ],
              [
                0.709782037241709,
                40.785148225981615
              ],
              [
                0.827125462992441,
                40.72742422695818
              ],
              [
                0.78755644272114,
                40.656886659819506
              ],
              [
                0.505141589148295,
                40.592757784087084
              ],
              [
                0.237927588923228,
                40.240199648100756
              ],
              [
                -0.160625037448156,
                39.8860240804738
              ],
              [
                -0.203663793103445,
                39.799438081938646
              ],
              [
                -0.284515862064112,
                39.636771761137865
              ],
              [
                -0.39484843303417,
                39.43445929165544
              ],
              [
                -0.235902842776525,
                39.062404237944506
              ],
              [
                -0.203663793103445,
                39.012652956206225
              ],
              [
                -0.165695284204233,
                38.95406302090349
              ],
              [
                0.126115980847132,
                38.82135351772966
              ],
              [
                0.172570082648051,
                38.73834570522966
              ],
              [
                -0.107004006104219,
                38.59149893398943
              ],
              [
                -0.203663793103445,
                38.54402884121599
              ],
              [
                -0.435155329005468,
                38.43033941860857
              ],
              [
                -0.564126816289175,
                38.21486624355974
              ],
              [
                -0.664728876845587,
                38.176574312407396
              ],
              [
                -0.87234356691097,
                37.75979956265154
              ],
              [
                -0.802563574807394,
                37.61500509854021
              ],
              [
                -0.918272283570516,
                37.57034262295427
              ],
              [
                -1.364567962186086,
                37.548392854887865
              ],
              [
                -1.62571248103832,
                37.4394908773488
              ],
              [
                -1.816879835622061,
                37.29247625942888
              ],
              [
                -1.940475192563284,
                36.951598726469896
              ],
              [
                -2.149258710407844,
                37.23301714309455
              ],
              [
                -1.921041694450992,
                37.65141500568211
              ],
              [
                -2.035150202429417,
                37.84159585231282
              ],
              [
                -1.883005525124849,
                37.95570436029125
              ],
              [
                -1.654788509167997,
                37.91766819096511
              ],
              [
                -1.654788509167997,
                38.1839213762481
              ],
              [
                -1.806933186472564,
                38.25999371490038
              ],
              [
                -1.806933186472564,
                38.52624690018338
              ],
              [
                -2.035150202429417,
                38.60231923883566
              ],
              [
                -2.035150202429417,
                39.24893411738008
              ],
              [
                -1.806933186472564,
                39.17286177872779
              ],
              [
                -1.806933186472564,
                39.47715113333693
              ],
              [
                -1.997114033103276,
                39.59125964131536
              ],
              [
                -1.997114033103276,
                39.74340431861992
              ],
              [
                -1.806933186472564,
                39.85751282659835
              ],
              [
                -1.997114033103276,
                39.97162133457678
              ],
              [
                -1.997114033103276,
                40.0857298425552
              ],
              [
                -2.301403387712412,
                40.23787451985977
              ],
              [
                -2.301403387712412,
                40.39001919716434
              ],
              [
                -1.921041694450992,
                40.61823621312119
              ],
              [
                -2.035150202429417,
                41.226814922339464
              ],
              [
                -2.301403387712412,
                41.26485109166561
              ],
              [
                -2.301403387712412,
                41.49306810762246
              ],
              [
                -2.149258710407844,
                41.49306810762246
              ],
              [
                -2.130006796834982,
                41.81657040431949
              ],
              [
                -1.604866036927435,
                41.76883033523699
              ],
              [
                -1.664297551499534,
                42.12541942266957
              ]
            ]
          ]
        ]
      }
    },
    {
      "type": "Feature",
      "properties": {
        "NAME": "Great Khanate",
        "ABBREVN": "Great Khanat",
        "SUBJECTO": "Mongol Empire",
        "BORDERPRECISION": 1,
        "PARTOF": "Mongol Empire",
        "entity_id": "great-khanate",
        "name_en": "Yuan",
        "source": "historical-basemaps",
        "revision_saved_at": "2026-07-05T10:00:53.142Z"
      },
      "geometry": {
        "type": "MultiPolygon",
        "coordinates": [
          [
            [
              [
                114.04645232096415,
                22.340010093386088
              ],
              [
                114.03066888501186,
                22.310145709772186
              ],
              [
                114.0220597381288,
                22.22848381751031
              ],
              [
                113.98905800841044,
                22.214536782914898
              ],
              [
                113.95462142087821,
                22.233796608668168
              ],
              [
                113.9316636958567,
                22.205902209429425
              ],
              [
                113.90368396848679,
                22.2185217914642
              ],
              [
                113.86709509423379,
                22.197267104726578
              ],
              [
                113.83624565123614,
                22.21387260381799
              ],
              [
                113.85848594735072,
                22.257701676364103
              ],
              [
                113.901531681766,
                22.290896387977877
              ],
              [
                113.94959941852974,
                22.30284455512718
              ],
              [
                114.04645232096415,
                22.340010093386088
              ]
            ]
          ],
          [
            [
              [
                114.08447605303098,
                22.52833971316831
              ],
              [
                114.16626294842006,
                22.560807313317255
              ],
              [
                114.21863525862533,
                22.550869063263487
              ],
              [
                114.30903130089744,
                22.553519333285553
              ],
              [
                114.3578164665681,
                22.505143896261984
              ],
              [
                114.41305849240106,
                22.436859356255123
              ],
              [
                114.39799248535569,
                22.396403140806775
              ],
              [
                114.32911931029123,
                22.272308319943782
              ],
              [
                114.25881127741292,
                22.221842545443078
              ],
              [
                114.26311585085445,
                22.204407710086702
              ],
              [
                114.23119026449645,
                22.22234065175855
              ],
              [
                114.21630361467781,
                22.192285071974666
              ],
              [
                114.20715639611458,
                22.221842545443078
              ],
              [
                114.13397864760857,
                22.171690795428585
              ],
              [
                114.09882463116942,
                22.21652930133975
              ],
              [
                114.1275217874463,
                22.254381772049186
              ],
              [
                114.1158635677088,
                22.27844929429774
              ],
              [
                114.15334922809546,
                22.298696001772115
              ],
              [
                114.16070287439139,
                22.31379614394487
              ],
              [
                114.14402265230547,
                22.331383261411904
              ],
              [
                114.10241177570404,
                22.32872874421721
              ],
              [
                114.08662833975177,
                22.36057961538022
              ],
              [
                114.0077111599904,
                22.371858386454452
              ],
              [
                113.94672970290206,
                22.36588738615924
              ],
              [
                113.92538619292115,
                22.36721429724379
              ],
              [
                113.90135232453927,
                22.406518299261425
              ],
              [
                113.98116629043429,
                22.468685465865477
              ],
              [
                114.0421477475226,
                22.498515805121187
              ],
              [
                114.02923402719802,
                22.508457822712955
              ],
              [
                114.08447605303098,
                22.52833971316831
              ]
            ]
          ],
          [
            [
              [
                124.92233565768359,
                39.61860617251758
              ],
              [
                124.85995772799609,
                39.618480287507815
              ],
              [
                124.68842605075,
                39.60537680240039
              ],
              [
                124.54809096774218,
                39.541339479402346
              ],
              [
                124.44284347018359,
                39.5730052814043
              ],
              [
                124.20898726901171,
                39.738326631501955
              ],
              [
                124.13388350924609,
                39.843143068269534
              ],
              [
                124.13388350928088,
                39.843143068318014
              ],
              [
                124.13388350914265,
                39.84314306851091
              ],
              [
                124.10407546470906,
                39.884784303862475
              ],
              [
                123.91652968834187,
                39.80788382168474
              ],
              [
                123.36642745445515,
                39.749389253813646
              ],
              [
                123.03905776451374,
                39.67220266934099
              ],
              [
                122.02749160240437,
                39.25575979824724
              ],
              [
                121.74316695640827,
                39.08944662686052
              ],
              [
                121.48840621422077,
                38.87860449429216
              ],
              [
                121.21647933433796,
                38.756957613188646
              ],
              [
                121.06533339927937,
                38.7502818929738
              ],
              [
                121.12369826744343,
                38.86512335415544
              ],
              [
                121.51177504966999,
                39.171859346587084
              ],
              [
                121.66015151451374,
                39.33151587124529
              ],
              [
                121.44896224449421,
                39.38210257168474
              ],
              [
                121.28217605064656,
                39.3498912679738
              ],
              [
                121.21334365318562,
                39.48363836880388
              ],
              [
                121.23940566490437,
                39.553832613188646
              ],
              [
                121.66813186119343,
                39.90540655728044
              ],
              [
                121.78898909996296,
                40.07807882900896
              ],
              [
                122.03651717613484,
                40.264037691313646
              ],
              [
                122.10791305015827,
                40.35372122402849
              ],
              [
                122.08235457847859,
                40.48801382656755
              ],
              [
                121.75361922691609,
                40.73695334072771
              ],
              [
                121.42673018883015,
                40.86432608242693
              ],
              [
                121.36801436851765,
                40.87061270352068
              ],
              [
                121.08527663658406,
                40.85723456021013
              ],
              [
                121.01060775230671,
                40.85068091030779
              ],
              [
                120.78842452476765,
                40.68381460781755
              ],
              [
                120.27274611900593,
                40.1517711507863
              ],
              [
                120.11272719810749,
                40.0811038839406
              ],
              [
                119.82381728599812,
                40.0421634542531
              ],
              [
                119.54778579185749,
                39.933044038969896
              ],
              [
                119.38549331138874,
                39.8434329855031
              ],
              [
                119.21067336509968,
                39.63902624722185
              ],
              [
                119.14941695640827,
                39.453979097563646
              ],
              [
                119.09059432457234,
                39.339103304106615
              ],
              [
                118.97764113853718,
                39.22413595791521
              ],
              [
                118.78126815269734,
                39.16635855313005
              ],
              [
                118.5593366951778,
                39.172286592680834
              ],
              [
                118.41243270347859,
                39.05088003750505
              ],
              [
                118.27459243248249,
                38.99961050625505
              ],
              [
                118.06992629478718,
                39.2541881429738
              ],
              [
                117.91011336754109,
                39.26024206753435
              ],
              [
                117.75288680504109,
                39.20253714199724
              ],
              [
                117.57505324791218,
                38.915336214262865
              ],
              [
                117.43950179527546,
                38.60277136440935
              ],
              [
                117.4790373177364,
                38.449916444975756
              ],
              [
                117.58946517418171,
                38.28448065396013
              ],
              [
                117.84067061851765,
                38.16392096157732
              ],
              [
                118.20027450035359,
                38.04361303921404
              ],
              [
                118.74464705894734,
                38.063834749419115
              ],
              [
                118.87524703453327,
                37.949428163725756
              ],
              [
                118.86725905845906,
                37.70737417813005
              ],
              [
                118.81164840172077,
                37.446132265288256
              ],
              [
                118.83700087974812,
                37.204215608794115
              ],
              [
                118.9546003670528,
                37.07711752529802
              ],
              [
                119.28440383384968,
                37.04596670742693
              ],
              [
                119.59885695884968,
                37.11661871548357
              ],
              [
                119.94069961021687,
                37.35291250820818
              ],
              [
                120.16939071129109,
                37.57625540371599
              ],
              [
                120.41806319664265,
                37.67865713711443
              ],
              [
                120.6581144661739,
                37.73646505947771
              ],
              [
                120.78740218590046,
                37.70487555142107
              ],
              [
                121.18977645347859,
                37.42548330898943
              ],
              [
                121.43434432457234,
                37.336837373930834
              ],
              [
                121.89484694908406,
                37.37596472378435
              ],
              [
                122.05756667564656,
                37.3635631429738
              ],
              [
                122.26948836754109,
                37.30032309170427
              ],
              [
                122.3928556771114,
                37.3005748617238
              ],
              [
                122.28126815269734,
                36.98200567837419
              ],
              [
                122.25558761070515,
                36.7336917745656
              ],
              [
                121.98012832115437,
                36.822249971587084
              ],
              [
                121.84669784019734,
                36.86017569180193
              ],
              [
                121.60988143394734,
                36.834228121001146
              ],
              [
                120.85548690269734,
                36.58444937344255
              ],
              [
                120.53731063316609,
                36.386519991118334
              ],
              [
                120.50483230064656,
                36.055568300444506
              ],
              [
                120.26971724937702,
                35.98509558315935
              ],
              [
                120.20366958091999,
                36.03586538906755
              ],
              [
                120.19649032066609,
                36.156737886626146
              ],
              [
                120.13933852623249,
                36.19480093594255
              ],
              [
                119.91377547691609,
                36.14344366665544
              ],
              [
                119.97557357261921,
                35.93359717007341
              ],
              [
                119.90734389732624,
                35.768058382231615
              ],
              [
                119.68883040855671,
                35.5449710714406
              ],
              [
                119.06016066978718,
                35.04126700039568
              ],
              [
                119.00324538658406,
                34.939471803862475
              ],
              [
                119.02086165855671,
                34.6919322835988
              ],
              [
                119.29992202232624,
                34.59093054409685
              ],
              [
                119.62047866295124,
                34.369384371001146
              ],
              [
                119.97359755943562,
                34.13522299404802
              ],
              [
                120.14943221519734,
                33.894332491118334
              ],
              [
                120.34028151939656,
                33.33605536099138
              ],
              [
                120.64058974693562,
                33.04462393398943
              ],
              [
                120.71938613365437,
                32.84798391934099
              ],
              [
                120.66086104820515,
                32.543117128569506
              ],
              [
                120.73830703209187,
                32.46073492642107
              ],
              [
                121.05076125572468,
                32.328048311430834
              ],
              [
                121.23053267906452,
                32.061767183501146
              ],
              [
                121.48366836021687,
                31.948009096342943
              ],
              [
                121.60595992515827,
                31.827626787382982
              ],
              [
                121.64503768394734,
                31.688027940947435
              ],
              [
                121.62330916832234,
                31.618154131132982
              ],
              [
                121.26826766441609,
                31.452338777739428
              ],
              [
                121.30788711021687,
                31.42066343899431
              ],
              [
                121.49887374351765,
                31.28138693447771
              ],
              [
                121.64023116539265,
                30.926120363432787
              ],
              [
                121.6318693489864,
                30.7927680837697
              ],
              [
                121.56893447349812,
                30.710101686674975
              ],
              [
                121.32843306968952,
                30.69054754849138
              ],
              [
                121.03547194908406,
                30.594703279692553
              ],
              [
                120.60866836021687,
                30.346181474882982
              ],
              [
                120.22693160484577,
                30.25015028591814
              ],
              [
                119.94366744468952,
                30.116218172270678
              ],
              [
                120.26755050133015,
                30.0216499197072
              ],
              [
                120.43786147545124,
                29.99661024685564
              ],
              [
                120.86273482750202,
                30.187980257231615
              ],
              [
                121.08252242515827,
                30.213830553252123
              ],
              [
                121.15524581383015,
                30.18857916470232
              ],
              [
                121.3912687630489,
                29.922397218901537
              ],
              [
                121.56523421715046,
                29.846555315215014
              ],
              [
                121.77031997154499,
                29.834281526762865
              ],
              [
                121.77436355064656,
                29.7644534933156
              ],
              [
                121.67039016197468,
                29.624536119658373
              ],
              [
                121.49843886802937,
                29.522582613188646
              ],
              [
                121.36191085289265,
                29.4143501150197
              ],
              [
                121.41146377037312,
                29.344604097563646
              ],
              [
                121.55819991539265,
                29.357616029936693
              ],
              [
                121.64916518638874,
                29.319707475859545
              ],
              [
                121.56675246666218,
                29.173480592924975
              ],
              [
                121.43251326988484,
                28.836659990507982
              ],
              [
                121.3458357186153,
                28.544379793364428
              ],
              [
                121.35852340172077,
                28.3856635915822
              ],
              [
                121.25970748375202,
                28.182250581938646
              ],
              [
                121.16591170738484,
                28.124896608549975
              ],
              [
                121.00856307457234,
                28.276980959135912
              ],
              [
                120.94237807701374,
                28.213330827910326
              ],
              [
                120.68650344322468,
                27.86989554043474
              ],
              [
                120.50590041588093,
                27.59010466213884
              ],
              [
                120.40887740562702,
                27.310491167265795
              ],
              [
                120.35180953453327,
                27.177013002592943
              ],
              [
                120.08409408043171,
                26.985940538603685
              ],
              [
                119.97135451744343,
                26.788837038237475
              ],
              [
                119.85703566978718,
                26.706031404692553
              ],
              [
                119.60071090172077,
                26.692800127226732
              ],
              [
                119.42890456627156,
                26.590831361967943
              ],
              [
                119.55488875816609,
                26.26721342678728
              ],
              [
                119.43603042076374,
                26.03833922024431
              ],
              [
                119.4703474373653,
                25.77168234463396
              ],
              [
                119.42860701988484,
                25.650926195341967
              ],
              [
                119.33538344810749,
                25.530067049223803
              ],
              [
                119.0958586067989,
                25.440650545317553
              ],
              [
                119.02366927574421,
                25.31348570461931
              ],
              [
                118.94535354088093,
                25.135495744902514
              ],
              [
                118.81294539879109,
                24.8494144308156
              ],
              [
                118.53120711754109,
                24.690036379057787
              ],
              [
                118.34562972496296,
                24.467338167387865
              ],
              [
                118.12423995445515,
                24.53039129849138
              ],
              [
                117.92490676353718,
                24.561727129179857
              ],
              [
                117.86126235435749,
                24.510774217802904
              ],
              [
                117.79609206627156,
                24.42171438809099
              ],
              [
                117.84909347008015,
                24.047095857817553
              ],
              [
                117.75324538658406,
                23.983384691435717
              ],
              [
                117.4058943123653,
                23.6904731618947
              ],
              [
                117.24540236900593,
                23.632972322661303
              ],
              [
                116.96271041343952,
                23.556155763823412
              ],
              [
                116.70913222740437,
                23.34602316494646
              ],
              [
                116.4520597786739,
                23.250201784331225
              ],
              [
                116.40389541099812,
                23.199287019926928
              ],
              [
                116.40021804283406,
                22.983321748930834
              ],
              [
                116.34061721275593,
                22.91333159084978
              ],
              [
                116.08469680259968,
                22.8873782980031
              ],
              [
                115.86004928062702,
                22.83609541531267
              ],
              [
                115.70670607994343,
                22.638873659331225
              ],
              [
                115.5425138802364,
                22.695684038359545
              ],
              [
                115.30879500816609,
                22.771407686430834
              ],
              [
                115.18552688072468,
                22.745751939970873
              ],
              [
                115.04353621910359,
                22.599364839751146
              ],
              [
                114.8478117317989,
                22.510015093047045
              ],
              [
                114.5587492317989,
                22.46494825955095
              ],
              [
                114.53746322105671,
                22.674502931792162
              ],
              [
                114.30387404869343,
                22.64860113735857
              ],
              [
                113.98913863609577,
                22.552667223173998
              ],
              [
                113.84516433189656,
                22.463439546782396
              ],
              [
                113.71678451011921,
                22.482215486723803
              ],
              [
                113.53598311851765,
                22.704146944243334
              ],
              [
                113.46257308433796,
                22.7738529073781
              ],
              [
                113.3766203255489,
                22.646646105009935
              ],
              [
                113.41929152916218,
                22.570508562285326
              ],
              [
                113.39908889244343,
                22.475192629057787
              ],
              [
                113.37770369957234,
                22.16390761013689
              ],
              [
                113.28367904136921,
                22.03033026333513
              ],
              [
                113.09672072838093,
                21.97912176724138
              ],
              [
                112.87131026695515,
                22.061215959746264
              ],
              [
                112.8155622811153,
                21.934060655791185
              ],
              [
                112.81533339927937,
                21.826074205595873
              ],
              [
                112.7495222420528,
                21.756068788725756
              ],
              [
                112.47251418541218,
                21.73007734890642
              ],
              [
                112.30786422203327,
                21.678912721831225
              ],
              [
                112.03952315758015,
                21.65928991909685
              ],
              [
                111.83120253990437,
                21.754121385771654
              ],
              [
                111.73399642418171,
                21.70945509548845
              ],
              [
                111.53608230064656,
                21.49307211514177
              ],
              [
                111.43422225425984,
                21.461099230009935
              ],
              [
                111.08559707115437,
                21.479402147490404
              ],
              [
                110.74959853599812,
                21.37706335659685
              ],
              [
                110.5664167733028,
                21.230577074248217
              ],
              [
                110.36344436119343,
                21.242852770048998
              ],
              [
                110.23882583091999,
                21.28069647427263
              ],
              [
                110.23382094810749,
                21.25528486843767
              ],
              [
                110.20257094810749,
                21.096425615507982
              ],
              [
                110.07242873619343,
                20.91828878994646
              ],
              [
                110.07721999595906,
                20.867482744414232
              ],
              [
                110.29317000816609,
                20.582110964018725
              ],
              [
                110.41411879966999,
                20.5251956808156
              ],
              [
                110.43365767906452,
                20.436297975737475
              ],
              [
                110.27128890465046,
                20.315265260893725
              ],
              [
                109.9282560677364,
                20.2446723806447
              ],
              [
                109.71159652183796,
                20.568162523466967
              ],
              [
                109.60293105552937,
                20.87918051357927
              ],
              [
                109.60814956138874,
                21.057046495634935
              ],
              [
                109.78676131675984,
                21.406783662993334
              ],
              [
                109.7798185677364,
                21.482984148222826
              ],
              [
                109.51607802818562,
                21.596772752959154
              ],
              [
                109.4143171639278,
                21.56479414578142
              ],
              [
                109.32187941978718,
                21.4312015401906
              ],
              [
                109.11740401695515,
                21.39900930996599
              ],
              [
                108.81303695152546,
                21.493642412382982
              ],
              [
                108.55499556968952,
                21.823396288115404
              ],
              [
                108.46664718101765,
                21.78510435696306
              ],
              [
                108.45892623375202,
                21.708860002715014
              ],
              [
                108.38727096031452,
                21.53085287686052
              ],
              [
                108.26594069908406,
                21.47342451687517
              ],
              [
                108.11670211265827,
                21.498511873442553
              ],
              [
                107.90002730797077,
                21.47900541897478
              ],
              [
                107.87561324547077,
                21.462068163115404
              ],
              [
                107.78977492759968,
                21.402537904936693
              ],
              [
                107.41781142662312,
                21.18578680630388
              ],
              [
                107.46579268883015,
                20.976270281035326
              ],
              [
                106.23413332193499,
                21.69657754222363
              ],
              [
                105.41238593274157,
                21.902014389521984
              ],
              [
                102.97995917115581,
                20.966465635065923
              ],
              [
                101.85148057957011,
                20.532435407532958
              ],
              [
                101.657367324407,
                19.661170456991734
              ],
              [
                100.43525222252156,
                20.035752855498217
              ],
              [
                100.43059829185749,
                20.226214967924975
              ],
              [
                100.3774748177364,
                20.302108370024584
              ],
              [
                100.24482253502156,
                20.383876405913256
              ],
              [
                100.22794265390873,
                20.389056301173344
              ],
              [
                101.00763564981274,
                21.423474663076533
              ],
              [
                100.14048314646607,
                23.37456779560655
              ],
              [
                100.50179668952718,
                24.313983007565444
              ],
              [
                98.58264716014986,
                25.400880760258406
              ],
              [
                98.59203139454138,
                25.75815164462812
              ],
              [
                98.63722518394734,
                27.47874220486345
              ],
              [
                100.68162876825185,
                28.690961624015074
              ],
              [
                102.40610101767813,
                33.720672351508384
              ],
              [
                101.68757091375052,
                36.3073807256478
              ],
              [
                95.51860962044294,
                37.10197545317673
              ],
              [
                91.68578058575658,
                36.36489294650627
              ],
              [
                90,
                36.51230944784036
              ],
              [
                89.91678256974747,
                35.99635169317104
              ],
              [
                90,
                35.62781043983581
              ],
              [
                89.91678256974747,
                35.185560935833536
              ],
              [
                86.82103604173155,
                35.1118526851665
              ],
              [
                82.69337400437699,
                34.743311431831266
              ],
              [
                81.79462389462604,
                34.76804767338405
              ],
              [
                81.25281768294633,
                35.31598039377637
              ],
              [
                92.00189558901448,
                41.909952554641706
              ],
              [
                90,
                43.89717704147783
              ],
              [
                90,
                46.42637184290564
              ],
              [
                93.80846330432006,
                48.05228278668065
              ],
              [
                93.80846330432006,
                48.59425310127232
              ],
              [
                93.26649298972838,
                49.136223415863995
              ],
              [
                93.80846330432006,
                49.67819373045566
              ],
              [
                90,
                50.07330645934762
              ],
              [
                93.97500626557478,
                56.89317354345729
              ],
              [
                109.07678326070727,
                57.59886405724852
              ],
              [
                118.10962183723511,
                56.89317354345729
              ],
              [
                126.43676989997174,
                54.917240104841824
              ],
              [
                136.48705581138876,
                53.65484198208513
              ],
              [
                136.77021316002157,
                53.695357881743334
              ],
              [
                137.04065993736532,
                53.862479768950365
              ],
              [
                137.38286879967,
                53.809806429106615
              ],
              [
                137.32575515220907,
                53.74305685635271
              ],
              [
                137.12172988365438,
                53.58943899746599
              ],
              [
                137.07131484459188,
                53.48947104092302
              ],
              [
                137.2392378182247,
                53.45651587124529
              ],
              [
                137.97939589927938,
                53.464583955962084
              ],
              [
                138.23403457115438,
                53.571586214262865
              ],
              [
                138.40946486900594,
                53.80512198086443
              ],
              [
                138.416804346545,
                54.091910921294115
              ],
              [
                138.76041701744344,
                54.08589132900896
              ],
              [
                139.05166152427938,
                54.08645971890154
              ],
              [
                139.37804702232626,
                54.08039435024919
              ],
              [
                139.80591872642782,
                53.961146913725756
              ],
              [
                140.10245803306844,
                53.80170401211443
              ],
              [
                140.32129958580282,
                53.53564795132341
              ],
              [
                140.7023268074825,
                53.27686270352068
              ],
              [
                140.8936567635372,
                53.197433077055834
              ],
              [
                141.1211958260372,
                53.05163153286638
              ],
              [
                141.08967116783407,
                52.98512228604021
              ],
              [
                140.82819655845907,
                52.825248323637865
              ],
              [
                141.03197768638876,
                52.726073824126146
              ],
              [
                141.09054091881063,
                52.58686407681169
              ],
              [
                140.93949416588094,
                52.261771761137865
              ],
              [
                141.1606245369747,
                52.20920523281755
              ],
              [
                141.2570600838497,
                52.10346182461443
              ],
              [
                141.1263227791622,
                51.8716197835988
              ],
              [
                140.96988967369344,
                51.6927982198781
              ],
              [
                140.730280909045,
                51.441302858549975
              ],
              [
                140.40453628013876,
                50.827384554106615
              ],
              [
                140.32349685142782,
                50.51783712979021
              ],
              [
                140.34884170006063,
                50.41921957607927
              ],
              [
                140.45699599693563,
                50.103988252837084
              ],
              [
                140.37220290611532,
                49.69127997036638
              ],
              [
                140.3282270760372,
                49.35787924404802
              ],
              [
                140.1465864510372,
                48.72439535732927
              ],
              [
                140.08100417564657,
                48.50260504360857
              ],
              [
                139.21370986412313,
                47.81061514492693
              ],
              [
                139.046687159045,
                47.6151500570363
              ],
              [
                138.94929030845907,
                47.3224254476613
              ],
              [
                138.6849928231075,
                47.13351400967302
              ],
              [
                138.35157302330282,
                46.873160921294115
              ],
              [
                138.24288466881063,
                46.71070440884294
              ],
              [
                137.98462966392782,
                46.26929052944841
              ],
              [
                137.720515284045,
                45.99668081875505
              ],
              [
                137.29691604088094,
                45.64631613369646
              ],
              [
                136.49410537193563,
                44.966029726225756
              ],
              [
                136.28505996177938,
                44.753043733794115
              ],
              [
                136.17924025963094,
                44.54676779385271
              ],
              [
                136.03397658775594,
                44.39840658779802
              ],
              [
                135.6928053231075,
                44.22396811123552
              ],
              [
                135.41475966881063,
                44.036830507475756
              ],
              [
                135.156062159045,
                43.72116430874529
              ],
              [
                134.96242812584188,
                43.51504477139177
              ],
              [
                134.5685835213497,
                43.21221502896013
              ],
              [
                134.13894179771688,
                42.99295385952654
              ],
              [
                133.31200698326376,
                42.77939184780779
              ],
              [
                132.95279982994344,
                42.669540010649584
              ],
              [
                132.82735732506063,
                42.86189993496599
              ],
              [
                132.59443191002157,
                42.89997442837419
              ],
              [
                132.48473647545126,
                42.880492769438646
              ],
              [
                132.33309462974813,
                42.963683687407396
              ],
              [
                132.18178847740438,
                43.19463690396013
              ],
              [
                131.88309768150594,
                43.071979128081225
              ],
              [
                131.67460158775594,
                43.026603304106615
              ],
              [
                131.86515334556844,
                43.29038199063005
              ],
              [
                131.5842085213497,
                43.21272238369646
              ],
              [
                131.3567915291622,
                42.99385031338396
              ],
              [
                131.06461623619344,
                42.74924048062029
              ],
              [
                130.46761611412313,
                42.298785768706225
              ],
              [
                130.43509963463154,
                42.276759706694904
              ],
              [
                130.35991958102343,
                42.45350607486133
              ],
              [
                130.43509963473437,
                42.27675970645313
              ],
              [
                129.82471755465625,
                41.861365877107424
              ],
              [
                129.6412611337578,
                41.65584906192188
              ],
              [
                129.59070876559375,
                41.46990545840625
              ],
              [
                129.82843974469887,
                41.3958114269488
              ],
              [
                129.7595665696344,
                40.885779823913026
              ],
              [
                129.47782424410937,
                40.682025514558596
              ],
              [
                129.17704299410937,
                40.63022192569141
              ],
              [
                129.014842066375,
                40.52752264590625
              ],
              [
                128.79102614840625,
                40.35433920474414
              ],
              [
                128.44658950289843,
                40.065867982820315
              ],
              [
                128.2362318368828,
                39.96959265323047
              ],
              [
                127.93131545504687,
                39.95622595401172
              ],
              [
                127.67152694186328,
                39.86643560977344
              ],
              [
                127.55238631686328,
                39.76415976138477
              ],
              [
                127.44079879244921,
                39.62365683169727
              ],
              [
                127.54414610506075,
                39.37412331535913
              ],
              [
                127.27688888033984,
                39.2216869220293
              ],
              [
                127.4972890295773,
                39.1368089399763
              ],
              [
                127.74502619899877,
                39.118547488284776
              ],
              [
                127.99756117423516,
                38.866510115376755
              ],
              [
                128.3573517710563,
                38.68389424006355
              ],
              [
                128.36355600000013,
                38.625244
              ],
              [
                128.38916000000017,
                38.579437
              ],
              [
                128.532471,
                38.330551
              ],
              [
                128.625793,
                38.14444
              ],
              [
                128.63443,
                38.125549
              ],
              [
                128.637756,
                38.121376
              ],
              [
                128.641083,
                38.11721
              ],
              [
                128.858002,
                37.859436
              ],
              [
                128.863281,
                37.856102
              ],
              [
                128.878296,
                37.85193600000014
              ],
              [
                128.88272100000017,
                37.848045
              ],
              [
                128.998566,
                37.736107
              ],
              [
                129.010529,
                37.724434
              ],
              [
                129.049988,
                37.685822
              ],
              [
                129.063019,
                37.668884000000105
              ],
              [
                129.063019,
                37.657494
              ],
              [
                129.059967,
                37.638603
              ],
              [
                129.066376,
                37.62443500000012
              ],
              [
                129.136108,
                37.525551
              ],
              [
                129.18969700000014,
                37.46471400000013
              ],
              [
                129.258881,
                37.371376
              ],
              [
                129.342468,
                37.257217
              ],
              [
                129.3530270000001,
                37.23360400000013
              ],
              [
                129.354126,
                37.228325
              ],
              [
                129.362488,
                37.150024
              ],
              [
                129.365784,
                37.14694200000014
              ],
              [
                129.37634300000013,
                37.134995
              ],
              [
                129.429413,
                37.068329
              ],
              [
                129.433594,
                37.058884
              ],
              [
                129.43191500000012,
                37.053322
              ],
              [
                129.428589,
                37.048332
              ],
              [
                129.423859,
                37.044998000000135
              ],
              [
                129.417206,
                37.034721
              ],
              [
                129.414978,
                37.02804600000013
              ],
              [
                129.413879,
                37.02166
              ],
              [
                129.413879,
                37.016106
              ],
              [
                129.416077,
                36.942215
              ],
              [
                129.423584,
                36.899994000000106
              ],
              [
                129.427765,
                36.878876
              ],
              [
                129.43081700000016,
                36.8688810000001
              ],
              [
                129.453857,
                36.816101
              ],
              [
                129.459137,
                36.807213000000104
              ],
              [
                129.46856700000012,
                36.7888870000001
              ],
              [
                129.474976,
                36.774437
              ],
              [
                129.474976,
                36.768883
              ],
              [
                129.47302200000013,
                36.710274
              ],
              [
                129.471619,
                36.69249
              ],
              [
                129.4696960000001,
                36.685822
              ],
              [
                129.466919,
                36.679718
              ],
              [
                129.462189,
                36.676384
              ],
              [
                129.451904,
                36.671379
              ],
              [
                129.44247400000017,
                36.664711
              ],
              [
                129.438568,
                36.66027100000014
              ],
              [
                129.422211,
                36.634163
              ],
              [
                129.41775500000017,
                36.622765
              ],
              [
                129.416931,
                36.616661000000136
              ],
              [
                129.41885400000012,
                36.583054
              ],
              [
                129.41998300000012,
                36.577774
              ],
              [
                129.423035,
                36.567772
              ],
              [
                129.427185,
                36.55832700000013
              ],
              [
                129.43692,
                36.54583000000014
              ],
              [
                129.441071,
                36.53611
              ],
              [
                129.450531,
                36.506386
              ],
              [
                129.450531,
                36.500549
              ],
              [
                129.439148,
                36.40638000000013
              ],
              [
                129.438019,
                36.400269
              ],
              [
                129.435242,
                36.394157
              ],
              [
                129.41803,
                36.369713
              ],
              [
                129.405823,
                36.357216
              ],
              [
                129.390533,
                36.33940100000012
              ],
              [
                129.385254,
                36.327461
              ],
              [
                129.38192700000013,
                36.3144
              ],
              [
                129.38192700000013,
                36.308563
              ],
              [
                129.386902,
                36.036018
              ],
              [
                129.38885500000015,
                36.025742
              ],
              [
                129.394104,
                36.016579
              ],
              [
                129.398285,
                36.01296200000013
              ],
              [
                129.419037,
                36.000481
              ],
              [
                129.425537,
                35.997215
              ],
              [
                129.449982,
                35.99305
              ],
              [
                129.457184,
                35.99305
              ],
              [
                129.463013,
                35.994713000000104
              ],
              [
                129.471832,
                36
              ],
              [
                129.481628,
                36.008003
              ],
              [
                129.490265,
                36.015747
              ],
              [
                129.528137,
                36.05104100000011
              ],
              [
                129.551147,
                36.077103000000136
              ],
              [
                129.557251,
                36.078773000000126
              ],
              [
                129.5644840000001,
                36.076553000000104
              ],
              [
                129.573914,
                36.064041
              ],
              [
                129.585297,
                36.034866
              ],
              [
                129.588348,
                36.01931000000013
              ],
              [
                129.588348,
                36.007645
              ],
              [
                129.586914,
                35.999596
              ],
              [
                129.583862,
                35.988884
              ],
              [
                129.486633,
                35.683327
              ],
              [
                129.464752,
                35.644608
              ],
              [
                129.47329700000012,
                35.60277600000012
              ],
              [
                129.47525,
                35.592216
              ],
              [
                129.474396,
                35.580276
              ],
              [
                129.469421,
                35.55027
              ],
              [
                129.46637,
                35.537216000000114
              ],
              [
                129.43942300000015,
                35.475822
              ],
              [
                129.347473,
                35.344994
              ],
              [
                129.342194,
                35.342491
              ],
              [
                129.281097,
                35.30082700000014
              ],
              [
                129.277771,
                35.29583
              ],
              [
                129.241638,
                35.208885
              ],
              [
                129.237488,
                35.18990300000013
              ],
              [
                129.174683,
                35.146942
              ],
              [
                129.136932,
                35.11221300000011
              ],
              [
                128.978577,
                35.084991
              ],
              [
                128.973907,
                35.134827
              ],
              [
                128.929413,
                35.094154
              ],
              [
                128.924988,
                35.090828
              ],
              [
                128.919128,
                35.089157000000114
              ],
              [
                128.810516,
                35.08416
              ],
              [
                128.73495500000013,
                35.092766
              ],
              [
                128.7105100000001,
                35.10110500000013
              ],
              [
                128.619965,
                35.148605
              ],
              [
                128.611359,
                35.173325
              ],
              [
                128.57275400000015,
                35.169991
              ],
              [
                128.386108,
                35.042221
              ],
              [
                128.3780210000001,
                35.03611
              ],
              [
                128.371063,
                35.0094380000001
              ],
              [
                128.372467,
                35.004715
              ],
              [
                128.379395,
                35.004715
              ],
              [
                128.391083,
                35.008331
              ],
              [
                128.396088,
                35.010826
              ],
              [
                128.405243,
                35.017769
              ],
              [
                128.407196,
                35.024437
              ],
              [
                128.410522,
                35.02971600000012
              ],
              [
                128.415527,
                35.03221100000013
              ],
              [
                128.465515,
                35.05027
              ],
              [
                128.477173,
                35.05387900000011
              ],
              [
                128.483307,
                35.051102
              ],
              [
                128.487457,
                35.047493
              ],
              [
                128.501373,
                35.008331
              ],
              [
                128.4699710000001,
                34.88582600000012
              ],
              [
                128.463013,
                34.868599
              ],
              [
                128.451904,
                34.845543
              ],
              [
                128.445801,
                34.838882000000126
              ],
              [
                128.434967,
                34.834717000000126
              ],
              [
                128.408875,
                34.83194
              ],
              [
                128.40304600000013,
                34.833603
              ],
              [
                128.3355100000001,
                34.871376
              ],
              [
                128.346344,
                34.899994
              ],
              [
                128.356628,
                34.905266
              ],
              [
                128.356079,
                34.909714
              ],
              [
                128.35107400000015,
                34.9313810000001
              ],
              [
                128.34079,
                34.943604
              ],
              [
                128.329132,
                34.949432
              ],
              [
                128.22775300000012,
                34.934158
              ],
              [
                128.216064,
                34.93055
              ],
              [
                128.21109,
                34.928047000000106
              ],
              [
                128.207733,
                34.92276800000013
              ],
              [
                128.208862,
                34.911934
              ],
              [
                128.208008,
                34.899719
              ],
              [
                128.206635,
                34.894440000000145
              ],
              [
                128.203857,
                34.88832900000011
              ],
              [
                128.17636100000016,
                34.889435000000105
              ],
              [
                128.154144,
                34.894440000000145
              ],
              [
                128.072754,
                34.921661
              ],
              [
                128.06665,
                34.92443800000012
              ],
              [
                128.05609100000015,
                34.930824
              ],
              [
                128.050262,
                34.937492
              ],
              [
                128.048035,
                34.942215
              ],
              [
                128.046936,
                34.947487
              ],
              [
                128.0205380000001,
                34.986382
              ],
              [
                127.909416,
                34.955269
              ],
              [
                127.893883,
                34.947487
              ],
              [
                127.883041,
                34.943047
              ],
              [
                127.86387600000012,
                34.940269
              ],
              [
                127.830833,
                34.946655
              ],
              [
                127.767403,
                34.96028100000012
              ],
              [
                127.660812,
                34.905266
              ],
              [
                127.643051,
                34.900826
              ],
              [
                127.63526900000011,
                34.901657000000114
              ],
              [
                127.628036,
                34.903603
              ],
              [
                127.61859100000015,
                34.910545
              ],
              [
                127.6091540000001,
                34.92305
              ],
              [
                127.605553,
                34.938599000000124
              ],
              [
                127.60054,
                34.94193300000012
              ],
              [
                127.593323,
                34.941658
              ],
              [
                127.588882,
                34.938324
              ],
              [
                127.569153,
                34.91777000000013
              ],
              [
                127.568604,
                34.911934
              ],
              [
                127.576393,
                34.88694
              ],
              [
                127.60498,
                34.8491590000001
              ],
              [
                127.611366,
                34.840828
              ],
              [
                127.638603,
                34.81415600000014
              ],
              [
                127.654709,
                34.811935
              ],
              [
                127.66748,
                34.813881
              ],
              [
                127.673027,
                34.815544
              ],
              [
                127.686371,
                34.825829
              ],
              [
                127.690262,
                34.830276
              ],
              [
                127.704987,
                34.838882000000126
              ],
              [
                127.71082300000012,
                34.84054600000013
              ],
              [
                127.71720900000014,
                34.841660000000104
              ],
              [
                127.773613,
                34.84388000000013
              ],
              [
                127.77388,
                34.82638500000013
              ],
              [
                127.76944,
                34.794998
              ],
              [
                127.747757,
                34.727486
              ],
              [
                127.743874,
                34.72332
              ],
              [
                127.640823,
                34.616936
              ],
              [
                127.634987,
                34.614998
              ],
              [
                127.576393,
                34.638329
              ],
              [
                127.556374,
                34.651382000000126
              ],
              [
                127.554153,
                34.656097
              ],
              [
                127.556374,
                34.692215
              ],
              [
                127.558319,
                34.704712
              ],
              [
                127.562759,
                34.717491
              ],
              [
                127.567757,
                34.766663
              ],
              [
                127.52249100000017,
                34.856941
              ],
              [
                127.49387400000012,
                34.851662
              ],
              [
                127.41832000000011,
                34.81860400000011
              ],
              [
                127.39888,
                34.802216
              ],
              [
                127.363876,
                34.75138900000013
              ],
              [
                127.387497,
                34.701935000000105
              ],
              [
                127.391937,
                34.69832600000012
              ],
              [
                127.4086,
                34.68943
              ],
              [
                127.429428,
                34.67694100000011
              ],
              [
                127.48580900000013,
                34.641937
              ],
              [
                127.48887600000012,
                34.637772
              ],
              [
                127.51332100000013,
                34.59665700000011
              ],
              [
                127.514427,
                34.591377
              ],
              [
                127.50998700000014,
                34.578606
              ],
              [
                127.389427,
                34.4711
              ],
              [
                127.315262,
                34.443604
              ],
              [
                127.24359100000015,
                34.511383
              ],
              [
                127.16832000000011,
                34.51194
              ],
              [
                127.13970900000015,
                34.515831
              ],
              [
                127.135536,
                34.519440000000145
              ],
              [
                127.12915,
                34.527771
              ],
              [
                127.124687,
                34.537216000000114
              ],
              [
                127.123306,
                34.54805
              ],
              [
                127.125259,
                34.554993
              ],
              [
                127.13165300000014,
                34.565269
              ],
              [
                127.20166000000017,
                34.633049
              ],
              [
                127.206383,
                34.635551000000135
              ],
              [
                127.211929,
                34.632492
              ],
              [
                127.213043,
                34.627213
              ],
              [
                127.213043,
                34.620827
              ],
              [
                127.211113,
                34.614159
              ],
              [
                127.202766,
                34.596939000000134
              ],
              [
                127.19165,
                34.574715
              ],
              [
                127.192749,
                34.569443
              ],
              [
                127.20720700000015,
                34.568886
              ],
              [
                127.242203,
                34.569443
              ],
              [
                127.328598,
                34.652214
              ],
              [
                127.332489,
                34.65638000000013
              ],
              [
                127.352768,
                34.692764
              ],
              [
                127.351646,
                34.698044
              ],
              [
                127.338318,
                34.73777
              ],
              [
                127.33527400000014,
                34.74193600000012
              ],
              [
                127.328598,
                34.74305
              ],
              [
                127.27388,
                34.727486
              ],
              [
                127.21666000000016,
                34.707497
              ],
              [
                127.112488,
                34.660271
              ],
              [
                127.09166,
                34.650543
              ],
              [
                127.036926,
                34.619987
              ],
              [
                127.00972000000013,
                34.602219
              ],
              [
                126.989433,
                34.537773
              ],
              [
                126.98858600000017,
                34.531662
              ],
              [
                126.98552700000016,
                34.526382
              ],
              [
                126.966377,
                34.504166
              ],
              [
                126.93830900000012,
                34.487213
              ],
              [
                126.896942,
                34.449158
              ],
              [
                126.887772,
                34.43499
              ],
              [
                126.889427,
                34.412491
              ],
              [
                126.81694,
                34.44249
              ],
              [
                126.811653,
                34.445541000000105
              ],
              [
                126.800812,
                34.46305100000012
              ],
              [
                126.799988,
                34.491936
              ],
              [
                126.804977,
                34.529716
              ],
              [
                126.804153,
                34.558327
              ],
              [
                126.802757,
                34.569443
              ],
              [
                126.799149,
                34.579437
              ],
              [
                126.794983,
                34.583054
              ],
              [
                126.78970300000015,
                34.586105
              ],
              [
                126.783333,
                34.587212
              ],
              [
                126.777481,
                34.585548
              ],
              [
                126.772491,
                34.582771
              ],
              [
                126.765549,
                34.573326
              ],
              [
                126.756104,
                34.55777
              ],
              [
                126.683868,
                34.434433000000126
              ],
              [
                126.60027300000013,
                34.30027
              ],
              [
                126.594147,
                34.29943800000012
              ],
              [
                126.556374,
                34.300545
              ],
              [
                126.524986,
                34.316101
              ],
              [
                126.478317,
                34.345268
              ],
              [
                126.461929,
                34.473320000000115
              ],
              [
                126.461929,
                34.479156
              ],
              [
                126.463318,
                34.484718
              ],
              [
                126.39137300000016,
                34.543884000000105
              ],
              [
                126.31832900000018,
                34.564995000000124
              ],
              [
                126.31275900000014,
                34.56805400000013
              ],
              [
                126.288307,
                34.590271
              ],
              [
                126.273041,
                34.633881
              ],
              [
                126.265266,
                34.67083
              ],
              [
                126.266937,
                34.683327
              ],
              [
                126.28942900000015,
                34.742218
              ],
              [
                126.29276300000015,
                34.74749
              ],
              [
                126.296944,
                34.751106
              ],
              [
                126.303864,
                34.751106
              ],
              [
                126.311371,
                34.749161
              ],
              [
                126.31667300000015,
                34.746101000000124
              ],
              [
                126.328323,
                34.7347180000001
              ],
              [
                126.343323,
                34.712769
              ],
              [
                126.351089,
                34.699158
              ],
              [
                126.41748,
                34.595825
              ],
              [
                126.45166000000017,
                34.578049
              ],
              [
                126.43248000000017,
                34.619438000000116
              ],
              [
                126.451393,
                34.648331
              ],
              [
                126.461929,
                34.64222
              ],
              [
                126.4727630000001,
                34.637215
              ],
              [
                126.521652,
                34.616386
              ],
              [
                126.52887,
                34.614159
              ],
              [
                126.536652,
                34.61360900000011
              ],
              [
                126.606087,
                34.616661
              ],
              [
                126.612488,
                34.617767
              ],
              [
                126.618317,
                34.619438000000116
              ],
              [
                126.620247,
                34.624161
              ],
              [
                126.50305200000014,
                34.715271
              ],
              [
                126.49247700000012,
                34.721657
              ],
              [
                126.47692900000015,
                34.724991
              ],
              [
                126.494141,
                34.750549
              ],
              [
                126.608032,
                34.779434
              ],
              [
                126.62915,
                34.780548
              ],
              [
                126.634987,
                34.782211
              ],
              [
                126.660812,
                34.807495
              ],
              [
                126.65971400000012,
                34.81276700000012
              ],
              [
                126.59082000000012,
                34.877487
              ],
              [
                126.539978,
                34.873047
              ],
              [
                126.5336,
                34.8169400000001
              ],
              [
                126.531097,
                34.803879
              ],
              [
                126.5186000000001,
                34.783333
              ],
              [
                126.514999,
                34.778877
              ],
              [
                126.51053600000012,
                34.775551
              ],
              [
                126.499153,
                34.7761
              ],
              [
                126.381363,
                34.783607
              ],
              [
                126.37580900000012,
                34.785553
              ],
              [
                126.371368,
                34.789162
              ],
              [
                126.36914100000013,
                34.793884
              ],
              [
                126.371094,
                34.800545
              ],
              [
                126.378593,
                34.80915800000014
              ],
              [
                126.413307,
                34.894440000000145
              ],
              [
                126.433594,
                34.963608
              ],
              [
                126.376923,
                34.946655
              ],
              [
                126.376083,
                34.9405440000001
              ],
              [
                126.369431,
                34.930824
              ],
              [
                126.34387200000015,
                34.917496
              ],
              [
                126.338043,
                34.919441
              ],
              [
                126.33276400000011,
                34.922493
              ],
              [
                126.32248700000014,
                34.928604
              ],
              [
                126.318047,
                34.932213
              ],
              [
                126.30415300000016,
                34.961937
              ],
              [
                126.24832200000014,
                35.110275
              ],
              [
                126.249153,
                35.116661
              ],
              [
                126.251099,
                35.123322
              ],
              [
                126.25417300000015,
                35.128601
              ],
              [
                126.263611,
                35.13472
              ],
              [
                126.26944,
                35.136658
              ],
              [
                126.344994,
                35.151657
              ],
              [
                126.34942600000011,
                35.148048
              ],
              [
                126.353043,
                35.132492
              ],
              [
                126.3541560000001,
                35.127213
              ],
              [
                126.353317,
                35.120827
              ],
              [
                126.349716,
                35.116661
              ],
              [
                126.343323,
                35.106384000000105
              ],
              [
                126.34082,
                35.100273
              ],
              [
                126.343048,
                35.095543
              ],
              [
                126.359711,
                35.06916
              ],
              [
                126.41638200000011,
                35.020271
              ],
              [
                126.42109700000015,
                35.018051
              ],
              [
                126.431374,
                35.023323
              ],
              [
                126.457207,
                35.068886
              ],
              [
                126.45887800000014,
                35.090546
              ],
              [
                126.455551,
                35.094711
              ],
              [
                126.443863,
                35.100548
              ],
              [
                126.431374,
                35.1055530000001
              ],
              [
                126.42082200000016,
                35.111664
              ],
              [
                126.41137700000013,
                35.119156
              ],
              [
                126.387497,
                35.147774
              ],
              [
                126.360527,
                35.180275
              ],
              [
                126.36360200000013,
                35.227768
              ],
              [
                126.37831100000017,
                35.31221000000011
              ],
              [
                126.387497,
                35.336937
              ],
              [
                126.42192100000011,
                35.406654
              ],
              [
                126.424988,
                35.411659
              ],
              [
                126.428864,
                35.4161
              ],
              [
                126.44135300000016,
                35.430191
              ],
              [
                126.44693,
                35.447769
              ],
              [
                126.45694,
                35.462494
              ],
              [
                126.484154,
                35.501106
              ],
              [
                126.49165300000016,
                35.50972
              ],
              [
                126.496933,
                35.512497
              ],
              [
                126.523041,
                35.524994000000106
              ],
              [
                126.52887,
                35.526939
              ],
              [
                126.619431,
                35.54694400000011
              ],
              [
                126.6785890000001,
                35.532211
              ],
              [
                126.683868,
                35.528877
              ],
              [
                126.68775900000014,
                35.533333
              ],
              [
                126.687477,
                35.539162
              ],
              [
                126.674988,
                35.573608
              ],
              [
                126.669144,
                35.588043
              ],
              [
                126.664993,
                35.59166
              ],
              [
                126.6586,
                35.59415400000012
              ],
              [
                126.65109300000017,
                35.594994
              ],
              [
                126.643883,
                35.594711
              ],
              [
                126.54694400000017,
                35.58998900000012
              ],
              [
                126.535812,
                35.585548
              ],
              [
                126.52137800000014,
                35.57666
              ],
              [
                126.514999,
                35.575829
              ],
              [
                126.507217,
                35.576385
              ],
              [
                126.498596,
                35.578049
              ],
              [
                126.488037,
                35.58416
              ],
              [
                126.477203,
                35.5961
              ],
              [
                126.470833,
                35.604439
              ],
              [
                126.46859700000016,
                35.609161
              ],
              [
                126.474701,
                35.63582600000012
              ],
              [
                126.479431,
                35.639992
              ],
              [
                126.632202,
                35.736938
              ],
              [
                126.642487,
                35.742218
              ],
              [
                126.695824,
                35.766388
              ],
              [
                126.70665,
                35.770828
              ],
              [
                126.738312,
                35.776382
              ],
              [
                126.75193800000011,
                35.778328
              ],
              [
                126.80108600000017,
                35.861664
              ],
              [
                126.78830700000015,
                35.894714
              ],
              [
                126.78249400000016,
                35.89305100000013
              ],
              [
                126.733047,
                35.88249200000013
              ],
              [
                126.72580700000015,
                35.88249200000013
              ],
              [
                126.61998000000017,
                35.888603
              ],
              [
                126.615257,
                35.890831
              ],
              [
                126.614151,
                35.896103
              ],
              [
                126.614151,
                35.919441
              ],
              [
                126.615257,
                35.925827
              ],
              [
                126.628311,
                35.961937
              ],
              [
                126.631653,
                35.96720900000014
              ],
              [
                126.642487,
                35.97165700000011
              ],
              [
                126.705261,
                35.984718
              ],
              [
                126.76193200000012,
                35.99527
              ],
              [
                126.85355400000014,
                36.035271
              ],
              [
                126.86882,
                36.04306
              ],
              [
                126.872993,
                36.054718
              ],
              [
                126.871048,
                36.057777
              ],
              [
                126.869217,
                36.0606
              ],
              [
                126.8591,
                36.05555
              ],
              [
                126.739471,
                36.00580600000012
              ],
              [
                126.70726,
                36.000809
              ],
              [
                126.688873,
                35.999985
              ],
              [
                126.68533300000013,
                35.999962
              ],
              [
                126.67363000000012,
                36.00470700000011
              ],
              [
                126.544418,
                36.136406
              ],
              [
                126.536636,
                36.219162
              ],
              [
                126.495819,
                36.394157
              ],
              [
                126.480553,
                36.481102
              ],
              [
                126.464432,
                36.574715
              ],
              [
                126.46582,
                36.579994
              ],
              [
                126.474152,
                36.588043
              ],
              [
                126.500267,
                36.591934
              ],
              [
                126.506943,
                36.590828
              ],
              [
                126.51249700000017,
                36.587494
              ],
              [
                126.518883,
                36.584991
              ],
              [
                126.52469600000018,
                36.586937
              ],
              [
                126.527206,
                36.592766
              ],
              [
                126.5269320000001,
                36.598602
              ],
              [
                126.516098,
                36.659714
              ],
              [
                126.49720800000011,
                36.72387700000013
              ],
              [
                126.475273,
                36.741936
              ],
              [
                126.469437,
                36.74360700000011
              ],
              [
                126.354713,
                36.740273000000116
              ],
              [
                126.347488,
                36.73999
              ],
              [
                126.343048,
                36.736656
              ],
              [
                126.30748,
                36.697212
              ],
              [
                126.303589,
                36.692764000000125
              ],
              [
                126.304703,
                36.687492
              ],
              [
                126.309418,
                36.678329
              ],
              [
                126.322769,
                36.661659
              ],
              [
                126.334717,
                36.650269
              ],
              [
                126.336929,
                36.645546
              ],
              [
                126.315536,
                36.599434
              ],
              [
                126.293053,
                36.58194
              ],
              [
                126.299149,
                36.627769
              ],
              [
                126.298866,
                36.639435000000105
              ],
              [
                126.274986,
                36.712769
              ],
              [
                126.272774,
                36.717491
              ],
              [
                126.256104,
                36.711105
              ],
              [
                126.251389,
                36.707497
              ],
              [
                126.24832200000014,
                36.702492
              ],
              [
                126.24387400000012,
                36.689713
              ],
              [
                126.239967,
                36.68526500000013
              ],
              [
                126.234993,
                36.682495
              ],
              [
                126.2291560000001,
                36.680824
              ],
              [
                126.192749,
                36.671379
              ],
              [
                126.18609600000013,
                36.67027300000012
              ],
              [
                126.17276000000015,
                36.67276800000013
              ],
              [
                126.16609200000016,
                36.67527
              ],
              [
                126.128036,
                36.705269
              ],
              [
                126.12359600000013,
                36.70916000000011
              ],
              [
                126.12886000000015,
                36.751663
              ],
              [
                126.164261,
                36.809654
              ],
              [
                126.19166600000017,
                36.819885
              ],
              [
                126.184418,
                36.878326
              ],
              [
                126.188309,
                36.882492
              ],
              [
                126.286102,
                36.959991
              ],
              [
                126.291092,
                36.962494
              ],
              [
                126.29776,
                36.963608
              ],
              [
                126.304428,
                36.962212
              ],
              [
                126.308868,
                36.942215
              ],
              [
                126.32166300000017,
                36.884438
              ],
              [
                126.32083100000011,
                36.8780440000001
              ],
              [
                126.31442300000015,
                36.86776700000013
              ],
              [
                126.297211,
                36.843605
              ],
              [
                126.280548,
                36.815269
              ],
              [
                126.27916,
                36.809715
              ],
              [
                126.280273,
                36.804436
              ],
              [
                126.283867,
                36.79471600000011
              ],
              [
                126.28942900000015,
                36.785828
              ],
              [
                126.294434,
                36.787216
              ],
              [
                126.324707,
                36.80387900000011
              ],
              [
                126.401093,
                36.85193600000014
              ],
              [
                126.415092,
                36.896713
              ],
              [
                126.415092,
                36.912048
              ],
              [
                126.4137730000001,
                36.914883000000145
              ],
              [
                126.413597,
                36.93332700000013
              ],
              [
                126.407211,
                36.935822000000144
              ],
              [
                126.38970900000015,
                36.93055
              ],
              [
                126.38304100000016,
                36.929436
              ],
              [
                126.352768,
                36.948875
              ],
              [
                126.348328,
                36.95249200000012
              ],
              [
                126.344994,
                36.95665700000012
              ],
              [
                126.33499100000017,
                36.9855500000001
              ],
              [
                126.339706,
                36.989159
              ],
              [
                126.34999100000016,
                36.994438
              ],
              [
                126.35582,
                36.996384
              ],
              [
                126.392761,
                37.004715
              ],
              [
                126.422493,
                37.004715
              ],
              [
                126.429428,
                37.004715
              ],
              [
                126.43718700000011,
                37.002777
              ],
              [
                126.442467,
                36.99971800000014
              ],
              [
                126.44914200000017,
                36.99137900000011
              ],
              [
                126.478043,
                36.933601
              ],
              [
                126.479156,
                36.92832900000013
              ],
              [
                126.476646,
                36.922218
              ],
              [
                126.4684830000001,
                36.90638
              ],
              [
                126.461983,
                36.898216000000104
              ],
              [
                126.46215800000016,
                36.894718
              ],
              [
                126.463318,
                36.863884
              ],
              [
                126.468323,
                36.843048
              ],
              [
                126.472488,
                36.8394320000001
              ],
              [
                126.478867,
                36.839157000000114
              ],
              [
                126.483322,
                36.84249100000011
              ],
              [
                126.49054000000012,
                36.852219000000105
              ],
              [
                126.495529,
                36.864159
              ],
              [
                126.497482,
                36.870827
              ],
              [
                126.51416,
                36.941376
              ],
              [
                126.49054000000012,
                36.99554400000011
              ],
              [
                126.499153,
                37.049721
              ],
              [
                126.502487,
                37.052773
              ],
              [
                126.517761,
                37.0522160000001
              ],
              [
                126.525269,
                37.05027
              ],
              [
                126.56749000000013,
                37.024994
              ],
              [
                126.571663,
                37.02137800000014
              ],
              [
                126.61998000000017,
                36.9727630000001
              ],
              [
                126.682213,
                36.971657
              ],
              [
                126.76138300000014,
                36.969986
              ],
              [
                126.76915,
                36.969154
              ],
              [
                126.776657,
                36.967209
              ],
              [
                126.781097,
                36.963608
              ],
              [
                126.823318,
                36.913879
              ],
              [
                126.825546,
                36.90915700000011
              ],
              [
                126.830551,
                36.894157
              ],
              [
                126.83415200000013,
                36.878326
              ],
              [
                126.83415200000013,
                36.87276500000013
              ],
              [
                126.83167300000014,
                36.8597180000001
              ],
              [
                126.82887300000016,
                36.853607
              ],
              [
                126.82720900000015,
                36.841103
              ],
              [
                126.828598,
                36.765831
              ],
              [
                126.830833,
                36.761108
              ],
              [
                126.83415200000013,
                36.756943
              ],
              [
                126.83859300000017,
                36.75332600000013
              ],
              [
                126.846367,
                36.752495000000124
              ],
              [
                126.906097,
                36.81694
              ],
              [
                126.99220300000013,
                36.91082
              ],
              [
                127.000229,
                36.929718
              ],
              [
                126.921654,
                36.916939
              ],
              [
                126.914429,
                36.916939
              ],
              [
                126.908043,
                36.919441
              ],
              [
                126.870247,
                36.9469380000001
              ],
              [
                126.865807,
                36.950546
              ],
              [
                126.756104,
                37.044441
              ],
              [
                126.752777,
                37.04860700000012
              ],
              [
                126.754173,
                37.054161000000136
              ],
              [
                126.77304100000015,
                37.118599
              ],
              [
                126.776382,
                37.123604
              ],
              [
                126.782211,
                37.125549
              ],
              [
                126.819443,
                37.133881
              ],
              [
                126.853043,
                37.138046
              ],
              [
                126.85942100000011,
                37.138885
              ],
              [
                126.86525700000016,
                37.140831
              ],
              [
                126.86859100000015,
                37.145828
              ],
              [
                126.869713,
                37.172218
              ],
              [
                126.869141,
                37.176384
              ],
              [
                126.769989,
                37.174164
              ],
              [
                126.763893,
                37.172218
              ],
              [
                126.75943,
                37.168884
              ],
              [
                126.738586,
                37.14888
              ],
              [
                126.723038,
                37.131660000000124
              ],
              [
                126.718597,
                37.128044
              ],
              [
                126.70748900000012,
                37.123604
              ],
              [
                126.69442700000013,
                37.12165800000014
              ],
              [
                126.68775900000014,
                37.124435
              ],
              [
                126.661102,
                37.156097
              ],
              [
                126.660812,
                37.161934
              ],
              [
                126.658867,
                37.248604000000114
              ],
              [
                126.661926,
                37.253883
              ],
              [
                126.668053,
                37.25555400000013
              ],
              [
                126.69941700000015,
                37.262215
              ],
              [
                126.752777,
                37.24499500000013
              ],
              [
                126.766098,
                37.231934
              ],
              [
                126.85608700000012,
                37.260826
              ],
              [
                126.86192300000016,
                37.262772
              ],
              [
                126.865807,
                37.266937
              ],
              [
                126.863602,
                37.27166
              ],
              [
                126.847488,
                37.304436
              ],
              [
                126.843323,
                37.30832700000013
              ],
              [
                126.836113,
                37.308044
              ],
              [
                126.814987,
                37.297493
              ],
              [
                126.809143,
                37.295547
              ],
              [
                126.801933,
                37.295547
              ],
              [
                126.770538,
                37.30471
              ],
              [
                126.722214,
                37.328049
              ],
              [
                126.74192800000014,
                37.386787
              ],
              [
                126.7327580000001,
                37.38499500000012
              ],
              [
                126.72554000000014,
                37.38472000000013
              ],
              [
                126.71692700000017,
                37.386108
              ],
              [
                126.67276,
                37.401932
              ],
              [
                126.666092,
                37.404434
              ],
              [
                126.660812,
                37.407494
              ],
              [
                126.65637200000015,
                37.411102
              ],
              [
                126.625526,
                37.471375
              ],
              [
                126.621918,
                37.481377
              ],
              [
                126.625809,
                37.485825
              ],
              [
                126.63192700000013,
                37.487495
              ],
              [
                126.664146,
                37.483879000000115
              ],
              [
                126.670822,
                37.484993
              ],
              [
                126.67442300000016,
                37.488045
              ],
              [
                126.66277300000013,
                37.54055
              ],
              [
                126.658867,
                37.554993
              ],
              [
                126.65213000000017,
                37.56675
              ],
              [
                126.62915,
                37.591377000000136
              ],
              [
                126.572487,
                37.619987
              ],
              [
                126.55330700000013,
                37.638329
              ],
              [
                126.549988,
                37.642494
              ],
              [
                126.54749300000015,
                37.647217
              ],
              [
                126.546371,
                37.652214
              ],
              [
                126.53862505140062,
                37.686858520953095
              ],
              [
                126.52939927999468,
                37.68558085326025
              ],
              [
                126.539429,
                37.627769000000114
              ],
              [
                126.513893,
                37.59721400000012
              ],
              [
                126.501389,
                37.594437
              ],
              [
                126.448593,
                37.59221600000012
              ],
              [
                126.418869,
                37.59249100000011
              ],
              [
                126.4102630000001,
                37.59388000000013
              ],
              [
                126.397491,
                37.598877
              ],
              [
                126.38638300000014,
                37.60527
              ],
              [
                126.381927,
                37.608887
              ],
              [
                126.375259,
                37.61721
              ],
              [
                126.373032,
                37.621658
              ],
              [
                126.371918,
                37.62693800000011
              ],
              [
                126.36683750247411,
                37.687986388578764
              ],
              [
                126.33043197116015,
                37.66143377871875
              ],
              [
                126.20971969088671,
                37.75405081363086
              ],
              [
                126.07485170368547,
                37.74737094687976
              ],
              [
                125.91414762853508,
                37.80634493203153
              ],
              [
                125.76779213152307,
                37.98298444094018
              ],
              [
                125.61856691888339,
                37.77232722048581
              ],
              [
                125.48656000000983,
                37.73148529848126
              ],
              [
                125.33733478737015,
                37.68153678582816
              ],
              [
                125.07696059664843,
                37.77087362857227
              ],
              [
                124.76971724948046,
                37.935855470613284
              ],
              [
                124.69365981539843,
                38.13954123111133
              ],
              [
                124.73619368991015,
                38.2797809466875
              ],
              [
                124.92935470065234,
                38.46493872256641
              ],
              [
                125.14506384031519,
                38.61806053453313
              ],
              [
                125.29374221285937,
                38.68870123477344
              ],
              [
                125.12784554654907,
                38.80615600636019
              ],
              [
                125.29428905295487,
                39.145259780334655
              ],
              [
                125.39759881555155,
                39.37634162815059
              ],
              [
                125.32872564048708,
                39.51816698875884
              ],
              [
                125.27852008268515,
                39.53057527995488
              ],
              [
                125.19376596788477,
                39.4912741636163
              ],
              [
                124.92233565855243,
                39.61860617230285
              ],
              [
                124.95081790326992,
                39.61156679256394
              ],
              [
                124.92233565768359,
                39.61860617251758
              ]
            ],
            [
              [
                128.313599,
                38.520546
              ],
              [
                128.313599,
                38.531937
              ],
              [
                128.312744,
                38.51416
              ],
              [
                128.313599,
                38.520546
              ]
            ],
            [
              [
                128.260529,
                38.411659
              ],
              [
                128.26961771441506,
                38.42048735938179
              ],
              [
                128.279694,
                38.43027500000011
              ],
              [
                128.260529,
                38.411659
              ]
            ],
            [
              [
                127.058029,
                38.253883
              ],
              [
                127.06023042684792,
                38.255226094519315
              ],
              [
                127.068047,
                38.259995
              ],
              [
                127.058029,
                38.253883
              ]
            ]
          ],
          [
            [
              [
                126.47608900000012,
                33.22248800000011
              ],
              [
                126.445534,
                33.229431
              ],
              [
                126.424698,
                33.234718
              ],
              [
                126.416931,
                33.23555
              ],
              [
                126.34055300000011,
                33.227211
              ],
              [
                126.330833,
                33.225548
              ],
              [
                126.314697,
                33.21915400000012
              ],
              [
                126.30970800000011,
                33.216385
              ],
              [
                126.301086,
                33.209435
              ],
              [
                126.297211,
                33.205269
              ],
              [
                126.290543,
                33.195541
              ],
              [
                126.285812,
                33.193047
              ],
              [
                126.27388,
                33.190269
              ],
              [
                126.26638800000012,
                33.190826
              ],
              [
                126.261108,
                33.193878
              ],
              [
                126.226929,
                33.216385
              ],
              [
                126.20720700000015,
                33.229431
              ],
              [
                126.18609600000013,
                33.24749
              ],
              [
                126.170532,
                33.262497
              ],
              [
                126.157761,
                33.278877000000136
              ],
              [
                126.15525800000012,
                33.289436
              ],
              [
                126.158333,
                33.314713
              ],
              [
                126.176376,
                33.344154
              ],
              [
                126.183594,
                33.352776
              ],
              [
                126.270264,
                33.422768
              ],
              [
                126.312477,
                33.450272
              ],
              [
                126.31749,
                33.452774
              ],
              [
                126.372208,
                33.47304500000013
              ],
              [
                126.378036,
                33.47470900000013
              ],
              [
                126.633614,
                33.531662
              ],
              [
                126.695824,
                33.539993
              ],
              [
                126.793053,
                33.550827
              ],
              [
                126.813026,
                33.55193300000013
              ],
              [
                126.821381,
                33.550545
              ],
              [
                126.827477,
                33.547775
              ],
              [
                126.835823,
                33.54055000000011
              ],
              [
                126.839661,
                33.536369
              ],
              [
                126.890823,
                33.525269
              ],
              [
                126.898041,
                33.52332300000012
              ],
              [
                126.941093,
                33.45388
              ],
              [
                126.936653,
                33.424438
              ],
              [
                126.918869,
                33.392769
              ],
              [
                126.915817,
                33.387772
              ],
              [
                126.908333,
                33.379158
              ],
              [
                126.847488,
                33.311661
              ],
              [
                126.843048,
                33.308327
              ],
              [
                126.76470900000015,
                33.282768
              ],
              [
                126.725273,
                33.270271
              ],
              [
                126.622208,
                33.23999
              ],
              [
                126.599426,
                33.23333000000014
              ],
              [
                126.586929,
                33.231377
              ],
              [
                126.508614,
                33.223602
              ],
              [
                126.48248300000012,
                33.221375
              ],
              [
                126.47608900000012,
                33.22248800000011
              ]
            ]
          ],
          [
            [
              [
                126.65138200000013,
                34.316101
              ],
              [
                126.648041,
                34.320274
              ],
              [
                126.64582800000017,
                34.324997
              ],
              [
                126.649147,
                34.349998
              ],
              [
                126.654709,
                34.370544
              ],
              [
                126.65776100000016,
                34.375549
              ],
              [
                126.663879,
                34.382492
              ],
              [
                126.668869,
                34.384995
              ],
              [
                126.687187,
                34.388885
              ],
              [
                126.694138,
                34.38916
              ],
              [
                126.701393,
                34.38694
              ],
              [
                126.713882,
                34.37832600000013
              ],
              [
                126.73082,
                34.363884
              ],
              [
                126.77082800000017,
                34.296387
              ],
              [
                126.77498600000013,
                34.286942
              ],
              [
                126.771927,
                34.281937
              ],
              [
                126.765549,
                34.280823
              ],
              [
                126.7391510000001,
                34.278603
              ],
              [
                126.731369,
                34.279160000000104
              ],
              [
                126.70082100000013,
                34.284164
              ],
              [
                126.695534,
                34.287216
              ],
              [
                126.65138200000013,
                34.316101
              ]
            ]
          ],
          [
            [
              [
                127.111366,
                34.460274
              ],
              [
                127.1141510000001,
                34.463882000000126
              ],
              [
                127.12580900000012,
                34.471657
              ],
              [
                127.13165300000014,
                34.473602
              ],
              [
                127.199142,
                34.485268
              ],
              [
                127.213043,
                34.48555
              ],
              [
                127.222717,
                34.483627000000126
              ],
              [
                127.239433,
                34.4741590000001
              ],
              [
                127.24359100000015,
                34.470543
              ],
              [
                127.245819,
                34.465828
              ],
              [
                127.244141,
                34.453323
              ],
              [
                127.241653,
                34.447212
              ],
              [
                127.232758,
                34.43110700000011
              ],
              [
                127.22886700000015,
                34.426659
              ],
              [
                127.219437,
                34.420547
              ],
              [
                127.213608,
                34.418884
              ],
              [
                127.160538,
                34.414436
              ],
              [
                127.145828,
                34.414993
              ],
              [
                127.133614,
                34.420273
              ],
              [
                127.11580700000013,
                34.434433000000126
              ],
              [
                127.111366,
                34.460274
              ]
            ]
          ],
          [
            [
              [
                127.713043,
                34.521378
              ],
              [
                127.711929,
                34.526657
              ],
              [
                127.71582,
                34.530823
              ],
              [
                127.741364,
                34.538887
              ],
              [
                127.751099,
                34.54193900000013
              ],
              [
                127.764427,
                34.540833
              ],
              [
                127.77082800000017,
                34.53833
              ],
              [
                127.776321,
                34.533669
              ],
              [
                127.78637700000013,
                34.519440000000145
              ],
              [
                127.798317,
                34.490829
              ],
              [
                127.798317,
                34.484993000000145
              ],
              [
                127.795258,
                34.47971300000012
              ],
              [
                127.790817,
                34.47637900000012
              ],
              [
                127.785538,
                34.473877
              ],
              [
                127.780823,
                34.47470900000013
              ],
              [
                127.758331,
                34.487495
              ],
              [
                127.716087,
                34.517212
              ],
              [
                127.713043,
                34.521378
              ]
            ]
          ],
          [
            [
              [
                126.112488,
                34.378876
              ],
              [
                126.10608700000012,
                34.387215
              ],
              [
                126.101646,
                34.39666000000011
              ],
              [
                126.099152,
                34.406937
              ],
              [
                126.098877,
                34.412766
              ],
              [
                126.09971600000017,
                34.419159
              ],
              [
                126.10192900000015,
                34.424995
              ],
              [
                126.23887600000012,
                34.569992
              ],
              [
                126.243317,
                34.573326
              ],
              [
                126.253326,
                34.573051
              ],
              [
                126.27332300000012,
                34.56582600000013
              ],
              [
                126.29831700000011,
                34.555824
              ],
              [
                126.33499100000017,
                34.539993
              ],
              [
                126.376923,
                34.498878
              ],
              [
                126.380257,
                34.494713
              ],
              [
                126.38111900000013,
                34.491653
              ],
              [
                126.383331,
                34.483879
              ],
              [
                126.383614,
                34.478325
              ],
              [
                126.382751,
                34.471931
              ],
              [
                126.36775200000011,
                34.441658
              ],
              [
                126.346939,
                34.40470900000014
              ],
              [
                126.342484,
                34.401382
              ],
              [
                126.261932,
                34.37137600000011
              ],
              [
                126.25637800000015,
                34.369713
              ],
              [
                126.199142,
                34.353325
              ],
              [
                126.186653,
                34.351387
              ],
              [
                126.17970300000013,
                34.35110500000013
              ],
              [
                126.171921,
                34.35193600000014
              ],
              [
                126.150269,
                34.354439
              ],
              [
                126.1436000000001,
                34.3555530000001
              ],
              [
                126.112488,
                34.378876
              ]
            ]
          ],
          [
            [
              [
                127.74832200000014,
                34.596939000000134
              ],
              [
                127.739967,
                34.604439
              ],
              [
                127.73664900000017,
                34.608604
              ],
              [
                127.734421,
                34.613327
              ],
              [
                127.733322,
                34.61859900000013
              ],
              [
                127.73304700000017,
                34.635826
              ],
              [
                127.736923,
                34.639992
              ],
              [
                127.76805100000013,
                34.66415400000011
              ],
              [
                127.794144,
                34.661377
              ],
              [
                127.81218700000011,
                34.64138800000012
              ],
              [
                127.81275900000014,
                34.621933000000126
              ],
              [
                127.806641,
                34.5816650000001
              ],
              [
                127.803864,
                34.575554
              ],
              [
                127.799713,
                34.57222
              ],
              [
                127.793053,
                34.573326
              ],
              [
                127.78665200000012,
                34.576103
              ],
              [
                127.758614,
                34.5908280000001
              ],
              [
                127.74832200000014,
                34.596939000000134
              ]
            ]
          ],
          [
            [
              [
                125.915543,
                34.680824
              ],
              [
                125.91442900000015,
                34.685822
              ],
              [
                125.914993,
                34.692215
              ],
              [
                125.9180530000001,
                34.69748700000014
              ],
              [
                125.92330900000013,
                34.699997
              ],
              [
                125.9561000000001,
                34.712769
              ],
              [
                125.981369,
                34.716934
              ],
              [
                125.99379,
                34.707802
              ],
              [
                126.003052,
                34.700272
              ],
              [
                126.006378,
                34.696098
              ],
              [
                126.008614,
                34.691376
              ],
              [
                126.006104,
                34.685547
              ],
              [
                126.002487,
                34.681107
              ],
              [
                125.991364,
                34.668053
              ],
              [
                125.971916,
                34.647217000000126
              ],
              [
                125.96360800000014,
                34.648605
              ],
              [
                125.92637600000012,
                34.668884
              ],
              [
                125.91776300000015,
                34.676102
              ],
              [
                125.915543,
                34.680824
              ]
            ]
          ],
          [
            [
              [
                126.003052,
                34.773048
              ],
              [
                126.005257,
                34.768326000000116
              ],
              [
                126.008614,
                34.76416
              ],
              [
                126.009163,
                34.759995
              ],
              [
                126.00332600000013,
                34.75804900000014
              ],
              [
                125.995819,
                34.758606
              ],
              [
                125.988312,
                34.760551
              ],
              [
                125.983597,
                34.75804900000014
              ],
              [
                125.98027000000013,
                34.752777
              ],
              [
                125.97387700000013,
                34.751938
              ],
              [
                125.966927,
                34.75444
              ],
              [
                125.951103,
                34.756660000000124
              ],
              [
                125.945251,
                34.754715
              ],
              [
                125.94081100000017,
                34.751106
              ],
              [
                125.93830900000012,
                34.74527
              ],
              [
                125.939148,
                34.728043
              ],
              [
                125.93609600000013,
                34.722763
              ],
              [
                125.932213,
                34.718323
              ],
              [
                125.911926,
                34.716934
              ],
              [
                125.90442700000017,
                34.717766
              ],
              [
                125.890549,
                34.728043
              ],
              [
                125.88832100000013,
                34.732491
              ],
              [
                125.888893,
                34.738884
              ],
              [
                125.892212,
                34.751106
              ],
              [
                125.893883,
                34.763885
              ],
              [
                125.898041,
                34.767212
              ],
              [
                125.908333,
                34.772766
              ],
              [
                125.915268,
                34.772766
              ],
              [
                125.921654,
                34.77388000000013
              ],
              [
                125.944427,
                34.771935
              ],
              [
                125.95082100000013,
                34.773048
              ],
              [
                125.955833,
                34.775826
              ],
              [
                125.97360200000014,
                34.789719
              ],
              [
                125.9791560000001,
                34.791664
              ],
              [
                125.985527,
                34.79249600000014
              ],
              [
                125.993042,
                34.791939
              ],
              [
                126.000549,
                34.789993
              ],
              [
                126.0008160000001,
                34.791939
              ],
              [
                126.003883,
                34.789993
              ],
              [
                126.006378,
                34.785271
              ],
              [
                126.003052,
                34.773048
              ]
            ]
          ],
          [
            [
              [
                127.97971300000017,
                34.84360500000014
              ],
              [
                127.973312,
                34.851936
              ],
              [
                127.97415200000012,
                34.85833
              ],
              [
                127.976929,
                34.864159
              ],
              [
                128.007751,
                34.907768
              ],
              [
                128.017212,
                34.913879
              ],
              [
                128.024139,
                34.913879
              ],
              [
                128.03137200000015,
                34.911659
              ],
              [
                128.035797,
                34.908043
              ],
              [
                128.065765,
                34.878525
              ],
              [
                128.075806,
                34.873878
              ],
              [
                128.078857,
                34.869713
              ],
              [
                128.085785,
                34.830276
              ],
              [
                128.08081100000015,
                34.827774
              ],
              [
                128.013306,
                34.832771
              ],
              [
                127.99720800000011,
                34.835266000000104
              ],
              [
                127.989967,
                34.837212000000136
              ],
              [
                127.97971300000017,
                34.84360500000014
              ]
            ]
          ],
          [
            [
              [
                125.98526000000015,
                34.868324
              ],
              [
                126.002213,
                34.890274
              ],
              [
                126.057747,
                34.925552
              ],
              [
                126.06275900000014,
                34.928329
              ],
              [
                126.069992,
                34.92610200000013
              ],
              [
                126.075272,
                34.92305
              ],
              [
                126.076637,
                34.921349000000134
              ],
              [
                126.094437,
                34.909714
              ],
              [
                126.09108700000013,
                34.890274
              ],
              [
                126.089706,
                34.88499500000012
              ],
              [
                126.082207,
                34.866936
              ],
              [
                126.078598,
                34.862495
              ],
              [
                126.074158,
                34.859161
              ],
              [
                126.063599,
                34.854439
              ],
              [
                126.04248,
                34.85388200000011
              ],
              [
                125.993042,
                34.85833
              ],
              [
                125.986923,
                34.860825
              ],
              [
                125.983597,
                34.864998
              ],
              [
                125.98526000000015,
                34.868324
              ]
            ]
          ],
          [
            [
              [
                128.032471,
                34.817772
              ],
              [
                128.055542,
                34.813324
              ],
              [
                128.0691220000001,
                34.80832700000013
              ],
              [
                128.07330300000012,
                34.80471
              ],
              [
                128.075531,
                34.79999500000014
              ],
              [
                128.062469,
                34.706383
              ],
              [
                128.060791,
                34.701103
              ],
              [
                128.056641,
                34.69748700000014
              ],
              [
                128.044434,
                34.69499200000013
              ],
              [
                127.984993,
                34.696938
              ],
              [
                127.97720300000015,
                34.697769
              ],
              [
                127.888603,
                34.710548
              ],
              [
                127.88025700000014,
                34.712212
              ],
              [
                127.860527,
                34.719711
              ],
              [
                127.85720800000013,
                34.723877
              ],
              [
                127.852768,
                34.738884
              ],
              [
                127.82222000000013,
                34.843048
              ],
              [
                127.826927,
                34.855827
              ],
              [
                127.836929,
                34.879715
              ],
              [
                127.867752,
                34.917496
              ],
              [
                127.87552600000015,
                34.92610200000013
              ],
              [
                127.879967,
                34.92943600000012
              ],
              [
                127.885818,
                34.931107
              ],
              [
                127.898613,
                34.933052
              ],
              [
                127.915268,
                34.929993
              ],
              [
                127.92137100000014,
                34.9272160000001
              ],
              [
                127.926651,
                34.924164
              ],
              [
                127.93081700000016,
                34.920547
              ],
              [
                127.933868,
                34.91610000000014
              ],
              [
                127.93609600000013,
                34.911377
              ],
              [
                127.937714,
                34.901924
              ],
              [
                127.909714,
                34.874161
              ],
              [
                127.90664700000013,
                34.869156
              ],
              [
                127.909149,
                34.84721400000012
              ],
              [
                127.910263,
                34.841934
              ],
              [
                127.916382,
                34.832771
              ],
              [
                127.9561,
                34.800827
              ],
              [
                127.962196,
                34.798332
              ],
              [
                127.968048,
                34.79999500000014
              ],
              [
                127.990257,
                34.817215
              ],
              [
                128.00192300000015,
                34.820831
              ],
              [
                128.032471,
                34.817772
              ]
            ]
          ],
          [
            [
              [
                128.641937,
                34.70916
              ],
              [
                128.636108,
                34.707214
              ],
              [
                128.612457,
                34.701103
              ],
              [
                128.594116,
                34.697769
              ],
              [
                128.58828700000015,
                34.699432000000115
              ],
              [
                128.58523600000012,
                34.70388
              ],
              [
                128.60107400000015,
                34.760277
              ],
              [
                128.604126,
                34.80915800000014
              ],
              [
                128.60080000000016,
                34.830551
              ],
              [
                128.597748,
                34.834991
              ],
              [
                128.591919,
                34.836655
              ],
              [
                128.55218500000012,
                34.823608
              ],
              [
                128.53970300000015,
                34.81610100000012
              ],
              [
                128.53579700000012,
                34.811935
              ],
              [
                128.526093,
                34.80582400000014
              ],
              [
                128.521088,
                34.80915800000014
              ],
              [
                128.49801600000012,
                34.832214000000135
              ],
              [
                128.494965,
                34.83638
              ],
              [
                128.490509,
                34.845825000000104
              ],
              [
                128.488556,
                34.856384
              ],
              [
                128.490509,
                34.868881
              ],
              [
                128.494415,
                34.880272000000105
              ],
              [
                128.501923,
                34.887497
              ],
              [
                128.507202,
                34.889992
              ],
              [
                128.641083,
                34.95249200000012
              ],
              [
                128.663605,
                34.960274
              ],
              [
                128.71109000000013,
                34.976654
              ],
              [
                128.72821,
                34.943047
              ],
              [
                128.72995,
                34.942215
              ],
              [
                128.735229,
                34.933327
              ],
              [
                128.754425,
                34.882767
              ],
              [
                128.754425,
                34.87693800000011
              ],
              [
                128.743011,
                34.788048
              ],
              [
                128.741913,
                34.781662
              ],
              [
                128.68551600000012,
                34.724159
              ],
              [
                128.67996200000016,
                34.722214
              ],
              [
                128.641937,
                34.70916
              ]
            ]
          ],
          [
            [
              [
                126.058319,
                35.08387800000014
              ],
              [
                126.0599820000001,
                35.090828
              ],
              [
                126.063873,
                35.094994
              ],
              [
                126.068047,
                35.09860200000014
              ],
              [
                126.11747700000012,
                35.130547
              ],
              [
                126.1372070000001,
                35.14222000000012
              ],
              [
                126.14888,
                35.145828
              ],
              [
                126.155823,
                35.146103
              ],
              [
                126.162201,
                35.143326000000116
              ],
              [
                126.14971900000012,
                35.133331
              ],
              [
                126.146942,
                35.132523
              ],
              [
                126.14444000000015,
                35.08027600000014
              ],
              [
                126.11554000000012,
                35.053047
              ],
              [
                126.10608700000012,
                35.046944
              ],
              [
                126.09971600000017,
                35.04583
              ],
              [
                126.093048,
                35.047218
              ],
              [
                126.059418,
                35.055267
              ],
              [
                126.05609100000015,
                35.059433
              ],
              [
                126.058319,
                35.08387800000014
              ]
            ]
          ],
          [
            [
              [
                126.338318,
                36.434158
              ],
              [
                126.33582300000012,
                36.438599
              ],
              [
                126.32527200000015,
                36.559715
              ],
              [
                126.32499700000017,
                36.565544
              ],
              [
                126.32747700000016,
                36.571663
              ],
              [
                126.334427,
                36.581108
              ],
              [
                126.341927,
                36.588326
              ],
              [
                126.346939,
                36.591103
              ],
              [
                126.352768,
                36.592766
              ],
              [
                126.359993,
                36.593048
              ],
              [
                126.376373,
                36.590828
              ],
              [
                126.378593,
                36.586105
              ],
              [
                126.433868,
                36.41082
              ],
              [
                126.431931,
                36.403877000000136
              ],
              [
                126.428307,
                36.399719
              ],
              [
                126.42109700000015,
                36.399437
              ],
              [
                126.382202,
                36.40277100000014
              ],
              [
                126.375259,
                36.403877000000136
              ],
              [
                126.36554,
                36.41054500000013
              ],
              [
                126.338318,
                36.434158
              ]
            ]
          ],
          [
            [
              [
                126.166931,
                36.839989
              ],
              [
                126.172447,
                36.836838
              ],
              [
                126.173866,
                36.829437
              ],
              [
                126.16943400000014,
                36.82582900000011
              ],
              [
                126.163597,
                36.82416500000011
              ],
              [
                126.159149,
                36.827774
              ],
              [
                126.15804300000013,
                36.833054
              ],
              [
                126.16110200000014,
                36.838043
              ],
              [
                126.166931,
                36.839989
              ]
            ]
          ],
          [
            [
              [
                130.811646,
                37.481377
              ],
              [
                130.80581700000016,
                37.507217
              ],
              [
                130.80581700000016,
                37.513054
              ],
              [
                130.807465,
                37.518326000000116
              ],
              [
                130.838562,
                37.529991
              ],
              [
                130.844696,
                37.53138
              ],
              [
                130.912201,
                37.545547
              ],
              [
                130.919434,
                37.545273
              ],
              [
                130.924133,
                37.51915700000012
              ],
              [
                130.9220580000001,
                37.515266
              ],
              [
                130.922485,
                37.48193400000014
              ],
              [
                130.920807,
                37.476654
              ],
              [
                130.887482,
                37.453323
              ],
              [
                130.875519,
                37.449997
              ],
              [
                130.868561,
                37.450829
              ],
              [
                130.81884800000012,
                37.467766
              ],
              [
                130.815796,
                37.471931
              ],
              [
                130.811646,
                37.481377
              ]
            ]
          ],
          [
            [
              [
                124.613312,
                37.947487
              ],
              [
                124.609711,
                37.957214000000135
              ],
              [
                124.615257,
                37.968597
              ],
              [
                124.62387100000012,
                37.9741590000001
              ],
              [
                124.688873,
                37.982491
              ],
              [
                124.709991,
                37.984161
              ],
              [
                124.718048,
                37.983604
              ],
              [
                124.72554000000014,
                37.981659
              ],
              [
                124.72554000000014,
                37.97804300000013
              ],
              [
                124.73165900000015,
                37.97637900000012
              ],
              [
                124.743042,
                37.964714
              ],
              [
                124.745529,
                37.959991
              ],
              [
                124.746643,
                37.954712
              ],
              [
                124.74359100000015,
                37.949715
              ],
              [
                124.7391510000001,
                37.946098
              ],
              [
                124.701393,
                37.918053
              ],
              [
                124.695534,
                37.9161
              ],
              [
                124.651932,
                37.914436
              ],
              [
                124.643333,
                37.915825
              ],
              [
                124.63665800000012,
                37.918327
              ],
              [
                124.63304100000016,
                37.922493
              ],
              [
                124.613312,
                37.947487
              ]
            ]
          ]
        ]
      }
    },
    {
      "type": "Feature",
      "properties": {
        "Name": "Tver",
        "FromYear": 1294,
        "ToYear": 1304,
        "Area": 7059.995166416298,
        "Type": "POLITY",
        "Wikipedia": "Tver",
        "Wikidata": "Q2288",
        "SeshatID": "",
        "Components": "",
        "MemberOf": "",
        "entity_id": "tver",
        "name_en": "Tver",
        "source": "cliopatria",
        "revision_saved_at": "2026-07-05T10:00:53.142Z"
      },
      "geometry": {
        "type": "Polygon",
        "coordinates": [
          [
            [
              36.29914474487305,
              56.799827575683594
            ],
            [
              36.66921615600586,
              56.86860656738281
            ],
            [
              36.80635070800781,
              57.07511901855469
            ],
            [
              37.072513580322266,
              57.07511901855469
            ],
            [
              37.283103942871094,
              57.21294021606445
            ],
            [
              37.79916000366211,
              57.14401626586914
            ],
            [
              37.846656799316406,
              57.696231842041016
            ],
            [
              37.255943298339844,
              57.8345832824707
            ],
            [
              37.20535659790039,
              57.62710189819336
            ],
            [
              36.54853439331055,
              57.488929748535156
            ],
            [
              36.05537796020508,
              57.28189468383789
            ],
            [
              35.85660934448242,
              56.799827575683594
            ],
            [
              35.94511795043945,
              56.799827575683594
            ],
            [
              36.03362274169922,
              56.799827575683594
            ],
            [
              36.01799392700195,
              56.731075286865234
            ],
            [
              36.106449127197266,
              56.731075286865234
            ],
            [
              36.12213134765625,
              56.799827575683594
            ],
            [
              36.210636138916016,
              56.799827575683594
            ],
            [
              36.29914474487305,
              56.799827575683594
            ]
          ]
        ]
      }
    },
    {
      "type": "Feature",
      "properties": {
        "Name": "Pskov Republic",
        "FromYear": 1285,
        "ToYear": 1421,
        "Area": 22600.869647644748,
        "Type": "POLITY",
        "Wikipedia": "Pskov Republic",
        "Wikidata": "Q317078",
        "SeshatID": "",
        "Components": "",
        "MemberOf": "",
        "entity_id": "pskov",
        "name_en": "Pskov Republic",
        "source": "cliopatria",
        "revision_saved_at": "2026-07-05T10:00:53.142Z"
      },
      "geometry": {
        "type": "Polygon",
        "coordinates": [
          [
            [
              29.383460998535156,
              57.7653923034668
            ],
            [
              28.984312057495117,
              58.042335510253906
            ],
            [
              29.044050216674805,
              58.38920593261719
            ],
            [
              28.88840675354004,
              58.528167724609375
            ],
            [
              28.912445068359375,
              58.66725540161133
            ],
            [
              28.82244300842285,
              58.66725540161133
            ],
            [
              28.846500396728516,
              58.80647277832031
            ],
            [
              28.756383895874023,
              58.80647277832031
            ],
            [
              28.780460357666016,
              58.94581604003906
            ],
            [
              28.43138885498047,
              59.015533447265625
            ],
            [
              28.038253784179688,
              59.36461639404297
            ],
            [
              28.026525497436523,
              59.294734954833984
            ],
            [
              27.731943130493164,
              59.15507125854492
            ],
            [
              27.709064483642578,
              59.015533447265625
            ],
            [
              27.79935646057129,
              59.015533447265625
            ],
            [
              27.719879150390625,
              58.528167724609375
            ],
            [
              27.450220108032227,
              58.528167724609375
            ],
            [
              27.40618324279785,
              58.2503662109375
            ],
            [
              27.56344223022461,
              58.11164855957031
            ],
            [
              27.94413948059082,
              58.2503662109375
            ],
            [
              27.977479934692383,
              57.903804779052734
            ],
            [
              27.72037696838379,
              57.97305679321289
            ],
            [
              27.298233032226562,
              57.55800247192383
            ],
            [
              27.721967697143555,
              57.41988754272461
            ],
            [
              27.5580997467041,
              56.937416076660156
            ],
            [
              27.80249786376953,
              56.799827575683594
            ],
            [
              27.89100456237793,
              56.799827575683594
            ],
            [
              28.377832412719727,
              57.07511901855469
            ],
            [
              29.58440589904785,
              56.86860656738281
            ],
            [
              29.756702423095703,
              57.35087585449219
            ],
            [
              29.37146759033203,
              57.696231842041016
            ],
            [
              29.383460998535156,
              57.7653923034668
            ]
          ]
        ]
      }
    },
    {
      "id": "5919e7777823ad74862301ec2df5bb83",
      "type": "Feature",
      "properties": {
        "Name": "Principality of Smolensk",
        "FromYear": 1294,
        "ToYear": 1313,
        "Area": 151032.65149578644,
        "Type": "POLITY",
        "Wikipedia": "Principality of Smolensk",
        "Wikidata": "Q1483495",
        "SeshatID": "",
        "Components": "",
        "MemberOf": "",
        "entity_id": "smolensk",
        "name_en": "Principality of Smolensk",
        "source": "cliopatria",
        "revision_saved_at": "2026-07-05T10:00:53.142Z"
      },
      "geometry": {
        "coordinates": [
          [
            [
              29.958058624772065,
              53.324777999377034
            ],
            [
              30.0333721928873,
              53.25731889293172
            ],
            [
              29.95975044300937,
              52.785757461046956
            ],
            [
              30.20605590870761,
              52.71847764537313
            ],
            [
              30.16436889698886,
              52.44958344981649
            ],
            [
              30.399623184708588,
              52.31526795909383
            ],
            [
              30.453723221329682,
              52.11394731090047
            ],
            [
              30.95410850575351,
              52.046884932970784
            ],
            [
              31.296260147599213,
              52.58399049327352
            ],
            [
              31.478310852555268,
              52.65122453258016
            ],
            [
              31.511870651749604,
              52.85305635020711
            ],
            [
              31.900475769547455,
              53.12247697398641
            ],
            [
              32.483974055980084,
              53.98822243486764
            ],
            [
              33.82499386801564,
              54.48071421790104
            ],
            [
              35.261817619884994,
              54.781985628278306
            ],
            [
              35.943465500382416,
              54.81474534556844
            ],
            [
              36.49550560048007,
              54.95078126475789
            ],
            [
              37.1569932114748,
              55.41519612734677
            ],
            [
              36.98618247592451,
              55.88160605706006
            ],
            [
              36.97880157035567,
              55.89304281481713
            ],
            [
              36.34385540828751,
              56.60881365741943
            ],
            [
              36.34385540828751,
              56.80626394347081
            ],
            [
              36.296798019913666,
              56.79751817271688
            ],
            [
              36.208289413956635,
              56.79751817271688
            ],
            [
              36.11776298766533,
              56.78067628594477
            ],
            [
              36.106449127197266,
              56.731075286865234
            ],
            [
              36.10462917112188,
              56.731075286865234
            ],
            [
              36.104102402237885,
              56.72876588389852
            ],
            [
              36.10359325412276,
              56.72876588389852
            ],
            [
              36.0912743387056,
              56.731075286865234
            ],
            [
              36.01799392700195,
              56.731075286865234
            ],
            [
              36.02098915516494,
              56.7442515126845
            ],
            [
              36.01924186650869,
              56.744579073469666
            ],
            [
              36.02622513045003,
              56.77529895777881
            ],
            [
              35.98962877643438,
              56.79751817271688
            ],
            [
              35.85426261952304,
              56.79751817271688
            ],
            [
              35.88136534624237,
              56.86324954104774
            ],
            [
              34.28642395628141,
              57.83160681352404
            ],
            [
              33.50276417707454,
              57.962216776725185
            ],
            [
              32.525154243396855,
              57.89704278114667
            ],
            [
              32.45360113697029,
              57.488929748535156
            ],
            [
              32.452354431152344,
              57.488929748535156
            ],
            [
              32.450099031650915,
              57.486992735696646
            ],
            [
              32.45000770619296,
              57.48662034556844
            ],
            [
              32.204940156335084,
              57.27614810325569
            ],
            [
              31.278839450645442,
              57.27614810325569
            ],
            [
              30.73840480837855,
              56.98136557111012
            ],
            [
              30.765526665415255,
              56.9
            ],
            [
              30.8,
              56.9
            ],
            [
              30.8,
              56.79657999624578
            ],
            [
              30.88203948076862,
              56.5504615539399
            ],
            [
              30.83788299560547,
              56.45634460449219
            ],
            [
              30.83649762753923,
              56.456084277165864
            ],
            [
              30.835536270646088,
              56.45403520152547
            ],
            [
              30.47241774496213,
              56.38580086204941
            ],
            [
              30.46063995361328,
              56.319149017333984
            ],
            [
              30.44855308532715,
              56.25059127807617
            ],
            [
              30.536638259887695,
              56.25059127807617
            ],
            [
              30.524532318115234,
              56.182064056396484
            ],
            [
              30.512462615966797,
              56.11355972290039
            ],
            [
              30.67628288269043,
              56.04508590698242
            ],
            [
              30.655112343899894,
              55.92524088311594
            ],
            [
              30.65511234389989,
              55.92524088311594
            ],
            [
              30.6521053314209,
              55.90821838378906
            ],
            [
              30.8,
              55.77462877020304
            ],
            [
              30.8,
              55.77019962834696
            ],
            [
              30.801163940934174,
              55.769148269152424
            ],
            [
              30.8,
              55.7625429320141
            ],
            [
              30.8,
              55.7515347266104
            ],
            [
              30.767396926879883,
              55.56651306152344
            ],
            [
              30.8,
              55.55286565368187
            ],
            [
              30.8,
              55.54957392881885
            ],
            [
              30.92812088063144,
              55.49594346568563
            ],
            [
              30.943625717667572,
              55.08692018077352
            ],
            [
              30.856406479386322,
              55.08692018077352
            ],
            [
              30.809273987320893,
              54.81474534556844
            ],
            [
              30.44171073964023,
              54.50668647270468
            ],
            [
              30.366673635070654,
              54.418232411146704
            ],
            [
              29.973634329545888,
              54.11772043259555
            ],
            [
              29.958058624772065,
              53.324777999377034
            ]
          ]
        ],
        "type": "Polygon"
      }
    },
    {
      "id": "bfa98566bab9b514431a3fefab8b7949",
      "type": "Feature",
      "properties": {
        "Name": "Principality of Vladimir-Suzdal",
        "FromYear": 1294,
        "ToYear": 1304,
        "Area": 215167.69751531322,
        "Type": "POLITY",
        "Wikipedia": "Vladimir-Suzdal",
        "Wikidata": "Q83546",
        "SeshatID": "ru_vladimir_suzdal",
        "Components": "",
        "MemberOf": "",
        "entity_id": "vladimir-suzdal",
        "name_en": "Principality of Vladimir-Suzdal",
        "source": "cliopatria",
        "revision_saved_at": "2026-07-05T10:00:53.142Z"
      },
      "geometry": {
        "coordinates": [
          [
            [
              35.72545623779297,
              60.065250396728516
            ],
            [
              35.8166389465332,
              60.065250396728516
            ],
            [
              35.76533126831055,
              59.85470962524414
            ],
            [
              35.913124084472656,
              59.714515686035156
            ],
            [
              35.95899200439453,
              59.15507125854492
            ],
            [
              36.450199127197266,
              58.94581604003906
            ],
            [
              36.42213439941406,
              58.45867156982422
            ],
            [
              36.511962890625,
              58.45867156982422
            ],
            [
              36.461795806884766,
              58.2503662109375
            ],
            [
              36.551456451416016,
              58.2503662109375
            ],
            [
              36.50153350830078,
              58.042335510253906
            ],
            [
              36.591026306152344,
              58.042335510253906
            ],
            [
              36.54853439331055,
              57.488929748535156
            ],
            [
              37.20535659790039,
              57.62710189819336
            ],
            [
              37.255943298339844,
              57.8345832824707
            ],
            [
              37.846656799316406,
              57.696231842041016
            ],
            [
              37.79916000366211,
              57.14401626586914
            ],
            [
              37.84767150878906,
              56.25059127807617
            ],
            [
              38.16678237915039,
              56.11355972290039
            ],
            [
              38.33517333781222,
              55.96443644953527
            ],
            [
              38.31197683350376,
              55.8444354505353
            ],
            [
              38.42457476919195,
              55.870896658445176
            ],
            [
              38.42457476919195,
              55.84538165271221
            ],
            [
              39.83812141770768,
              55.85726020899138
            ],
            [
              40.12348684126987,
              55.97779549199099
            ],
            [
              40.33979360328922,
              56.34082868763938
            ],
            [
              42.06369400024414,
              56.524986267089844
            ],
            [
              42.00658416748047,
              56.319149017333984
            ],
            [
              42.094722747802734,
              56.319149017333984
            ],
            [
              42.05680847167969,
              56.182064056396484
            ],
            [
              42.21389389038086,
              56.11355972290039
            ],
            [
              42.245094299316406,
              55.90821838378906
            ],
            [
              42.22627258300781,
              55.83982467651367
            ],
            [
              42.072025762411904,
              55.63824784128503
            ],
            [
              40.85460449378348,
              53.739185849855986
            ],
            [
              40.63169934030931,
              51.928363455745234
            ],
            [
              40.65336776487599,
              51.61328810668965
            ],
            [
              41.15065546942718,
              51.50107530070686
            ],
            [
              41.76533849143987,
              51.431491207397606
            ],
            [
              43.62738305012273,
              52.21768779884148
            ],
            [
              43.62738305012273,
              53.91561732045638
            ],
            [
              43.10494319731815,
              54.69927709966325
            ],
            [
              43.62738305012273,
              54.96049702606554
            ],
            [
              45.325312571737626,
              54.89519204446497
            ],
            [
              45.71714246134106,
              55.287021934068406
            ],
            [
              45.58653249813992,
              57.31147636368617
            ],
            [
              45.96480886560179,
              57.734515685377644
            ],
            [
              46.016105083077896,
              60.56036534883976
            ],
            [
              46.0395393371582,
              60.628211975097656
            ],
            [
              46.23678207397461,
              61.193458557128906
            ],
            [
              46.35398864746094,
              61.264278411865234
            ],
            [
              46.261749267578125,
              61.264278411865234
            ],
            [
              46.387638092041016,
              61.618961334228516
            ],
            [
              46.253116607666016,
              61.7611083984375
            ],
            [
              46.03826500822025,
              61.781130155427036
            ],
            [
              46.04366736934393,
              62.078740020527995
            ],
            [
              45.71714246134106,
              62.20934998372915
            ],
            [
              41.211098730901526,
              61.16447027811998
            ],
            [
              41.211098730901526,
              60.446115480513676
            ],
            [
              40.949878804499235,
              60.18489555411138
            ],
            [
              39.8396941172895,
              60.1195905725108
            ],
            [
              39.29473985995336,
              60.37390255926767
            ],
            [
              39.28813171386719,
              60.416839599609375
            ],
            [
              38.981784754252295,
              60.5199482752615
            ],
            [
              37.88054466927231,
              61.03386031491883
            ],
            [
              37.09688489006543,
              61.16447027811998
            ],
            [
              36.49090077024037,
              60.76048086490328
            ],
            [
              35.84642028808594,
              60.557716369628906
            ],
            [
              35.72545623779297,
              60.065250396728516
            ]
          ]
        ],
        "type": "Polygon"
      }
    },
    {
      "type": "Feature",
      "properties": {
        "Name": "Galicia-Volhynia",
        "FromYear": 1294,
        "ToYear": 1304,
        "Area": 132427.9758688748,
        "Type": "POLITY",
        "Wikipedia": "Kingdom of Galicia-Volhynia",
        "Wikidata": "Q239502",
        "SeshatID": "",
        "Components": "",
        "MemberOf": "",
        "entity_id": "galicia-volhynia",
        "name_en": "Galicia-Volhynia",
        "source": "cliopatria",
        "revision_saved_at": "2026-07-05T10:00:53.142Z"
      },
      "geometry": {
        "type": "Polygon",
        "coordinates": [
          [
            [
              25.98684310913086,
              51.04566955566406
            ],
            [
              26.025373458862305,
              51.37968063354492
            ],
            [
              25.5323543548584,
              51.51342010498047
            ],
            [
              25.61762046813965,
              52.250450134277344
            ],
            [
              25.532371520996094,
              52.250450134277344
            ],
            [
              25.44915771484375,
              52.99003219604492
            ],
            [
              25.27767562866211,
              52.99003219604492
            ],
            [
              25.261734008789062,
              52.85536575317383
            ],
            [
              24.584125518798828,
              52.92268753051758
            ],
            [
              24.475860595703125,
              52.720787048339844
            ],
            [
              24.048059463500977,
              52.720787048339844
            ],
            [
              23.73433494567871,
              52.99003219604492
            ],
            [
              23.24071502685547,
              53.192195892333984
            ],
            [
              22.6462345123291,
              53.25962829589844
            ],
            [
              22.428829193115234,
              52.78806686401367
            ],
            [
              22.343225479125977,
              52.78806686401367
            ],
            [
              22.422412872314453,
              52.720787048339844
            ],
            [
              22.292898178100586,
              52.250450134277344
            ],
            [
              22.10417366027832,
              52.0491943359375
            ],
            [
              22.353368759155273,
              51.98215103149414
            ],
            [
              22.244068145751953,
              51.71418380737305
            ],
            [
              22.287200927734375,
              51.24601745605469
            ],
            [
              22.601627349853516,
              50.97892379760742
            ],
            [
              22.589780807495117,
              50.84549331665039
            ],
            [
              22.909141540527344,
              50.64549255371094
            ],
            [
              22.963584899902344,
              50.312522888183594
            ],
            [
              22.957704544067383,
              50.2459831237793
            ],
            [
              22.946025848388672,
              50.11296081542969
            ],
            [
              22.258319854736328,
              49.91355895996094
            ],
            [
              22.158485412597656,
              49.71431350708008
            ],
            [
              21.991121292114258,
              49.71431350708008
            ],
            [
              21.641263961791992,
              49.51522445678711
            ],
            [
              21.390560150146484,
              49.51522445678711
            ],
            [
              21.380815505981445,
              49.38258361816406
            ],
            [
              21.528257369995117,
              49.11750411987305
            ],
            [
              22.340970993041992,
              48.852684020996094
            ],
            [
              22.31052589416504,
              48.455936431884766
            ],
            [
              22.388456344604492,
              48.38986587524414
            ],
            [
              23.036075592041016,
              48.191749572753906
            ],
            [
              23.108335494995117,
              48.059749603271484
            ],
            [
              23.75934410095215,
              47.92780685424805
            ],
            [
              24.668914794921875,
              47.92780685424805
            ],
            [
              24.73976707458496,
              47.79592514038086
            ],
            [
              24.90500259399414,
              47.79592514038086
            ],
            [
              24.987621307373047,
              47.79592514038086
            ],
            [
              25.01179313659668,
              48.059749603271484
            ],
            [
              25.629480361938477,
              48.455936431884766
            ],
            [
              25.565889358520508,
              48.654239654541016
            ],
            [
              25.246307373046875,
              48.786521911621094
            ],
            [
              25.26561164855957,
              48.98506164550781
            ],
            [
              25.952173233032227,
              49.18375015258789
            ],
            [
              26.22332000732422,
              49.38258361816406
            ],
            [
              26.189617156982422,
              49.84712600708008
            ],
            [
              26.029254913330078,
              49.91355895996094
            ],
            [
              25.967002868652344,
              50.11296081542969
            ],
            [
              25.799171447753906,
              50.11296081542969
            ],
            [
              25.820768356323242,
              50.312522888183594
            ],
            [
              25.659879684448242,
              50.37908172607422
            ],
            [
              25.69625473022461,
              50.71213912963867
            ],
            [
              25.964094161987305,
              50.84549331665039
            ],
            [
              25.98684310913086,
              51.04566955566406
            ]
          ]
        ]
      }
    },
    {
      "id": "ac98aa722db67981260d0963a493f24c",
      "type": "Feature",
      "properties": {
        "Name": "Principality of Ryazan",
        "FromYear": 1099,
        "ToYear": 1226,
        "Area": 65253.5951481388,
        "Type": "POLITY",
        "Wikipedia": "Principality of Ryazan",
        "Wikidata": "Q269109",
        "SeshatID": "ru_ryazan_principality",
        "Components": "",
        "MemberOf": "",
        "entity_id": "ryazan",
        "name_en": "Ryazan",
        "source": "cliopatria",
        "cliopatria_period": "1099-1226",
        "revision_saved_at": "2026-07-05T10:00:53.142Z"
      },
      "geometry": {
        "coordinates": [
          [
            [
              35.46691605394322,
              53.77793385165363
            ],
            [
              35.932680202725805,
              53.352296976309816
            ],
            [
              36.70686556710802,
              52.88244483648592
            ],
            [
              36.854680079374184,
              52.94488009526761
            ],
            [
              36.86791023377117,
              52.96708460327662
            ],
            [
              36.89818508851979,
              52.96708460327662
            ],
            [
              36.88610809406134,
              52.94372339722193
            ],
            [
              36.72645180946407,
              52.87055797023206
            ],
            [
              36.788059093607274,
              52.83316858570589
            ],
            [
              36.87794568058928,
              52.1926362998217
            ],
            [
              36.19571144823681,
              51.52252335236804
            ],
            [
              37.067138698967085,
              51.227058691881126
            ],
            [
              37.76308769743835,
              51.143495943341065
            ],
            [
              38.39659391845257,
              51.13279905487914
            ],
            [
              38.730054577888566,
              51.02600817158323
            ],
            [
              38.79481441168033,
              51.04219813003117
            ],
            [
              40.688658878096945,
              50.97689314843059
            ],
            [
              41.741358608602546,
              51.43377577023358
            ],
            [
              41.732898463357095,
              51.435163522819096
            ],
            [
              41.15065546942718,
              51.50107530070686
            ],
            [
              40.65336776487599,
              51.61328810668965
            ],
            [
              40.63169934030931,
              51.928363455745234
            ],
            [
              40.85460449378348,
              53.739185849855986
            ],
            [
              42.07114433636003,
              55.63687290004118
            ],
            [
              42.07097365582868,
              55.63687290004118
            ],
            [
              42.22627258300781,
              55.83982467651367
            ],
            [
              42.245094299316406,
              55.90821838378906
            ],
            [
              42.21389389038086,
              56.11355972290039
            ],
            [
              42.05680847167969,
              56.182064056396484
            ],
            [
              42.094722747802734,
              56.319149017333984
            ],
            [
              42.00658416748047,
              56.319149017333984
            ],
            [
              42.04460525512695,
              56.45634460449219
            ],
            [
              42.06369400024414,
              56.524986267089844
            ],
            [
              40.33198165893555,
              56.319149017333984
            ],
            [
              40.326157780554205,
              56.31794333603699
            ],
            [
              40.12348684126987,
              55.97779549199099
            ],
            [
              39.83812141770768,
              55.85726020899138
            ],
            [
              38.42457476919195,
              55.84538165271221
            ],
            [
              38.42457476919195,
              55.776118609712434
            ],
            [
              38.4354133605957,
              55.77145767211914
            ],
            [
              38.4137361777882,
              55.68166079458724
            ],
            [
              38.29768233499002,
              55.60916529723311
            ],
            [
              37.84450149536133,
              55.498252868652344
            ],
            [
              37.8124885559082,
              55.36180877685547
            ],
            [
              37.78629712386593,
              55.35896290660426
            ],
            [
              37.15919405903897,
              55.40918656855406
            ],
            [
              37.1569932114748,
              55.41519612734677
            ],
            [
              36.49550560048007,
              54.95078126475789
            ],
            [
              36.39189524339501,
              54.92524918808245
            ],
            [
              35.89391660251468,
              54.40153543044647
            ],
            [
              35.46691605394322,
              53.77793385165363
            ]
          ]
        ],
        "type": "Polygon"
      }
    },
    {
      "type": "Feature",
      "properties": {
        "Name": "Banate of Bosnia",
        "FromYear": 1285,
        "ToYear": 1325,
        "Area": 19360.72468488727,
        "Type": "POLITY",
        "Wikipedia": "Banate of Bosnia",
        "Wikidata": "Q3627069",
        "SeshatID": "ba_bosnia_banate",
        "Components": "",
        "MemberOf": "",
        "entity_id": "bosnia",
        "name_en": "Banate of Bosnia",
        "source": "cliopatria",
        "revision_saved_at": "2026-07-05T10:00:53.142Z"
      },
      "geometry": {
        "type": "Polygon",
        "coordinates": [
          [
            [
              19.00428581237793,
              43.86341094970703
            ],
            [
              18.83355140686035,
              43.6678352355957
            ],
            [
              18.50527572631836,
              43.53750228881836
            ],
            [
              18.41588020324707,
              43.342071533203125
            ],
            [
              18.011009216308594,
              43.276947021484375
            ],
            [
              18.102752685546875,
              43.53750228881836
            ],
            [
              17.86953353881836,
              43.73301696777344
            ],
            [
              17.7999267578125,
              43.99384307861328
            ],
            [
              17.406755447387695,
              44.25482940673828
            ],
            [
              17.336252212524414,
              44.5159797668457
            ],
            [
              17.422462463378906,
              44.64661407470703
            ],
            [
              18.003917694091797,
              44.973392486572266
            ],
            [
              18.97171974182129,
              44.842647552490234
            ],
            [
              19.22174644470215,
              44.973392486572266
            ],
            [
              19.296220779418945,
              44.842647552490234
            ],
            [
              19.107723236083984,
              44.32010269165039
            ],
            [
              19.498432159423828,
              44.05907440185547
            ],
            [
              19.407573699951172,
              43.86341094970703
            ],
            [
              19.00428581237793,
              43.86341094970703
            ]
          ]
        ]
      }
    },
    {
      "type": "Feature",
      "properties": {
        "Name": "Majapahit",
        "FromYear": 1294,
        "ToYear": 1343,
        "Area": 404896.1985771,
        "Type": "POLITY",
        "Wikipedia": "Majapahit",
        "Wikidata": "Q49326",
        "SeshatID": "id_majapahit_k",
        "Components": "",
        "MemberOf": "",
        "entity_id": "majapahit",
        "name_en": "Majapahit",
        "source": "cliopatria",
        "revision_saved_at": "2026-07-05T10:00:53.142Z"
      },
      "geometry": {
        "type": "MultiPolygon",
        "coordinates": [
          [
            [
              [
                113.98636627197266,
                -6.914548873901367
              ],
              [
                113.99446105957031,
                -7.043123722076416
              ],
              [
                113.56908416748047,
                -7.235986709594727
              ],
              [
                112.69354248046875,
                -7.235986709594727
              ],
              [
                112.71458435058594,
                -7.557425022125244
              ],
              [
                113.09252166748047,
                -7.750287532806396
              ],
              [
                114.255859375,
                -7.685999870300293
              ],
              [
                114.4107437133789,
                -7.8145751953125
              ],
              [
                114.30169677734375,
                -8.328875541687012
              ],
              [
                114.48686981201172,
                -8.84317684173584
              ],
              [
                114.26774597167969,
                -8.84317684173584
              ],
              [
                114.1798095703125,
                -8.650314331054688
              ],
              [
                113.74161529541016,
                -8.650314331054688
              ],
              [
                113.20647430419922,
                -8.328875541687012
              ],
              [
                112.9874267578125,
                -8.328875541687012
              ],
              [
                112.85083770751953,
                -8.457450866699219
              ],
              [
                112.26666259765625,
                -8.457450866699219
              ],
              [
                111.8922119140625,
                -8.328875541687012
              ],
              [
                110.64639282226562,
                -8.264588356018066
              ],
              [
                109.89845275878906,
                -8.007437705993652
              ],
              [
                109.89408111572266,
                -7.943150520324707
              ],
              [
                110.01444244384766,
                -7.557425022125244
              ],
              [
                109.49128723144531,
                -7.364562034606934
              ],
              [
                109.40232849121094,
                -7.10741138458252
              ],
              [
                109.25250244140625,
                -7.043123722076416
              ],
              [
                109.2409439086914,
                -6.850261211395264
              ],
              [
                109.31388854980469,
                -6.850261211395264
              ],
              [
                110.33898162841797,
                -6.914548873901367
              ],
              [
                110.53135681152344,
                -6.464535236358643
              ],
              [
                110.89232635498047,
                -6.400247573852539
              ],
              [
                111.05307006835938,
                -6.657398223876953
              ],
              [
                111.48690795898438,
                -6.59311056137085
              ],
              [
                111.64424133300781,
                -6.78597354888916
              ],
              [
                111.93600463867188,
                -6.78597354888916
              ],
              [
                112.16267395019531,
                -6.914548873901367
              ],
              [
                112.5234603881836,
                -6.850261211395264
              ],
              [
                112.53138732910156,
                -6.978836059570312
              ],
              [
                112.60035705566406,
                -6.914548873901367
              ],
              [
                112.67330169677734,
                -6.914548873901367
              ],
              [
                113.98636627197266,
                -6.914548873901367
              ]
            ]
          ],
          [
            [
              [
                108.18035888671875,
                -2.671565055847168
              ],
              [
                108.12416076660156,
                -3.185865879058838
              ],
              [
                107.46874237060547,
                -3.185865879058838
              ],
              [
                107.45027923583984,
                -2.607277393341064
              ],
              [
                107.5230941772461,
                -2.607277393341064
              ],
              [
                107.52116394042969,
                -2.542989730834961
              ],
              [
                108.03083801269531,
                -2.542989730834961
              ],
              [
                108.18035888671875,
                -2.671565055847168
              ]
            ]
          ],
          [
            [
              [
                101.62358856201172,
                -2.542989730834961
              ],
              [
                101.69639587402344,
                -2.542989730834961
              ],
              [
                101.6982192993164,
                -2.607277393341064
              ],
              [
                101.62540435791016,
                -2.607277393341064
              ],
              [
                101.62358856201172,
                -2.542989730834961
              ]
            ]
          ],
          [
            [
              [
                106.58443450927734,
                -2.864427804946899
              ],
              [
                106.80288696289062,
                -2.864427804946899
              ],
              [
                106.80907440185547,
                -3.05729079246521
              ],
              [
                106.44921112060547,
                -3.185865879058838
              ],
              [
                105.78146362304688,
                -2.800140142440796
              ],
              [
                105.77001953125,
                -2.414414644241333
              ],
              [
                105.61727142333984,
                -2.157264232635498
              ],
              [
                105.10765838623047,
                -2.157264232635498
              ],
              [
                104.95699310302734,
                -1.964401364326477
              ],
              [
                105.24491882324219,
                -1.83582615852356
              ],
              [
                105.23716735839844,
                -1.514388203620911
              ],
              [
                105.60416412353516,
                -1.642963409423828
              ],
              [
                105.60112762451172,
                -1.514388203620911
              ],
              [
                105.96508026123047,
                -1.514388203620911
              ],
              [
                106.20686340332031,
                -2.414414644241333
              ],
              [
                106.72217559814453,
                -2.607277393341064
              ],
              [
                106.72411346435547,
                -2.671565055847168
              ],
              [
                106.5804443359375,
                -2.735852479934692
              ],
              [
                106.58443450927734,
                -2.864427804946899
              ]
            ]
          ],
          [
            [
              [
                101.6856918334961,
                1.76427698135376
              ],
              [
                101.61289978027344,
                1.76427698135376
              ],
              [
                101.68091583251953,
                1.635701775550842
              ],
              [
                102.40647888183594,
                1.571414232254028
              ],
              [
                102.39044952392578,
                1.121401190757751
              ],
              [
                102.82716369628906,
                1.121401190757751
              ],
              [
                103.11170959472656,
                0.928538501262665
              ],
              [
                103.10741424560547,
                0.799963414669037
              ],
              [
                102.96185302734375,
                0.799963414669037
              ],
              [
                102.94943237304688,
                0.414238125085831
              ],
              [
                103.09905242919922,
                0.542813181877136
              ],
              [
                103.3173828125,
                0.542813181877136
              ],
              [
                103.74205017089844,
                0.15708801150322
              ],
              [
                103.75341033935547,
                -0.035774555057287
              ],
              [
                103.39151000976562,
                -0.164349600672722
              ],
              [
                103.61084747314453,
                -0.228637129068375
              ],
              [
                103.61294555664062,
                -0.35721218585968
              ],
              [
                103.32291412353516,
                -0.421499729156494
              ],
              [
                103.32862854003906,
                -0.742937445640564
              ],
              [
                103.6247329711914,
                -1.00008761882782
              ],
              [
                104.20700073242188,
                -1.00008761882782
              ],
              [
                104.35655975341797,
                -1.192950367927551
              ],
              [
                104.52020263671875,
                -1.964401364326477
              ],
              [
                104.81305694580078,
                -2.028688907623291
              ],
              [
                104.81993865966797,
                -2.285839319229126
              ],
              [
                105.47697448730469,
                -2.350126981735229
              ],
              [
                105.63583374023438,
                -2.800140142440796
              ],
              [
                106.00804901123047,
                -3.05729079246521
              ],
              [
                105.94596099853516,
                -3.378728866577148
              ],
              [
                105.73420715332031,
                -3.57159161567688
              ],
              [
                105.89405059814453,
                -3.957317352294922
              ],
              [
                105.75579833984375,
                -4.150180339813232
              ],
              [
                105.85237121582031,
                -4.728769302368164
              ],
              [
                105.77951049804688,
                -4.728769302368164
              ],
              [
                105.68770599365234,
                -5.885946750640869
              ],
              [
                105.39286041259766,
                -5.821659088134766
              ],
              [
                105.23445892333984,
                -5.564508438110352
              ],
              [
                105.17095947265625,
                -5.757371425628662
              ],
              [
                104.80644989013672,
                -5.757371425628662
              ],
              [
                104.5055160522461,
                -5.564508438110352
              ],
              [
                104.59733581542969,
                -5.950234413146973
              ],
              [
                104.302490234375,
                -5.885946750640869
              ],
              [
                104.14104461669922,
                -5.564508438110352
              ],
              [
                103.9952621459961,
                -5.564508438110352
              ],
              [
                103.76461029052734,
                -5.307357788085938
              ],
              [
                103.7587890625,
                -5.17878246307373
              ],
              [
                102.63324737548828,
                -4.407330989837646
              ],
              [
                102.18140411376953,
                -4.021605014801025
              ],
              [
                102.09700012207031,
                -3.700166940689087
              ],
              [
                101.8740463256836,
                -3.57159161567688
              ],
              [
                101.93209838867188,
                -3.121578216552734
              ],
              [
                101.70005798339844,
                -2.671565055847168
              ],
              [
                101.76920318603516,
                -2.542989730834961
              ],
              [
                101.53076171875,
                -1.771538615226746
              ],
              [
                101.38671112060547,
                -1.83582615852356
              ],
              [
                101.38069152832031,
                -1.578675746917725
              ],
              [
                101.07856750488281,
                -1.064375281333923
              ],
              [
                100.93173217773438,
                -1.00008761882782
              ],
              [
                100.62911987304688,
                -0.35721218585968
              ],
              [
                99.9616470336914,
                0.285663068294525
              ],
              [
                99.82605743408203,
                0.60710072517395
              ],
              [
                99.67847442626953,
                0.542813181877136
              ],
              [
                99.76583862304688,
                0.992826044559479
              ],
              [
                99.49019622802734,
                1.442839026451111
              ],
              [
                99.59683990478516,
                2.342865228652954
              ],
              [
                99.83098602294922,
                2.728590965270996
              ],
              [
                100.11956787109375,
                2.664303302764893
              ],
              [
                100.11426544189453,
                2.535728216171265
              ],
              [
                100.26252746582031,
                2.600015640258789
              ],
              [
                100.3926010131836,
                2.214290142059326
              ],
              [
                100.53568267822266,
                2.150002479553223
              ],
              [
                100.68128967285156,
                2.150002479553223
              ],
              [
                100.68892669677734,
                2.342865228652954
              ],
              [
                100.90734100341797,
                2.342865228652954
              ],
              [
                101.25869750976562,
                2.021427392959595
              ],
              [
                101.33399200439453,
                2.085714817047119
              ],
              [
                101.40679168701172,
                2.085714817047119
              ],
              [
                101.69799041748047,
                2.085714817047119
              ],
              [
                101.6856918334961,
                1.76427698135376
              ]
            ]
          ],
          [
            [
              [
                104.3353500366211,
                0.028512962162495
              ],
              [
                104.55367279052734,
                0.028512962162495
              ],
              [
                104.9207992553711,
                -0.228637129068375
              ],
              [
                104.92291259765625,
                -0.35721218585968
              ],
              [
                104.41241455078125,
                -0.292924642562866
              ],
              [
                104.48625946044922,
                -0.35721218585968
              ],
              [
                104.41913604736328,
                -0.67864990234375
              ],
              [
                104.12684631347656,
                -0.614362359046936
              ],
              [
                104.12237548828125,
                -0.35721218585968
              ],
              [
                104.26792907714844,
                -0.35721218585968
              ],
              [
                104.2668685913086,
                -0.292924642562866
              ],
              [
                104.33963775634766,
                -0.292924642562866
              ],
              [
                104.3353500366211,
                0.028512962162495
              ]
            ]
          ],
          [
            [
              [
                103.18233489990234,
                0.864250957965851
              ],
              [
                103.40068054199219,
                0.864250957965851
              ],
              [
                103.39641571044922,
                0.735675871372223
              ],
              [
                103.3943099975586,
                0.671388268470764
              ],
              [
                103.17597198486328,
                0.671388268470764
              ],
              [
                103.18233489990234,
                0.864250957965851
              ]
            ]
          ]
        ]
      }
    },
    {
      "type": "Feature",
      "properties": {
        "Name": "Republic of Genoa",
        "FromYear": 1285,
        "ToYear": 1304,
        "Area": 25681.002618510418,
        "Type": "POLITY",
        "Wikipedia": "Republic of Genoa",
        "Wikidata": "Q174306",
        "SeshatID": "it_genoa_rep_2",
        "Components": "",
        "MemberOf": "",
        "entity_id": "genoa",
        "name_en": "Republic of Genoa",
        "source": "cliopatria",
        "revision_saved_at": "2026-07-05T10:00:53.142Z"
      },
      "geometry": {
        "type": "MultiPolygon",
        "coordinates": [
          [
            [
              [
                26.217344284057617,
                38.54513168334961
              ],
              [
                26.111188888549805,
                38.157840728759766
              ],
              [
                25.876405715942383,
                38.157840728759766
              ],
              [
                25.89913558959961,
                38.48057174682617
              ],
              [
                25.820756912231445,
                38.48057174682617
              ],
              [
                25.912982940673828,
                38.67427444458008
              ],
              [
                25.99143409729004,
                38.67427444458008
              ],
              [
                26.217344284057617,
                38.54513168334961
              ]
            ]
          ],
          [
            [
              [
                9.344842910766602,
                40.93837356567383
              ],
              [
                9.188016891479492,
                40.6791877746582
              ],
              [
                9.425739288330078,
                40.6791877746582
              ],
              [
                9.269030570983887,
                40.42012023925781
              ],
              [
                9.428873062133789,
                40.16116714477539
              ],
              [
                9.271716117858887,
                40.031734466552734
              ],
              [
                9.113261222839355,
                40.0964469909668
              ],
              [
                9.112258911132812,
                40.225894927978516
              ],
              [
                8.401503562927246,
                40.16116714477539
              ],
              [
                8.40076732635498,
                40.225894927978516
              ],
              [
                8.318660736083984,
                40.4848747253418
              ],
              [
                8.159523010253906,
                40.54964065551758
              ],
              [
                8.154606819152832,
                40.93837356567383
              ],
              [
                8.552037239074707,
                40.873565673828125
              ],
              [
                8.867016792297363,
                41.132843017578125
              ],
              [
                8.94644832611084,
                41.132843017578125
              ],
              [
                9.026924133300781,
                41.00318908691406
              ],
              [
                9.344842910766602,
                40.93837356567383
              ]
            ]
          ],
          [
            [
              [
                9.49340534210205,
                42.75628662109375
              ],
              [
                9.5735502243042,
                42.75628662109375
              ],
              [
                9.577608108520508,
                41.97637939453125
              ],
              [
                9.497812271118164,
                41.97637939453125
              ],
              [
                9.49889087677002,
                41.781593322753906
              ],
              [
                9.262411117553711,
                41.39224624633789
              ],
              [
                9.1038236618042,
                41.32738494873047
              ],
              [
                8.783942222595215,
                41.521995544433594
              ],
              [
                8.782108306884766,
                41.71668243408203
              ],
              [
                8.622743606567383,
                41.71668243408203
              ],
              [
                8.700496673583984,
                41.911441802978516
              ],
              [
                8.538846015930176,
                42.10627746582031
              ],
              [
                8.534564018249512,
                42.496177673339844
              ],
              [
                8.772740364074707,
                42.691246032714844
              ],
              [
                9.17282485961914,
                42.75628662109375
              ],
              [
                9.251097679138184,
                43.016544342041016
              ],
              [
                9.331360816955566,
                43.016544342041016
              ],
              [
                9.491888999938965,
                43.016544342041016
              ],
              [
                9.49340534210205,
                42.75628662109375
              ]
            ]
          ],
          [
            [
              [
                7.229573249816895,
                43.79821014404297
              ],
              [
                7.310199737548828,
                43.79821014404297
              ],
              [
                7.31143856048584,
                43.73301696777344
              ],
              [
                7.230842113494873,
                43.73301696777344
              ],
              [
                7.229573249816895,
                43.79821014404297
              ]
            ]
          ],
          [
            [
              [
                7.466696262359619,
                44.05907440185547
              ],
              [
                7.465495109558105,
                44.12431716918945
              ],
              [
                8.192523002624512,
                44.12431716918945
              ],
              [
                8.193445205688477,
                44.05907440185547
              ],
              [
                7.873558521270752,
                43.86341094970703
              ],
              [
                7.310199737548828,
                43.79821014404297
              ],
              [
                7.466696262359619,
                44.05907440185547
              ]
            ]
          ],
          [
            [
              [
                9.889463424682617,
                43.99384307861328
              ],
              [
                9.889193534851074,
                44.05907440185547
              ],
              [
                9.969943046569824,
                44.05907440185547
              ],
              [
                9.970182418823242,
                43.99384307861328
              ],
              [
                9.889463424682617,
                43.99384307861328
              ]
            ]
          ],
          [
            [
              [
                8.592522621154785,
                44.45067596435547
              ],
              [
                8.43234920501709,
                44.32010269165039
              ],
              [
                8.35147476196289,
                44.32010269165039
              ],
              [
                8.349712371826172,
                44.45067596435547
              ],
              [
                8.590126037597656,
                44.64661407470703
              ],
              [
                8.914925575256348,
                44.58129119873047
              ],
              [
                8.994627952575684,
                44.71194839477539
              ],
              [
                9.156752586364746,
                44.71194839477539
              ],
              [
                9.481462478637695,
                44.64661407470703
              ],
              [
                9.644309997558594,
                44.5159797668457
              ],
              [
                9.64546012878418,
                44.32010269165039
              ],
              [
                9.969700813293457,
                44.12431716918945
              ],
              [
                9.888919830322266,
                44.12431716918945
              ],
              [
                9.565396308898926,
                44.18956756591797
              ],
              [
                9.159077644348145,
                44.45067596435547
              ],
              [
                8.592522621154785,
                44.45067596435547
              ]
            ]
          ]
        ]
      }
    },
    {
      "type": "Feature",
      "properties": {
        "Name": "Republic of Florence",
        "FromYear": 1279,
        "ToYear": 1401,
        "Area": 10107.330132583384,
        "Type": "POLITY",
        "Wikipedia": "Republic of Florence",
        "Wikidata": "Q148540",
        "SeshatID": "it_florence_rep",
        "Components": "",
        "MemberOf": "(Holy Roman Empire)",
        "entity_id": "florence",
        "name_en": "Republic of Florence",
        "source": "cliopatria",
        "revision_saved_at": "2026-07-05T10:00:53.142Z"
      },
      "geometry": {
        "type": "Polygon",
        "coordinates": [
          [
            [
              10.857099533081055,
              43.407203674316406
            ],
            [
              11.259588241577148,
              43.472347259521484
            ],
            [
              11.580705642700195,
              43.342071533203125
            ],
            [
              11.659855842590332,
              43.146724700927734
            ],
            [
              11.900826454162598,
              43.146724700927734
            ],
            [
              11.82194709777832,
              43.342071533203125
            ],
            [
              12.144204139709473,
              43.407203674316406
            ],
            [
              12.226542472839355,
              43.6026611328125
            ],
            [
              11.744671821594238,
              43.79821014404297
            ],
            [
              11.746879577636719,
              44.12431716918945
            ],
            [
              11.505900382995605,
              44.38538360595703
            ],
            [
              11.182066917419434,
              44.32010269165039
            ],
            [
              10.858479499816895,
              44.25482940673828
            ],
            [
              10.696523666381836,
              43.79821014404297
            ],
            [
              10.615739822387695,
              43.342071533203125
            ],
            [
              10.776388168334961,
              43.211830139160156
            ],
            [
              10.857099533081055,
              43.407203674316406
            ]
          ]
        ]
      }
    },
    {
      "type": "Feature",
      "properties": {
        "Name": "Swiss Confederation",
        "FromYear": 1294,
        "ToYear": 1325,
        "Area": 2970.994549202756,
        "Type": "POLITY",
        "Wikipedia": "Switzerland",
        "Wikidata": "Q39",
        "SeshatID": "de_empire_3",
        "Components": "",
        "MemberOf": "(Holy Roman Empire)",
        "entity_id": "swiss-confederation",
        "name_en": "Swiss Confederation",
        "source": "cliopatria",
        "revision_saved_at": "2026-07-05T10:00:53.142Z"
      },
      "geometry": {
        "type": "Polygon",
        "coordinates": [
          [
            [
              8.71906566619873,
              47.26897048950195
            ],
            [
              8.883747100830078,
              47.26897048950195
            ],
            [
              8.887835502624512,
              46.94007873535156
            ],
            [
              8.723495483398438,
              46.94007873535156
            ],
            [
              8.563860893249512,
              46.61152267456055
            ],
            [
              8.399856567382812,
              46.61152267456055
            ],
            [
              8.313692092895508,
              46.87434005737305
            ],
            [
              7.983963489532471,
              46.94007873535156
            ],
            [
              7.981587409973145,
              47.07159423828125
            ],
            [
              8.063825607299805,
              47.07159423828125
            ],
            [
              8.062666893005371,
              47.13737487792969
            ],
            [
              8.636725425720215,
              47.26897048950195
            ],
            [
              8.71906566619873,
              47.26897048950195
            ]
          ]
        ]
      }
    },
    {
      "type": "Feature",
      "properties": {
        "entity_id": "polotsk",
        "name_en": "Principality of Polotsk",
        "source": "manual-revision",
        "manual_added_at": "2026-07-04T21:21:13.288Z",
        "manual_note": "Gap fill between Golden Horde and Smolensk",
        "revision_saved_at": "2026-07-05T10:00:53.142Z"
      },
      "geometry": {
        "type": "MultiPolygon",
        "coordinates": [
          [
            [
              [
                27.301137649979484,
                55.35232691566898
              ],
              [
                27.65346456564847,
                55
              ],
              [
                30.8,
                55
              ],
              [
                30.8,
                55.55286565368187
              ],
              [
                30.767396926879883,
                55.56651306152344
              ],
              [
                30.8,
                55.7515347266104
              ],
              [
                30.8,
                55.77462877020304
              ],
              [
                30.6521053314209,
                55.90821838378906
              ],
              [
                30.65511234389989,
                55.92524088311594
              ],
              [
                29.948191996287896,
                56.537905184379674
              ],
              [
                29.05952921007661,
                56.537905184379674
              ],
              [
                28.812678436129033,
                56.88349626790629
              ],
              [
                28.09257247665585,
                56.792404743476695
              ],
              [
                28.017410311051872,
                56.566918246664756
              ],
              [
                27.822714884755612,
                56.72547289814264
              ],
              [
                27.60590255435066,
                56.706888984107934
              ],
              [
                27.65084223773919,
                56.27996199191689
              ],
              [
                27.37053292420636,
                55.71934336485123
              ],
              [
                27.301137649979484,
                55.35232691566898
              ]
            ]
          ],
          [
            [
              [
                30.765526665415255,
                56.9
              ],
              [
                30.8,
                56.79657999624577
              ],
              [
                30.8,
                56.9
              ],
              [
                30.765526665415255,
                56.9
              ]
            ]
          ]
        ]
      }
    },
    {
      "id": "e731e78c14052f22ab2e0708ba059f21",
      "type": "Feature",
      "properties": {
        "entity_id": "chernigov",
        "name_en": "Principality of Chernigov",
        "source": "manual-revision",
        "manual_added_at": "2026-07-04T21:21:13.332Z",
        "manual_note": "Gap fill between Golden Horde and Smolensk",
        "revision_saved_at": "2026-07-05T10:00:53.142Z"
      },
      "geometry": {
        "coordinates": [
          [
            [
              28.236204615577876,
              49.767084603276615
            ],
            [
              35.986311802207275,
              49.21346444489092
            ],
            [
              37.03157990846486,
              49.73609849801971
            ],
            [
              38.1417645956746,
              49.60548853481856
            ],
            [
              38.27237455887575,
              50.91158816683002
            ],
            [
              38.730054577888566,
              51.02600817158323
            ],
            [
              38.39659391845257,
              51.13279905487914
            ],
            [
              37.76308769743835,
              51.143495943341065
            ],
            [
              37.067138698967085,
              51.227058691881126
            ],
            [
              36.19571144823681,
              51.52252335236804
            ],
            [
              36.87794568058928,
              52.1926362998217
            ],
            [
              36.866959547335384,
              52.27092354247286
            ],
            [
              35.02887557309433,
              52.57624990050973
            ],
            [
              34.57569473346564,
              52.46533747192896
            ],
            [
              34.543681794012514,
              52.32889338013209
            ],
            [
              34.51749036197024,
              52.32604750988088
            ],
            [
              33.89038729714328,
              52.37627117183068
            ],
            [
              33.71234153341936,
              52.86243682106046
            ],
            [
              33.61951055493815,
              52.96708460327662
            ],
            [
              33.136816275836026,
              52.96708460327662
            ],
            [
              33.37670867999884,
              52.19255228516138
            ],
            [
              33.229045563543764,
              51.92017527100123
            ],
            [
              32.67700546344611,
              51.784139351811774
            ],
            [
              32.64784591754767,
              51.64820642944849
            ],
            [
              31.740344696844545,
              51.0377099084524
            ],
            [
              31.71297805866095,
              50.902311043706305
            ],
            [
              30.7322041328797,
              50.29417200562037
            ],
            [
              28.634015732611147,
              50.09187098022974
            ],
            [
              28.245410614813295,
              49.822450356450446
            ],
            [
              28.236204615577876,
              49.767084603276615
            ]
          ]
        ],
        "type": "Polygon"
      }
    }
  ]
}